"path","category","source_url","access","status","size_bytes","sha256","modified_at"
".gitignore","local","","local","generated","582","f0f40dfdcc035533ae27c97428dc9e68520d7d92dce6197be6b58ccb0d00049c","2026-07-30 10:03:09 +08:00"
"00_索引与说明/Linux驱动学习总计划.md","local","","local","generated","13665","3086f182f61d8da66cb3823b5ed843ba7232cb1fae3ca2dba412341345d77bde","2026-08-03 20:59:00 +08:00"
"00_索引与说明/sources/asset-download-status.json","local","","local","generated","20567","29763ca783afa36ba14c62b2d5791596c7a89cfca2ecb51fb3b09a1ca922b967","2026-07-19 15:17:54 +08:00"
"00_索引与说明/sources/baidu-public-index.csv","local","","local","generated","296216","80d69bbbfead0e4848be714f564ac1f795c0dcfea84f5b87b8fc34cdca9006d5","2026-07-23 16:07:39 +08:00"
"00_索引与说明/sources/baidu-public-index.json","local","","local","generated","633124","5b46bba30713ac5bb4b93706558dd7411eb78c9ed1a8da2f09750c3817119df0","2026-07-23 16:07:39 +08:00"
"00_索引与说明/sources/downloaded-materials.json","local","","local","generated","7383","79dda93b7371b2e17af17dacdfcaa60b53087c7b1fcacbe8653b1678692e93dd","2026-07-19 18:13:22 +08:00"
"00_索引与说明/sources/download-status.json","local","","local","generated","28436","08c4e61114acbb41555ed31bbc14515c584fd762a3d42bff3d5e4470922afa8b","2026-07-19 15:30:52 +08:00"
"00_索引与说明/sources/repository-status.json","local","","local","generated","3727","9046fea9b3248c345db0eb92f69b11c6cfd064dd2fceacd1c38b243d8497330b","2026-07-19 18:15:44 +08:00"
"00_索引与说明/sources/sources.json","local","","local","generated","16503","eb9be96202bc3e9d58d1af05c400db2cde2d9f0d11bf8c69b4f373b10973173e","2026-07-19 15:30:47 +08:00"
"00_索引与说明/SSH第一课-自己验证系统状态.md","local","","local","generated","3215","ea8d5a0f30b621857064021a930d6941f3bb2c966ddbb7b5a77c25e9c346e0da","2026-07-24 21:14:18 +08:00"
"00_索引与说明/verification-report.json","local","","local","generated","33817","a348ce9758ee31ee94e4a063088b6b007428182acc12611b6d39b858ab8f361c","2026-07-26 22:44:32 +08:00"
"00_索引与说明/草稿/2026-07-23-学习路线草稿.md","local","","local","generated","2540","edca5c6fbcf2cc292711fcb02c6e646b41d8c25013d17a7d3c97fc02201126f2","2026-07-23 23:56:23 +08:00"
"00_索引与说明/常用命令到底在干什么.md","local","","local","generated","10550","9983c4bfcd2439761cd9ec8225d95fe9b4e073403ec66937b6203ea0b20b21c7","2026-07-25 20:36:25 +08:00"
"00_索引与说明/串口工具使用指南.md","local","","local","generated","8385","03882a80c66eec68963c9cc68591926d89213ec166de169d74a599444200cb63","2026-07-24 21:14:18 +08:00"
"00_索引与说明/当前网盘下载清单.md","local","","local","generated","4309","f9febb44c4a8d66b30c56bab897dbcd83b1792f7103c2747eab9b87041c3f901","2026-08-03 21:00:10 +08:00"
"00_索引与说明/第2课-WiFi开机自动重连.md","local","","local","generated","4142","8ba39d55ac8474beb245fb2b474d7036b5b5e17cf72fd5cdf567dbf28aff5648","2026-07-25 20:36:25 +08:00"
"00_索引与说明/第2课-WiFi自动重连-实操命令.md","local","","local","generated","6300","7ac45ba3fc015e0c4769e99985cb2d48a334022175c4b156a18f7450c923b6e4","2026-07-25 20:36:25 +08:00"
"00_索引与说明/第3课-第一个用户态程序.md","local","","local","generated","3972","3f00603541644780cf7142c2a0adb034a1e534f17b0cff331536adb47559386f","2026-07-25 20:18:53 +08:00"
"00_索引与说明/第3课-实操命令.md","local","","local","generated","2127","d2a9904d042c034ffcdede133c34ab1b548b5d5bd805dae93204d9cb2ef4d6c1","2026-07-25 20:18:53 +08:00"
"00_索引与说明/第4课-实操命令.md","local","","local","generated","1190","8c2ff87cc4ea256e568e5938c2461470541141e2c577f450f877b708a8a7fcaa","2026-07-25 21:54:02 +08:00"
"00_索引与说明/第4课-文件权限与持久化.md","local","","local","generated","3307","4e6a3df3a5adae888ae59944e63b7a4343aaf9ea89f73ade954d2a4a730fb194","2026-07-25 21:54:02 +08:00"
"00_索引与说明/第5课-GPIO按键LED入门.md","local","","local","generated","6240","064c332c5b84b8395bd82517d6a09d6fd7f46c350c873f5a05e46f8e8f2e890f","2026-07-26 22:02:04 +08:00"
"00_索引与说明/第5课-实操命令.md","local","","local","generated","2190","654fa71341314f7aaa9543c25a1154f09448c8be4ff850f090516afe307b2475","2026-07-26 22:02:04 +08:00"
"00_索引与说明/第6课-C用户态程序与交叉编译.md","local","","local","generated","4410","b5740e2be008db6555dfead9d6f0287ef0b4a313538632d3168af29891cfaffb","2026-07-29 16:29:54 +08:00"
"00_索引与说明/第7课-设备树入门.md","local","","local","generated","6720","c442214649f6dacc79642467eddb72032c14f604a354e9021730f8114075b8af","2026-07-29 17:10:43 +08:00"
"00_索引与说明/分步下载计划.md","local","","local","generated","17592","d2d547c924ffb87f27d246c9ede77ebb7dc4e376b29f0ee57c78a5f18b95b240","2026-08-03 20:59:00 +08:00"
"00_索引与说明/启动流程-从通电到联网.md","local","","local","generated","12193","2a1e8c8cea4e91542edbafbab109dd54ede0d333a5e8ba75e78363f9f18850ce","2026-07-30 10:03:09 +08:00"
"00_索引与说明/外设模块盘点模板.md","local","","local","generated","1860","9cab0047f4fad8c68582038779cf6727a884a1eb968397e746c283d4498d1369","2026-07-31 09:22:20 +08:00"
"00_索引与说明/网络基础补充说明.md","local","","local","generated","5980","91f1fdab277eb2d6a99b51741090ac1385252fac12249a756432e849705dc423","2026-07-24 11:30:44 +08:00"
"00_索引与说明/未下载资料状态.md","local","","local","generated","3156","0ac5842948465839730ceef890a670bc5f9b916c73aed21bf3ac4cc9e3de7bea","2026-08-03 21:00:32 +08:00"
"00_索引与说明/下一步学习计划.md","local","","local","generated","5060","8775e92826e42bd3c31711df80f840e1675037c653e7d9404f7f353fcb0e41fc","2026-08-03 20:59:00 +08:00"
"00_索引与说明/需登录下载说明.md","local","","local","generated","413","e14708e164814de9a09e4a9fdd568b302ae70953cc267abf9150d67f1339ecd1","2026-07-19 15:07:21 +08:00"
"00_索引与说明/学习记录/2026-07-24-第2课学习记录.md","local","","local","generated","4429","3c494ee363cd46165bc633dc71f7f86a376b2bcac0d36b0387539828d5266002","2026-07-24 21:14:18 +08:00"
"00_索引与说明/学习记录/2026-07-25-第3课学习记录.md","local","","local","generated","4093","3a2da73a2d0330b9dc4c55c1686f574e4d572fe338cfe974d588d99697ca7c61","2026-07-25 20:18:53 +08:00"
"00_索引与说明/学习记录/2026-07-25-第4课学习记录.md","local","","local","generated","1869","26dcf02ded3111dad4618634f4cb9f6652c7c1c4cb83977bad8f1f2b7d2a5819","2026-07-25 21:54:02 +08:00"
"00_索引与说明/学习记录/2026-07-26-第5课学习记录.md","local","","local","generated","3013","02c3445be0ce8ebc83a7c0c8aeed875f8f411387ba2bdc5ee32571867fb3c8f3","2026-07-26 22:02:04 +08:00"
"00_索引与说明/学习记录/2026-07-29-Ubuntu2204-VMware开发环境记录.md","local","","local","generated","5152","7ebf21c3c15f8d8612b84df7d0c06a6362949395e43b5c8c80fc411618a42381","2026-07-30 10:03:09 +08:00"
"00_索引与说明/学习记录/2026-07-29-WiFi同名SSID与BSSID排障记录.md","local","","local","generated","7054","d2f879b789c83557535c22edfd492f8a80f081134e693edec416dac9889f7322","2026-07-29 10:16:06 +08:00"
"00_索引与说明/学习记录/2026-07-29-第6课-C用户态程序与交叉编译.md","local","","local","generated","2237","359905d406e96344eb934696be67deef4068bc9ea9a150d58d71565f32bdecd6","2026-07-29 16:29:54 +08:00"
"00_索引与说明/学习记录/2026-07-29-第7课设备树入门学习记录.md","local","","local","generated","2186","0fd189f6f5512d142b4e5a6d84f828c71c64526a9b7856fdb45ba34145d39ec7","2026-07-29 17:10:43 +08:00"
"00_索引与说明/学习记录/2026-07-30-前7课知识考核总结.md","local","","local","generated","8830","1838f59ca02e2c647194e98f44123bfa4f3865dd94b9ea630514c052d50aacb3","2026-07-30 16:06:17 +08:00"
"00_索引与说明/学习记录/2026-08-03-第8课显示链路学习记录.md","local","","local","generated","6709","50a2d9f2fef34c90dafd31ff1d862be85610ef9c4003eab08ad7ee9ac7413d90","2026-08-03 21:01:00 +08:00"
"00_索引与说明/学习记录/附件/截图/2026-07-23-RKDevTool界面.png","local","","local","generated","23423","23eac44bf9865a8a0ab19c4e77b6e9091b3d53b86294003c678519f737d4fe07","2026-07-23 20:08:48 +08:00"
"00_索引与说明/学习记录/附件/截图/2026-07-23-显示器显示效果.jpg","local","","local","generated","1574445","4044ef0b39c5f36e4122706c16cef6a1f289921db9bcf79cb81afa3bf7856937","2026-07-23 18:34:30 +08:00"
"00_索引与说明/学习记录/附件/截图/2026-07-29-Ubuntu升级提示.png","local","","local","generated","20344","f000959b7059f1efb84b1719bdd18dc6fee49b76b32cffd1bc8b6e0e3e396cf8","2026-07-29 14:51:56 +08:00"
"00_索引与说明/学习记录/附件/截图/2026-07-29-Ubuntu桌面.png","local","","local","generated","793016","a4a68dc8ccf08b78346cead6a9e256a65be37df8aa559bf7180d385166c21b44","2026-07-29 12:24:15 +08:00"
"00_索引与说明/学习记录/附件/截图/2026-07-29-VMware硬件选项.png","local","","local","generated","53760","2a3e7458258f08f0276d800d8fac857b8de07868d67b51b39b431ae921a7aefd","2026-07-29 11:47:16 +08:00"
"00_索引与说明/学习记录/附件/日志/2026-07-23-Buildroot烧录启动日志.txt","local","","local","generated","101135","68225ddba9ab48d4402de939ae89eb238cccb387e282d73549907c3ad9b37fd9","2026-07-23 20:17:22 +08:00"
"00_索引与说明/学习记录/附件/日志/2026-07-24-串口输出.txt","local","","local","generated","100818","a64e1206e7484b77b7d0447fdd8ee6edd9d2c9c90f80579ab46a7ccc75acd12d","2026-07-24 16:25:30 +08:00"
"00_索引与说明/学习记录/附件/日志/2026-07-24-第2课重启验证.log","local","","local","generated","98184","e4bc75c92650ec1bbcf6eb0fb6683ae52a05c15b4c54523d7ceb489c67a5ef46","2026-07-24 16:23:09 +08:00"
"00_索引与说明/学习进度总览.md","local","","local","generated","18234","0a2d503171242de0e8da197006aa59de59f79af718ebb3f9946abfdfcef25901","2026-08-03 20:59:00 +08:00"
"00_索引与说明/学习路线.md","local","","local","generated","3434","6c38dc2451b769fc45c63f8fa21cd1e4f6b4df53dc9e27a8e93fc358b6567456","2026-08-03 20:59:00 +08:00"
"01_Wiki离线文档/documentation/buildroot-add-ffmpeg.md","wiki","https://wiki.lckfb.com/zh-hans/tspi-rk3566/documentation/buildroot-add-ffmpeg.html","public","downloaded","15730","bea44384bf70d1c2de2a80549700dc741b7ffd5a04366b7596b4b2227ee17fb2","2026-07-19 15:17:54 +08:00"
"01_Wiki离线文档/documentation/extraction-board-system.md","wiki","https://wiki.lckfb.com/zh-hans/tspi-rk3566/documentation/extraction-board-system.html","public","downloaded","9207","adeccfe0c6c564976236fdfce8c1cf588602cf13e8113a19143dcf3bb66960df","2026-07-19 15:17:54 +08:00"
"01_Wiki离线文档/documentation/gj-8g-memory-compiling-android-firmware.md","wiki","https://wiki.lckfb.com/zh-hans/tspi-rk3566/documentation/gj-8g-memory-compiling-android-firmware.html","public","downloaded","12489","8374138cf2a1fdc4846c115092ec33618ca898882cd87f4ad133af14d5de8e3a","2026-07-19 15:17:54 +08:00"
"01_Wiki离线文档/documentation/gj-opencv-face-recognition.md","wiki","https://wiki.lckfb.com/zh-hans/tspi-rk3566/documentation/gj-opencv-face-recognition.html","public","downloaded","12304","53447cb21d3cf72bd62c16106e28c438aff81ac300c1c1468ebaae3851ada02d","2026-07-19 15:17:54 +08:00"
"01_Wiki离线文档/documentation/gj-opencv-face-recognition-haar-lpbh.md","wiki","https://wiki.lckfb.com/zh-hans/tspi-rk3566/documentation/gj-opencv-face-recognition-haar-lpbh.html","public","downloaded","15120","82f8327d4e1e493f03e54e403d00377bc7421772ce3c97a4508ef0984c44d2a5","2026-07-19 15:17:54 +08:00"
"01_Wiki离线文档/documentation/gj-porting-raspberrypi-to-opencv.md","wiki","https://wiki.lckfb.com/zh-hans/tspi-rk3566/documentation/gj-porting-raspberrypi-to-opencv.html","public","downloaded","12151","a97ad0195ff39dd3ee664e945d68b8289db8ca0af7a7223ddc85fb3d48167cb5","2026-07-19 15:17:54 +08:00"
"01_Wiki离线文档/documentation/gj-rk3566-buildroot-add-qt.md","wiki","https://wiki.lckfb.com/zh-hans/tspi-rk3566/documentation/gj-rk3566-buildroot-add-qt.html","public","downloaded","3744","aa2ad93c01f0cc492a5ac12cfaf8bfb91b11bc9fb437c50ebbc7be2e4582132e","2026-07-19 15:10:12 +08:00"
"01_Wiki离线文档/documentation/gj-rknn-mobilenet-v3-use.md","wiki","https://wiki.lckfb.com/zh-hans/tspi-rk3566/documentation/gj-rknn-mobilenet-v3-use.html","public","downloaded","6806","e7af9eba39c465723d76a0b9b8f771535ce89880c07c80f65e593432017c917b","2026-07-19 15:17:54 +08:00"
"01_Wiki离线文档/documentation/gj-run-c-c-plus-program.md","wiki","https://wiki.lckfb.com/zh-hans/tspi-rk3566/documentation/gj-run-c-c-plus-program.html","public","downloaded","10697","93a9d52b5c0798b51f1cec711394f489fdc6e2877196bc1c8b310498cae9fac5","2026-07-19 15:29:20 +08:00"
"01_Wiki离线文档/documentation/gj-ssd1315-oled-module.md","wiki","https://wiki.lckfb.com/zh-hans/tspi-rk3566/documentation/gj-ssd1315-oled-module.html","public","downloaded","11893","dc98ef8f51cc1c113af00f46b9365edff7eaf529aaa19c4ed60b1a2c7c6a0f80","2026-07-19 15:17:54 +08:00"
"01_Wiki离线文档/documentation/gj-tspi-driver-video-tutorial.md","wiki","https://wiki.lckfb.com/zh-hans/tspi-rk3566/documentation/gj-tspi-driver-video-tutorial.html","public","downloaded","8392","526aa7df0d9fc34fbc03f491f064434878e3aa7253934baee1060b671f72523b","2026-07-19 15:17:54 +08:00"
"01_Wiki离线文档/documentation/gj-ubuntu-22-04-lts-compile.md","wiki","https://wiki.lckfb.com/zh-hans/tspi-rk3566/documentation/gj-ubuntu-22-04-lts-compile.html","public","downloaded","9796","01cc5cb5545006633790db8f83311751e49c0ae652d1692002f42a5643016576","2026-07-19 15:17:54 +08:00"
"01_Wiki离线文档/documentation/gj-ubuntu-install-opencv.md","wiki","https://wiki.lckfb.com/zh-hans/tspi-rk3566/documentation/gj-ubuntu-install-opencv.html","public","downloaded","8727","2e80510b13e0800694de1dd011661e6c1b91e9a8ecfd389400008e5319ba0d06","2026-07-19 15:17:54 +08:00"
"01_Wiki离线文档/documentation/io-allocation-table.md","wiki","https://wiki.lckfb.com/zh-hans/tspi-rk3566/documentation/io-allocation-table.html","public","downloaded","7083","70ebc7655e741fdf1aba205912ffaf6b915cbf388069fad8744db0b74c1c5bf2","2026-07-19 15:17:54 +08:00"
"01_Wiki离线文档/documentation/mipi-4inch-long-screen-adapter-board.md","wiki","https://wiki.lckfb.com/zh-hans/tspi-rk3566/documentation/mipi-4inch-long-screen-adapter-board.html","public","downloaded","9465","7a65f30bd17df37207b79020a1d66fab120443702ba0e1311413fcfb697b2f79","2026-07-19 15:17:54 +08:00"
"01_Wiki离线文档/documentation/spi-to-can.md","wiki","https://wiki.lckfb.com/zh-hans/tspi-rk3566/documentation/spi-to-can.html","public","downloaded","14647","7a482bc9d768f085355f69ed3c08d3244111c2519a11171f783f1e88beca635d","2026-07-19 15:17:54 +08:00"
"01_Wiki离线文档/documentation/sqlite3-database-environment-setup.md","wiki","https://wiki.lckfb.com/zh-hans/tspi-rk3566/documentation/sqlite3-database-environment-setup.html","public","downloaded","10637","b4374f1d15a0c8e583e016f4cd286b43b1237cb6a7f277f0dba993e9cdab3804","2026-07-19 15:17:54 +08:00"
"01_Wiki离线文档/documentation/transplant-qt5.md","wiki","https://wiki.lckfb.com/zh-hans/tspi-rk3566/documentation/transplant-qt5.html","public","downloaded","22146","9414ed3f7a09b101687961a2cc861be679de8a8687d2d79c6af47cd53da9a21c","2026-07-19 15:29:20 +08:00"
"01_Wiki离线文档/documentation/usb-share-network-rndis.md","wiki","https://wiki.lckfb.com/zh-hans/tspi-rk3566/documentation/usb-share-network-rndis.html","public","downloaded","10967","df68da295278da42e2ac33bde381b53a953573830d4c0ebb0028deda1736949e","2026-07-19 15:17:54 +08:00"
"01_Wiki离线文档/download-center.md","wiki","https://wiki.lckfb.com/zh-hans/tspi-rk3566/download-center.html","public","downloaded","7037","55c788004d64b1007e1aceed7dfbd0b06ff435ee8d30bbe8f1cbbe3d65287b3e","2026-07-19 15:17:54 +08:00"
"01_Wiki离线文档/question/miniLoader.md","wiki","https://wiki.lckfb.com/zh-hans/tspi-rk3566/question/miniLoader.html","public","downloaded","12230","f3c579189882a9717ed08465ce45a3e857c37ed6a3d5944d5e8490bdae97c881","2026-07-19 15:17:54 +08:00"
"01_Wiki离线文档/quick-start/README.md","quick-start","https://wiki.lckfb.com/zh-hans/tspi-rk3566/quick-start/","public","downloaded","8415","5846d9a0edf5b4da985381183592fe86ae06a52397234bb97b75c1656a8f7bdb","2026-07-19 15:31:26 +08:00"
"01_Wiki离线文档/sdk-compilation/android-13-sdk-compilation.md","wiki","https://wiki.lckfb.com/zh-hans/tspi-rk3566/sdk-compilation/android-13-sdk-compilation.html","public","downloaded","40288","5177ec860d6d11f2a0a735716882b4a796f8c287942f6585d0a14ca15149696b","2026-07-19 15:17:54 +08:00"
"01_Wiki离线文档/sdk-compilation/android-sdk-compilation.md","wiki","https://wiki.lckfb.com/zh-hans/tspi-rk3566/sdk-compilation/android-sdk-compilation.html","public","downloaded","19966","9f71fc504f6cb920d0b4976fdad9c76549214bea9bd8b49df139c7354f9fa381","2026-07-19 15:17:54 +08:00"
"01_Wiki离线文档/sdk-compilation/docker-compiling-environment.md","wiki","https://wiki.lckfb.com/zh-hans/tspi-rk3566/sdk-compilation/docker-compiling-environment.html","public","downloaded","14322","bfd02abcee96decd4aadba485807dd8d68fe333b723a31ac4e16d110016f84a3","2026-07-19 15:17:54 +08:00"
"01_Wiki离线文档/sdk-compilation/kernel6-1-linux-compilation.md","wiki","https://wiki.lckfb.com/zh-hans/tspi-rk3566/sdk-compilation/kernel6-1-linux-compilation.html","public","downloaded","20903","e22c7098cfdc3e73f761e7cb94d7ffd9df9d2e1a72bce305255f143485bffc5f","2026-07-19 15:17:54 +08:00"
"01_Wiki离线文档/sdk-compilation/linux-compilation.md","wiki","https://wiki.lckfb.com/zh-hans/tspi-rk3566/sdk-compilation/linux-compilation.html","public","downloaded","21503","c63feb471d8799097a746a05ad4378c0cfb6581043c817f4fedb43edcdbee7f1","2026-07-19 15:17:54 +08:00"
"01_Wiki离线文档/sdk-compilation/openharmony-sdk-compilation.md","wiki","https://wiki.lckfb.com/zh-hans/tspi-rk3566/sdk-compilation/openharmony-sdk-compilation.html","public","downloaded","11520","9f46ebe63af386e9e70199d93de2c1c2ddef47d48590e5b4a22e3c98fec92c0a","2026-07-19 15:17:54 +08:00"
"01_Wiki离线文档/sdk-compilation/openkylin-sdk-compilation.md","wiki","https://wiki.lckfb.com/zh-hans/tspi-rk3566/sdk-compilation/openkylin-sdk-compilation.html","public","downloaded","36127","26a7801009de55fe030494a8fa7b46ee073ec06894a833ac24f2f9e17259f3fa","2026-07-19 15:17:54 +08:00"
"01_Wiki离线文档/sdk-compilation/virtualBox-ubuntu-compiling-environment.md","wiki","https://wiki.lckfb.com/zh-hans/tspi-rk3566/sdk-compilation/virtualBox-ubuntu-compiling-environment.html","public","downloaded","9258","6b35a4b69d3807135ce3dd0b4c6bf76ff59af38805eba9af7294fe843714c1f1","2026-07-19 15:17:54 +08:00"
"01_Wiki离线文档/sdk-compilation/wsl2-install-ubuntu.md","wiki","https://wiki.lckfb.com/zh-hans/tspi-rk3566/sdk-compilation/wsl2-install-ubuntu.html","public","downloaded","13272","6a0bd6579801279bf430f27fab63aa74c30adde82fbc72a2541699cb19eed09a","2026-07-19 15:17:54 +08:00"
"01_Wiki离线文档/system-usage/android-system-usage.md","wiki","https://wiki.lckfb.com/zh-hans/tspi-rk3566/system-usage/android-system-usage.html","public","downloaded","47574","be228a6190363442f95f37b7b59989fc9c1cb0126052038c307ef63703e980f0","2026-07-19 15:29:20 +08:00"
"01_Wiki离线文档/system-usage/buildroot-system-usage.md","wiki","https://wiki.lckfb.com/zh-hans/tspi-rk3566/system-usage/buildroot-system-usage.html","public","downloaded","103997","680cd026991b305314a9b310e263995471971998e9d541a2af5588cb67d62a8d","2026-07-19 15:17:54 +08:00"
"02_开发板硬件/oshwhub/泰山派开源硬件项目.md","board","https://oshwhub.com/li-chuang-kai-fa-ban/li-chuang-tai-shan-pai-kai-fa-ban","public","downloaded","39645","da02735326c18f5128c124ee6ea498ac93ec125a5ef20a3326dca64724d4c128","2026-07-19 15:17:33 +08:00"
"02_开发板硬件/wiki/jlceda-project-file-opening.md","board","https://wiki.lckfb.com/zh-hans/tspi-rk3566/open-source-hardware/jlceda-project-file-opening.html","public","downloaded","7629","7557ba3f39e216a85d0a8323f68ec721e28f173083f94e07f10b812d961987af","2026-07-19 15:17:54 +08:00"
"02_开发板硬件/wiki/open-source-hardware.md","board","https://wiki.lckfb.com/zh-hans/tspi-rk3566/open-source-hardware/","public","downloaded","2525","35f603349c8d60939e319ccde3c3e6131747421c9dd84a0f9d4b3de4ead90ea1","2026-07-19 15:17:54 +08:00"
"02_开发板硬件/wiki/README.md","board","https://wiki.lckfb.com/zh-hans/tspi-rk3566/","public","downloaded","6629","6a546cacfd8ae9448c830e13e2b95e3207467a6d96c8c6d158dbedc8f4cc6705","2026-07-19 15:17:54 +08:00"
"03_3.1寸MIPI屏/3.1寸屏幕扩展板.md","screen","https://wiki.lckfb.com/zh-hans/lushan-pi-k230/open-source-hardware/lckfb-mipi-3.1inch-screen.html","public","downloaded","3365","3a6c4067d0bc1bdbe2770b3fb40a8a9b02445e4318130103b03a7b8c7beed945","2026-07-19 15:17:54 +08:00"
"03_3.1寸MIPI屏/README.md","local","","local","generated","2253","2a44b8e2e9b8539ac57c85ad6cb0066b8233c819bc70e1f1a323d5fa4856919e","2026-07-19 18:11:08 +08:00"
"03_3.1寸MIPI屏/TSPI-D310T9362V1/0x38/android-kernel-D310T9362V1-0x38.patch","local","","local","generated","28566","bd53f85816e0b32973bd8b3f7ccbfdb164bb0df3f424d7c5db0f5595c3da00f5","2026-07-19 17:29:57 +08:00"
"03_3.1寸MIPI屏/TSPI-D310T9362V1/0x38/cst128a_cust/cst128a_ts.c","local","","local","generated","8547","c6b1d238c1852c70ac9a838ea2657b1e13c6a323a1765d8557dee6d3bdf7974d","2026-07-19 17:29:57 +08:00"
"03_3.1寸MIPI屏/TSPI-D310T9362V1/0x38/cst128a_cust/Kconfig","local","","local","generated","177","044f096c2a0d09fc2a13ada5a5a09d174bb9179cb63ea6ce833eb4bbec12b3ea","2026-07-19 17:29:57 +08:00"
"03_3.1寸MIPI屏/TSPI-D310T9362V1/0x38/cst128a_cust/Makefile","local","","local","generated","58","3e1686482cdf45aba8d0a0a27fd22c450740d278a66a48598cb316d0b0cbfd0d","2026-07-19 17:29:57 +08:00"
"03_3.1寸MIPI屏/TSPI-D310T9362V1/0x38/linux-kernel-D310T9362V1-0x38.patch","local","","local","generated","28499","20cb209f4b1c20e6893d723a4fd05d2768c48e1a8ea9bcdbde5b94df0196cc54","2026-07-19 17:29:57 +08:00"
"03_3.1寸MIPI屏/TSPI-D310T9362V1/0x38/tspi-rk3566-dsi-v10.dtsi","local","","local","generated","5951","838e421d252bed46d2c5e1b8abff2624b79a9a2913d3aa47acf286a295a73e94","2026-07-19 17:29:57 +08:00"
"03_3.1寸MIPI屏/TSPI-D310T9362V1/0x48/android-kernel-D310T9362V1-0x48.patch","local","","local","generated","48655","c3887bb639a3630011e8f4ebfcc470a33fb3b807fcce59995a0b1efdf53e26ff","2026-07-19 17:29:57 +08:00"
"03_3.1寸MIPI屏/TSPI-D310T9362V1/0x48/cst128a_cust/Kconfig","local","","local","generated","177","044f096c2a0d09fc2a13ada5a5a09d174bb9179cb63ea6ce833eb4bbec12b3ea","2026-07-19 17:29:57 +08:00"
"03_3.1寸MIPI屏/TSPI-D310T9362V1/0x48/cst128a_cust/Makefile","local","","local","generated","122","0339164dc0643a7c429693cec2fd2c6334c748f64abd9f0bee2dcefec3af7233","2026-07-19 17:29:57 +08:00"
"03_3.1寸MIPI屏/TSPI-D310T9362V1/0x48/cst128a_cust/ts_common.h","local","","local","generated","1637","0d3d80e6724fef5a87f94966533bc297a96e376fe51c341796275ffa8a691d3b","2026-07-19 17:29:57 +08:00"
"03_3.1寸MIPI屏/TSPI-D310T9362V1/0x48/cst128a_cust/ts_config.h","local","","local","generated","238","902c546c5e49f2eb5f0a52a29ba0025043bcf49c2498b606acb88b7030428e5f","2026-07-19 17:29:57 +08:00"
"03_3.1寸MIPI屏/TSPI-D310T9362V1/0x48/cst128a_cust/ts_core.c","local","","local","generated","17648","f32dbead62a193a2ba28b9cad90eabd99aff2884d1bfd6379025a775299181b9","2026-07-19 17:29:57 +08:00"
"03_3.1寸MIPI屏/TSPI-D310T9362V1/0x48/cst128a_cust/ts_core.h","local","","local","generated","4293","04e4690a2f3a18612e2d73f68e39d4f23f546bc0ba6d390a7b3acac674a1b784","2026-07-19 17:29:57 +08:00"
"03_3.1寸MIPI屏/TSPI-D310T9362V1/0x48/cst128a_cust/ts_i2c.c","local","","local","generated","1996","f28f4c5c56e32c6b3a272b47c64755955b54bd7459b3ba863fb1e678f1029c25","2026-07-19 17:29:57 +08:00"
"03_3.1寸MIPI屏/TSPI-D310T9362V1/0x48/linux-kernel-D310T9362V1-0x48.patch","local","","local","generated","48556","7d78f9e51e717f11740f127dfbcb9d5fe4080d203af1775133bff55be543fe87","2026-07-19 17:29:57 +08:00"
"03_3.1寸MIPI屏/TSPI-D310T9362V1/0x48/tspi-rk3566-dsi-v10.dtsi","local","","local","generated","6011","ddad5c5cb8ed989cad7deffa1e1fab5904d2ab791d0c41eba6d794467d8c4176","2026-07-19 17:29:57 +08:00"
"03_3.1寸MIPI屏/TSPI-D310T9362V1/boot-android.img","local","","local","generated","33648640","1cdc2c889226e5a4cecdb1eb6ff2e8c0d00ae14aec1d34fbfda16a492c539cad","2026-07-19 18:02:57 +08:00"
"03_3.1寸MIPI屏/TSPI-D310T9362V1/boot-linux.img","local","","local","generated","24054272","373822f412e5b123f924361e54bdaa68ff4c35db41d175bd4178b044ee48fcf4","2026-07-19 18:02:52 +08:00"
"03_3.1寸MIPI屏/TSPI-D310T9362V1/LICENSE","local","","local","generated","35821","0b383d5a63da644f628d99c33976ea6487ed89aaa59f0b3257992deac1171e6b","2026-07-19 17:29:57 +08:00"
"03_3.1寸MIPI屏/TSPI-D310T9362V1/ohos_hdf_touch_cst128a.zip","local","","local","generated","4195","381563a9a4ef12ae678e1e0dc91fde6e28cea112303523b72fadb34bab26ccb8","2026-07-19 17:29:57 +08:00"
"03_3.1寸MIPI屏/TSPI-D310T9362V1/README.md","local","","local","generated","2890","0d49aebe57f9855ef376695f4efca5c813b5f4704f0b7ba8d67cf50865e1926e","2026-07-19 17:29:57 +08:00"
"03_3.1寸MIPI屏/TSPI-D310T9362V1/原厂资料/.keep","local","","local","generated","0","e3b0c44298fc1c149afbf4c8996fb92427ae41e4649b934ca495991b7852b855","2026-07-19 17:29:57 +08:00"
"03_3.1寸MIPI屏/TSPI-D310T9362V1/原厂资料/D310T9362V1 SPEC.zip","local","","local","generated","3408296","21e90dfc471e693bfb7b88d0687aaf4449ff51b175cc962918d08d9b9283ecaf","2026-07-19 17:29:57 +08:00"
"03_3.1寸MIPI屏/TSPI-D310T9362V1/原厂资料/D310T9362V1-SPEC/D310T9362V1 SPEC.pdf","local","","local","generated","703893","2490dff5d6247b9195ad6daf7213c4b32dd565b2fa2171a7f5c91710f04791ab","2022-09-15 23:21:48 +08:00"
"03_3.1寸MIPI屏/TSPI-D310T9362V1/原厂资料/D310T9362V1-SPEC/st7701s 2018.9.26.txt","local","","local","generated","6321","62e0ada91b0ae629710ba4457e5248712b70db5041b19cf62102a875c8eaa4f3","2018-09-27 09:09:56 +08:00"
"03_3.1寸MIPI屏/TSPI-D310T9362V1/原厂资料/D310T9362V1-SPEC/ST7701S_SPEC_Preliminary V0.2.pdf","local","","local","generated","3135985","527eee64f2fcc6979d844849a03628f11b278d2f8f33a419514fd7ab0dd24247","2017-11-04 17:31:00 +08:00"
"03_3.1寸MIPI屏/TSPI-D310T9362V1/原厂资料/FT5x16 -   DataSheet _V0.1_-Preliminary (1).pdf","local","","local","generated","531244","747d6e0541d005dd3dccac9717672ccab855a2de5bb689cffe4f31a8168c2e0e","2026-07-19 17:29:57 +08:00"
"03_3.1寸MIPI屏/TSPI-D310T9362V1/原厂资料/ft5x-RK adjusted by 'Silence'.7z","local","","local","generated","189585","db3e661ba3a1e2f68389cc70725c3f3aa6c4c1a4e4033defa1e5906a88d465e7","2026-07-19 17:29:57 +08:00"
"03_3.1寸MIPI屏/TSPI-D310T9362V1/原厂资料/触摸驱动.zip","local","","local","generated","2673297","0b721735cefdae3d51781f4d586d4bcd6c95e1bc5c6223c889011b3e7276100b","2026-07-19 17:29:57 +08:00"
"03_3.1寸MIPI屏/TSPI-D310T9362V1/原厂资料/触摸驱动-解压/Focaltech_Linux driver.rar","local","","local","generated","9378","a9abc4128f1e1e9ddfeb67ec70ca0368e4c2c64bbf86fec0d074d77ab60ae2d9","2019-07-10 17:22:42 +08:00"
"03_3.1寸MIPI屏/TSPI-D310T9362V1/原厂资料/触摸驱动-解压/Focaltech_Touch_Driver_for_Qualcomm_V2.0_20170919(高通).rar","local","","local","generated","1017866","e20dfe1527c2f4105111ef5163d41647d6acd79fee599c22e018ca2b93ee1a7e","2019-09-17 10:30:38 +08:00"
"03_3.1寸MIPI屏/TSPI-D310T9362V1/原厂资料/触摸驱动-解压/FT5x16 - 驱动资料DataSheet _V0.1_-Preliminary.zip","local","","local","generated","1637626","2ef3c63cbb1685c7d64f8cdf98048572c6f8e4364a184d0ad01236ee856a24af","2020-10-29 19:51:52 +08:00"
"03_3.1寸MIPI屏/TSPI-D310T9362V1/原厂资料/触摸驱动-解压/MTK ft5316_driver.zip","local","","local","generated","9684","a4bda737db81a18b5fdc28fd4cc757fb186bbfd763a67ec58a445041463fd9cb","2018-12-13 09:02:28 +08:00"
"03_3.1寸MIPI屏/TSPI-D310T9362V1/原厂资料/触摸驱动-解压/STM32（CPU是MCU）.rar","local","","local","generated","3492","f6da746cd2ebccf3f6f16f8be3f0e2997a6c3f2517342d0eaf9085267e1122dd","2019-07-10 17:22:42 +08:00"
"03_3.1寸MIPI屏/TSPI-D310T9362V1/原厂资料/寄存器地址.pdf","local","","local","generated","192907","6c08ef7bd9d069632958edecb838eb143625c9ab27ec85cf30b80b4837390731","2026-07-19 17:29:57 +08:00"
"03_3.1寸MIPI屏/泰山派胖妞手机项目/device-tree.md","screen-project","https://wiki.lckfb.com/zh-hans/tspi-rk3566/project-case/fat-little-cell-phone/device-tree.html","public","downloaded","40907","a21118d75784797ffefa10c21b6b5c9721b50286612f9dbb485aac60117a1d50","2026-07-19 15:17:54 +08:00"
"03_3.1寸MIPI屏/泰山派胖妞手机项目/linux-common-commands.md","screen-project","https://wiki.lckfb.com/zh-hans/tspi-rk3566/project-case/fat-little-cell-phone/linux-common-commands.html","public","downloaded","13841","d22221fbac3241b1990b32b842884929102324e5c3ee6beb958a0e87690a5c59","2026-07-19 15:17:54 +08:00"
"03_3.1寸MIPI屏/泰山派胖妞手机项目/mobile-phone-integrated-project.md","screen-project","https://wiki.lckfb.com/zh-hans/tspi-rk3566/project-case/fat-little-cell-phone/mobile-phone-integrated-project.html","public","downloaded","108863","afb15414ea6cc989acfa85c317382b12b203f37421589e989a56cbe3961749ee","2026-07-19 15:17:54 +08:00"
"03_3.1寸MIPI屏/泰山派胖妞手机项目/programming-environment-setup.md","screen-project","https://wiki.lckfb.com/zh-hans/tspi-rk3566/project-case/fat-little-cell-phone/programming-environment-setup.html","public","downloaded","13256","dff597fb96b0a1e14a6ebfa234aeeefad0f50de24783fbe63f34c7c532c02474","2026-07-19 15:29:20 +08:00"
"03_3.1寸MIPI屏/泰山派胖妞手机项目/screen-selection-debugging.md","screen-project","https://wiki.lckfb.com/zh-hans/tspi-rk3566/project-case/fat-little-cell-phone/screen-selection-debugging.html","public","downloaded","108858","680c1f43efdba7b512ed2a5cfeb0eeb20d947bf5d23e20d517bbd2321531f58c","2026-07-19 15:17:54 +08:00"
"03_3.1寸MIPI屏/泰山派胖妞手机项目/sdk-compile.md","screen-project","https://wiki.lckfb.com/zh-hans/tspi-rk3566/project-case/fat-little-cell-phone/sdk-compile.html","public","downloaded","33347","8139fd13bed81c896d96f29b42be7d4b0b3cbc8bb0ca8374c792025f2b7f3dcc","2026-07-19 15:29:20 +08:00"
"03_3.1寸MIPI屏/泰山派胖妞手机项目/touch-drive.md","screen-project","https://wiki.lckfb.com/zh-hans/tspi-rk3566/project-case/fat-little-cell-phone/touch-drive.html","public","downloaded","74789","be84817f3ab449649204e76b26b13ba38e37d3e39b7ed882b730737cfbcbe14d","2026-07-19 15:17:54 +08:00"
"03_3.1寸MIPI屏/需登录下载/3.1寸屏EDA工程.txt","screen","https://pan.baidu.com/s/18jLiGxKXC-NHXBkfe1DMqg?pwd=LJPI","manual_index","manual_required_indexed","302","7bb38f40b391e3b3f52a1e7d7ab17d34588095a13cbb2c9ddc990c47f183cb24","2026-07-19 15:13:17 +08:00"
"03_3.1寸MIPI屏/需登录下载/6P与31P排线工程.txt","screen","https://pan.baidu.com/s/1FPA_99J04nlv-28y95Kj8w?pwd=LJPI","manual_index","manual_required_indexed","312","59590a37d97b1bd0ed2845076265439bff510cd272db730cfd4806a34c5984d6","2026-07-19 15:13:17 +08:00"
"04_SDK与镜像/Linux-SDK/README.md","local","","local","generated","1654","af303ed302a70d489952f14bd4e2d0543da22e1c7fb8f90004cda0f049b54bf2","2026-07-19 18:11:08 +08:00"
"04_SDK与镜像/Linux-SDK/tspi-linux-sdk-main.zip","local","","local","generated","1117667369","50b027977504064dac9fc676258b843c63eb9f07e3e8bc7beab24f19966bba34","2026-07-19 17:43:12 +08:00"
"04_SDK与镜像/Linux-SDK/tspi-linux-sdk-ubuntu-rootfs/.gitattributes","local","","local","generated","113","a48f5911f6e5e5336f090dcd92d54195bc090790f79de08bad305b7392470bb7","2026-07-19 17:49:15 +08:00"
"04_SDK与镜像/Linux-SDK/tspi-linux-sdk-ubuntu-rootfs/.gitignore","local","","local","generated","19","ef81ee620cd1289d04dc14b7ba5e8d02c06c2ace87cdaa83698b15d8be775097","2026-07-19 17:49:15 +08:00"
"04_SDK与镜像/Linux-SDK/tspi-linux-sdk-ubuntu-rootfs/ubuntu.tar.gz","local","","local","generated","1617032992","81ba1db5572cd87caa7919e70364b73226efafec9653835a5b0157efdb95c683","2026-07-19 17:59:52 +08:00"
"04_SDK与镜像/Linux-SDK/tspi-linux-sdk-ubuntu-rootfs/ubuntu_panfrost.tar.gz","local","","local","generated","1104724207","9841498c1841e9225daca9cc73c398af3e1a77d9a6f56cc26241ba865734a942","2026-07-19 17:56:19 +08:00"
"04_SDK与镜像/Linux-SDK/tspi-linux-sdk-ubuntu-rootfs-main.zip","local","","local","generated","1298","bbda71a1ed9a19036385e91698c38a0d9ab7ec9030b7f5a25ec8eb0967b8a197","2026-07-19 17:43:35 +08:00"
"04_SDK与镜像/README.md","local","","local","generated","1269","1c8b226449e0b85bead8affc44ff40938e04ca5afd0348f6077a627a2a7b77b9","2026-07-19 15:25:53 +08:00"
"04_SDK与镜像/wiki/img-download.md","image","https://wiki.lckfb.com/zh-hans/tspi-rk3566/img-download/img-download.html","public","downloaded","12382","a420a30bc21ee85819c61d6cc2d4d683782d9324517181b85f3849951324780a","2026-07-19 15:29:20 +08:00"
"04_SDK与镜像/公开仓库/meta-tspi/.gitignore","local","","local","generated","40","2326bcf92656d56ba54c4f4516ee23ca65216b53c23fea033d9f0e744b050f49","2026-07-19 18:08:45 +08:00"
"04_SDK与镜像/公开仓库/meta-tspi/classes/auto-patch.bbclass","local","","local","generated","621","07f8486ebd2ae8197d73ab0db2005a65f3f1acfd2fa44cfa8b93e4823245c876","2026-07-19 18:08:45 +08:00"
"04_SDK与镜像/公开仓库/meta-tspi/classes/local-git.bbclass","local","","local","generated","1000","c010c5a1c0bdb31ff4744f34fe7cfb12662d95002f8b8cbc03d715bb117986f7","2026-07-19 18:08:45 +08:00"
"04_SDK与镜像/公开仓库/meta-tspi/classes/rockchip-image.bbclass","local","","local","generated","5010","54e22d821c4596b10beca4168e7fa15f697f9fa3ff04293c5d3d2986be94e744","2026-07-19 18:08:45 +08:00"
"04_SDK与镜像/公开仓库/meta-tspi/conf/layer.conf","local","","local","generated","1085","d78bed3444e75cfd309378ead794cdeeaaef07b56b6ea40c5e0875dd711b333b","2026-07-19 18:08:45 +08:00"
"04_SDK与镜像/公开仓库/meta-tspi/conf/machine/include/mali.inc","local","","local","generated","620","f9ff589b579730471332470c30442c7863ecf767b587fb10a18a4be675c04ca7","2026-07-19 18:08:45 +08:00"
"04_SDK与镜像/公开仓库/meta-tspi/conf/machine/include/px30.inc","local","","local","generated","374","b64a20e8cb5375ea2493fe63625c89dd6e2b672174dc43591d2e245bfca87f7d","2026-07-19 18:08:45 +08:00"
"04_SDK与镜像/公开仓库/meta-tspi/conf/machine/include/px3se.inc","local","","local","generated","383","47037983735d850e55871da421025f8a551e8b0b4593e48f1f0f523cf13fbf86","2026-07-19 18:08:45 +08:00"
"04_SDK与镜像/公开仓库/meta-tspi/conf/machine/include/rk3288.inc","local","","local","generated","480","55ce5d6892a4f14e562efae29cdb82576aef17a52984bb8a0e3d9efbd84fe31a","2026-07-19 18:08:45 +08:00"
"04_SDK与镜像/公开仓库/meta-tspi/conf/machine/include/rk3288w.conf","local","","local","generated","191","587e644c384bbfe9f0ad8b942ff43846e83fb6b3e981b465fc029cefd99fcb0c","2026-07-19 18:08:45 +08:00"
"04_SDK与镜像/公开仓库/meta-tspi/conf/machine/include/rk3308.inc","local","","local","generated","292","e78b0003b7da23bafc878a05fcfeb752520fee7994bfeb151fe1be78b6fc1500","2026-07-19 18:08:45 +08:00"
"04_SDK与镜像/公开仓库/meta-tspi/conf/machine/include/rk3326.inc","local","","local","generated","309","48507db9ee1ca6c566a6065959560c41b9cd0d3fa24b7e5cedb16ec578a9ead1","2026-07-19 18:08:45 +08:00"
"04_SDK与镜像/公开仓库/meta-tspi/conf/machine/include/rk3328.inc","local","","local","generated","304","0a25895195c6fffe83988b95a80cdbc22e455868d958950275a4619155c87df1","2026-07-19 18:08:45 +08:00"
"04_SDK与镜像/公开仓库/meta-tspi/conf/machine/include/rk3399.inc","local","","local","generated","440","9577b003fcaaa871f7a313e4688566159b78d0e1be10714a6e624441517af470","2026-07-19 18:08:45 +08:00"
"04_SDK与镜像/公开仓库/meta-tspi/conf/machine/include/rk3506.inc","local","","local","generated","301","7dd8e9565f7880f4332ca03f6448cb42db0e757a4c2bc2838ddc9f39ccfb6924","2026-07-19 18:08:45 +08:00"
"04_SDK与镜像/公开仓库/meta-tspi/conf/machine/include/rk3562.inc","local","","local","generated","331","00df0946474dc9f6ed9dfcd62ea8c934d321b57add7a8a798f05c55517df5097","2026-07-19 18:08:45 +08:00"
"04_SDK与镜像/公开仓库/meta-tspi/conf/machine/include/rk356x.inc","local","","local","generated","434","6ab7995bf0ae57f415019b97c9a9e4c7f649c8f055f4f19d75167f399d46138f","2026-07-19 18:08:45 +08:00"
"04_SDK与镜像/公开仓库/meta-tspi/conf/machine/include/rk3576.inc","local","","local","generated","431","b360403b0c2eac718d4882ae7922c87294f8b4369dd8a63da0db7fd20df299bc","2026-07-19 18:08:45 +08:00"
"04_SDK与镜像/公开仓库/meta-tspi/conf/machine/include/rk3588.inc","local","","local","generated","482","cfbb95f3e0ff4eeb3457716e8f8c923e120515a163cd7c9fd6c855f9f1f2cf76","2026-07-19 18:08:45 +08:00"
"04_SDK与镜像/公开仓库/meta-tspi/conf/machine/include/rockchip-arm64-common.inc","local","","local","generated","268","51198ef72b23ff6a5bb3d9891c9c5012df33786a7125e51c13183a7fe852fcfe","2026-07-19 18:08:45 +08:00"
"04_SDK与镜像/公开仓库/meta-tspi/conf/machine/include/rockchip-common.inc","local","","local","generated","1254","0fa4aa5a23e9aa471bae612341bb9e7461b377ed0e26f713381facb74b239406","2026-07-19 18:08:45 +08:00"
"04_SDK与镜像/公开仓库/meta-tspi/conf/machine/rockchip-px30-evb.conf","local","","local","generated","425","99cfe79d7a0cb87676e5d20f92e0cbf6d8d0893142418ffd8da512c3c7a7833d","2026-07-19 18:08:45 +08:00"
"04_SDK与镜像/公开仓库/meta-tspi/conf/machine/rockchip-px3se-evb.conf","local","","local","generated","397","2751cc71bf0981bd0cba0576345474d61b7aec09190b7c7c9d3d9dccadb4edb4","2026-07-19 18:08:45 +08:00"
"04_SDK与镜像/公开仓库/meta-tspi/conf/machine/rockchip-rk3288-evb.conf","local","","local","generated","397","2f4099e9b887aef9aace8c465ff819656afaf05c5e91e8e86fd16f3a91e233c6","2026-07-19 18:08:45 +08:00"
"04_SDK与镜像/公开仓库/meta-tspi/conf/machine/rockchip-rk3288-evb-act8846.conf","local","","local","generated","270","a5e703ba363b2de71a84654413ad4ba046126ece7b219597900f86ff6997b39f","2026-07-19 18:08:45 +08:00"
"04_SDK与镜像/公开仓库/meta-tspi/conf/machine/rockchip-rk3288w-evb.conf","local","","local","generated","237","9bb77dc6dc7b15f1d745baf5b4d37aa0640bbb7665fcae811804a7433ea3c44c","2026-07-19 18:08:45 +08:00"
"04_SDK与镜像/公开仓库/meta-tspi/conf/machine/rockchip-rk3308-evb.conf","local","","local","generated","427","bd83624fc9d6c6a9397dec6b9c29f05d9b563bf160b6141c84a6e61fca82c468","2026-07-19 18:08:45 +08:00"
"04_SDK与镜像/公开仓库/meta-tspi/conf/machine/rockchip-rk3308-evb-aarch32.conf","local","","local","generated","449","92a2997ede7cb697f8234338287abf3d39aff59ed269bd191f605dfe8b829d4c","2026-07-19 18:08:45 +08:00"
"04_SDK与镜像/公开仓库/meta-tspi/conf/machine/rockchip-rk3326-evb.conf","local","","local","generated","432","0af258feaa9e91263b92c5af482d3db18315f96b7838f243d599256caf71b9e7","2026-07-19 18:08:45 +08:00"
"04_SDK与镜像/公开仓库/meta-tspi/conf/machine/rockchip-rk3328-evb.conf","local","","local","generated","410","835f7d35b89e261fd79e2d8c02afa6a6192f7a3d6867da3ec4429dfc18c8ee13","2026-07-19 18:08:45 +08:00"
"04_SDK与镜像/公开仓库/meta-tspi/conf/machine/rockchip-rk3399pro-evb.conf","local","","local","generated","519","d3f114ad96218ffcd12895a27d77b040a748282f721dd445c76ed0f938d23e55","2026-07-19 18:08:45 +08:00"
"04_SDK与镜像/公开仓库/meta-tspi/conf/machine/rockchip-rk3399-sapphire-excavator.conf","local","","local","generated","523","9c8e4874a318aff1b1a6fab39d9a5846b2c988310bcef351aaf97a1856c8846e","2026-07-19 18:08:45 +08:00"
"04_SDK与镜像/公开仓库/meta-tspi/conf/machine/rockchip-rk3506-evb.conf","local","","local","generated","285","7e6103f057e9d5b75b31a0a292b0e485d18cfa4d28e81ed2e8fc18e59df10578","2026-07-19 18:08:45 +08:00"
"04_SDK与镜像/公开仓库/meta-tspi/conf/machine/rockchip-rk3562-evb.conf","local","","local","generated","420","cfc61184d15ddd1bfbd1855879ec52b48636861b1e01ab187e4b2b958edb6d27","2026-07-19 18:08:45 +08:00"
"04_SDK与镜像/公开仓库/meta-tspi/conf/machine/rockchip-rk3566-evb.conf","local","","local","generated","481","e3f8d04a70d0dfc873aa880d13e207e436df6cc150c7f023b80575cc825af4df","2026-07-19 18:08:45 +08:00"
"04_SDK与镜像/公开仓库/meta-tspi/conf/machine/rockchip-rk3568-evb.conf","local","","local","generated","272","f928e3a846aead2c7e7fa535a23862e15058f2fea8f6c557d5375a7bb2f5e320","2026-07-19 18:08:45 +08:00"
"04_SDK与镜像/公开仓库/meta-tspi/conf/machine/rockchip-rk3576-evb.conf","local","","local","generated","415","b0da7bcafbc5e6b08f345b96fff67ba12a1ad9459272696c2468f40d12629f8d","2026-07-19 18:08:45 +08:00"
"04_SDK与镜像/公开仓库/meta-tspi/conf/machine/rockchip-rk3588-evb.conf","local","","local","generated","419","beebb7fc8dcccdbad95e7ba53d783c2191474659039761fc41da2d4122126eee","2026-07-19 18:08:45 +08:00"
"04_SDK与镜像/公开仓库/meta-tspi/conf/machine/tspi-rk3566.conf","local","","local","generated","578","2c313c227605e4b22dd5d0d18112a4bb363c0d90281b1fd5f0f98a01bd61edc2","2026-07-19 18:08:45 +08:00"
"04_SDK与镜像/公开仓库/meta-tspi/conf/machine/tspi-rk3566-ext39.conf","local","","local","generated","584","d4da6dc351f078f8c20450ffff5c5274393815b49ba2fb88eaa49c0446678d1a","2026-07-19 18:08:45 +08:00"
"04_SDK与镜像/公开仓库/meta-tspi/COPYING.MIT","local","","local","generated","1052","5720f0a8803a71955340df498a0053e59083d06aa678494b1e401fb78f54dfe3","2026-07-19 18:08:45 +08:00"
"04_SDK与镜像/公开仓库/meta-tspi/dynamic-layers/recipes-browser/chromium/chromium-%.bbappend","local","","local","generated","1746","55f4ca7ec4916af9d017ecf3723e49e242a4c9a89cf62b69b87d378546b9d228","2026-07-19 18:08:45 +08:00"
"04_SDK与镜像/公开仓库/meta-tspi/dynamic-layers/recipes-browser/chromium/chromium_100.0.4896/0001-Add-support-for-V4L2VDA-on-Linux.patch","local","","local","generated","16841","2225a86a03e43ee84b2ed0ac17374d1b8a8a81853cfbe3bbcb60c40ad6d2b0e3","2026-07-19 18:08:45 +08:00"
"04_SDK与镜像/公开仓库/meta-tspi/dynamic-layers/recipes-browser/chromium/chromium_100.0.4896/0002-Add-mmap-via-libv4l-to-generic_v4l2_device.patch","local","","local","generated","1750","94e66dc27a04890be57319c782301236f42d75479c35c690f38d9fd884f897b0","2026-07-19 18:08:45 +08:00"
"04_SDK与镜像/公开仓库/meta-tspi/dynamic-layers/recipes-browser/chromium/chromium_100.0.4896/0003-media-capture-linux-Support-libv4l2-plugins.patch","local","","local","generated","5270","171802189ce4a7c3258216a3cd2b0e8e6ba1e18792db02ac558bed6d7011bf48","2026-07-19 18:08:45 +08:00"
"04_SDK与镜像/公开仓库/meta-tspi/dynamic-layers/recipes-browser/chromium/chromium_100.0.4896/0004-cld3-Avoid-unaligned-accesses.patch","local","","local","generated","1630","3451f9863b8a9c2d1006470b9ea291c19ccb0b9c5d79089210e2d244700a1e3d","2026-07-19 18:08:45 +08:00"
"04_SDK与镜像/公开仓库/meta-tspi/dynamic-layers/recipes-browser/chromium/chromium_100.0.4896/0005-media-gpu-v4l2-Use-POLLIN-for-pending-event.patch","local","","local","generated","1028","ba72ef845efb83222ecfcbb9ff9139d1250b2bfc899f481b0f94e31a99f779a2","2026-07-19 18:08:45 +08:00"
"04_SDK与镜像/公开仓库/meta-tspi/dynamic-layers/recipes-browser/chromium/chromium_100.0.4896/0006-media-capture-linux-Prefer-using-the-first-device.patch","local","","local","generated","1462","6f387eb4d13c67b219cf8850fef17a6c6b08582bf8d7f02cfcd32996f124e0e1","2026-07-19 18:08:45 +08:00"
"04_SDK与镜像/公开仓库/meta-tspi/dynamic-layers/recipes-browser/chromium/chromium_100.0.4896/0007-media-gpu-v4l2-Fix-compile-error-when-ozone-not-enab.patch","local","","local","generated","2034","43f45b48b7e6db4d93f89e4a41ac43d3725cfe5f50320e5ecd9aaae9174a1d72","2026-07-19 18:08:45 +08:00"
"04_SDK与镜像/公开仓库/meta-tspi/dynamic-layers/recipes-browser/chromium/chromium_100.0.4896/0008-ui-events-ozone-Define-SW_PEN_INSERTED-for-old-kerne.patch","local","","local","generated","993","88825b4e1e08fc02479cc567babd3e080d0f4fb0290035ebd2cb5f56c9bf7cab","2026-07-19 18:08:45 +08:00"
"04_SDK与镜像/公开仓库/meta-tspi/dynamic-layers/recipes-browser/chromium/chromium_100.0.4896/0009-Create-new-fence-when-there-s-no-in-fences.patch","local","","local","generated","2436","f3721ee14a5e289b7c9043094bce96708a5c1c37da1c9af9add6daa2f534a85f","2026-07-19 18:08:45 +08:00"
"04_SDK与镜像/公开仓库/meta-tspi/dynamic-layers/recipes-browser/chromium/chromium_100.0.4896/0010-HACK-ozone-wayland-Force-disable-implicit-external-s.patch","local","","local","generated","1351","e8ec46d2eedbec45258180c363b0270d02515b8515141e4c4c5bc9969112de44","2026-07-19 18:08:45 +08:00"
"04_SDK与镜像/公开仓库/meta-tspi/dynamic-layers/recipes-browser/chromium/chromium_100.0.4896/0011-HACK-media-capture-linux-Allow-camera-without-suppor.patch","local","","local","generated","1505","56b51f1c7474615bd88fb427a805db8caa69f87df1dae6ba62ce3caead874a32","2026-07-19 18:08:45 +08:00"
"04_SDK与镜像/公开仓库/meta-tspi/dynamic-layers/recipes-browser/chromium/chromium_100.0.4896/0012-content-gpu-Only-depend-dri-for-X11.patch","local","","local","generated","909","050a5d1a77604462adff9bd36a1fa75527c60ad2b09018f082aed6972f262065","2026-07-19 18:08:45 +08:00"
"04_SDK与镜像/公开仓库/meta-tspi/dynamic-layers/recipes-browser/chromium/chromium_100.0.4896/0013-blink-rtc-Force-disabling-optimized-video-scaling.patch","local","","local","generated","1300","b16d8dc641b904e9acef287d220fcb3767d8868affcd9cd9ee6debc83e36bd74","2026-07-19 18:08:45 +08:00"
"04_SDK与镜像/公开仓库/meta-tspi/dynamic-layers/recipes-browser/chromium/chromium_100.0.4896/0014-HACK-media-Disable-chromeos-direct-video-decoder-by-.patch","local","","local","generated","1178","5815966b0e9ad5f9e876d05c8b564e8d46a0dfa6c783c934ade9bf40cc130559","2026-07-19 18:08:45 +08:00"
"04_SDK与镜像/公开仓库/meta-tspi/dynamic-layers/recipes-browser/chromium/chromium_100.0.4896/0015-media-gpu-v4l2-Non-blocking-initialize.patch","local","","local","generated","4849","4ea48b5743c6fb6154787ef931ddfc8de6c66152bb91ba3728c6413ebdd0a72e","2026-07-19 18:08:45 +08:00"
"04_SDK与镜像/公开仓库/meta-tspi/dynamic-layers/recipes-browser/chromium/chromium_101.0.4951/0001-Add-support-for-V4L2VDA-on-Linux.patch","local","","local","generated","16812","e542209648e3e9357c2130f2dce91cb3e35b3c05035df6e3313d05bc9a006caa","2026-07-19 18:08:45 +08:00"
"04_SDK与镜像/公开仓库/meta-tspi/dynamic-layers/recipes-browser/chromium/chromium_101.0.4951/0002-Add-mmap-via-libv4l-to-generic_v4l2_device.patch","local","","local","generated","1750","2bbf7b4c369cd8bcf9688b77fcb5972a4b5ba962c1bba0b35bd945fbd56e401e","2026-07-19 18:08:45 +08:00"
"04_SDK与镜像/公开仓库/meta-tspi/dynamic-layers/recipes-browser/chromium/chromium_101.0.4951/0003-media-capture-linux-Support-libv4l2-plugins.patch","local","","local","generated","5270","6695f809f2f196d6d5ccc04b9733d7dbfbfb454f15aa69ee4d9b635244ad6723","2026-07-19 18:08:45 +08:00"
"04_SDK与镜像/公开仓库/meta-tspi/dynamic-layers/recipes-browser/chromium/chromium_101.0.4951/0004-cld3-Avoid-unaligned-accesses.patch","local","","local","generated","1630","76d08c44649b3a219ae9a852108b8ccc70403fdbb1a1ea910f787549163081ad","2026-07-19 18:08:45 +08:00"
"04_SDK与镜像/公开仓库/meta-tspi/dynamic-layers/recipes-browser/chromium/chromium_101.0.4951/0005-media-gpu-v4l2-Use-POLLIN-for-pending-event.patch","local","","local","generated","1028","1963fcab15d537725d85cb00370d74b0c825e84fd157c34f67fb002baa463ea2","2026-07-19 18:08:45 +08:00"
"04_SDK与镜像/公开仓库/meta-tspi/dynamic-layers/recipes-browser/chromium/chromium_101.0.4951/0006-media-capture-linux-Prefer-using-the-first-device.patch","local","","local","generated","1462","324b3ea7c66a3c8ddcb7ee3ea1c88d9c2f7de8ff5fa94ad3d3f996d0dcd4b4ed","2026-07-19 18:08:45 +08:00"
"04_SDK与镜像/公开仓库/meta-tspi/dynamic-layers/recipes-browser/chromium/chromium_101.0.4951/0007-media-gpu-v4l2-Fix-compile-error-when-ozone-not-enab.patch","local","","local","generated","2034","e46b5192ea512726bf2f45cb02b9ae3e6ba9180744ab64bba68eca04904d30ed","2026-07-19 18:08:45 +08:00"
"04_SDK与镜像/公开仓库/meta-tspi/dynamic-layers/recipes-browser/chromium/chromium_101.0.4951/0008-ui-events-ozone-Define-SW_PEN_INSERTED-for-old-kerne.patch","local","","local","generated","993","064913117365a9164c6c4d68ef06018573f2d53db2499d646437cbefca4b69c8","2026-07-19 18:08:45 +08:00"
"04_SDK与镜像/公开仓库/meta-tspi/dynamic-layers/recipes-browser/chromium/chromium_101.0.4951/0009-Create-new-fence-when-there-s-no-in-fences.patch","local","","local","generated","2436","afb100daaa21c807a394d3f55e6dcf491505a182b6c9d3f5d2d5714bb0424b52","2026-07-19 18:08:45 +08:00"
"04_SDK与镜像/公开仓库/meta-tspi/dynamic-layers/recipes-browser/chromium/chromium_101.0.4951/0010-HACK-ozone-wayland-Force-disable-implicit-external-s.patch","local","","local","generated","1351","0cccacde2e84c4aa80c04095854fc66c1e340561123cf7ccb7fb456cba2dbc3c","2026-07-19 18:08:45 +08:00"
"04_SDK与镜像/公开仓库/meta-tspi/dynamic-layers/recipes-browser/chromium/chromium_101.0.4951/0011-HACK-media-capture-linux-Allow-camera-without-suppor.patch","local","","local","generated","1505","99f6b5e9a2cd48b23c6402179a2dab23cd568aa862f91487238699def37a8cde","2026-07-19 18:08:45 +08:00"
"04_SDK与镜像/公开仓库/meta-tspi/dynamic-layers/recipes-browser/chromium/chromium_101.0.4951/0012-content-gpu-Only-depend-dri-for-X11.patch","local","","local","generated","909","fd065b2cb5be15c2922c9b758b4ae6b9b4a476a3b2a52cdcec66aa9e62d0c41a","2026-07-19 18:08:45 +08:00"
"04_SDK与镜像/公开仓库/meta-tspi/dynamic-layers/recipes-browser/chromium/chromium_101.0.4951/0013-blink-rtc-Force-disabling-optimized-video-scaling.patch","local","","local","generated","1300","0e8881a14677ee71fc736532eb21c6be56862207fd1ffe3de3481b2f07fe58fe","2026-07-19 18:08:45 +08:00"
"04_SDK与镜像/公开仓库/meta-tspi/dynamic-layers/recipes-browser/chromium/chromium_101.0.4951/0014-HACK-media-Disable-chromeos-direct-video-decoder-by-.patch","local","","local","generated","1178","973480fd35c381e3f0cdb5639a647d72130ba26cb4f4646418bbe8f7305381ef","2026-07-19 18:08:45 +08:00"
"04_SDK与镜像/公开仓库/meta-tspi/dynamic-layers/recipes-browser/chromium/chromium_101.0.4951/0015-media-gpu-v4l2-Non-blocking-initialize.patch","local","","local","generated","4828","5340b652b1bd1a068163f3cad034de5e97a7abf66b2f17ccff6c8e9d6c9dfe6b","2026-07-19 18:08:45 +08:00"
"04_SDK与镜像/公开仓库/meta-tspi/dynamic-layers/recipes-browser/chromium/chromium_103.0.5060/0001-Add-support-for-V4L2VDA-on-Linux.patch","local","","local","generated","16700","dcb64ab0fb92604f7ce2f47e616411aa7ba46bc362267a1ae0766defaa3c4931","2026-07-19 18:08:45 +08:00"
"04_SDK与镜像/公开仓库/meta-tspi/dynamic-layers/recipes-browser/chromium/chromium_103.0.5060/0002-Add-mmap-via-libv4l-to-generic_v4l2_device.patch","local","","local","generated","1750","05a904d907fc80361267717e0c72912e38f7a613c3c382775f14f87b8bd8139f","2026-07-19 18:08:45 +08:00"
"04_SDK与镜像/公开仓库/meta-tspi/dynamic-layers/recipes-browser/chromium/chromium_103.0.5060/0003-media-capture-linux-Support-libv4l2-plugins.patch","local","","local","generated","5270","9a518df9463976301a3bcf5f4cfaeebe755f571208f919f1a1689fc371d8de96","2026-07-19 18:08:45 +08:00"
"04_SDK与镜像/公开仓库/meta-tspi/dynamic-layers/recipes-browser/chromium/chromium_103.0.5060/0004-cld3-Avoid-unaligned-accesses.patch","local","","local","generated","1630","550d2c1df64049f2d3ce137d449f25797d95e6d0c43273870d92187325c0f09c","2026-07-19 18:08:45 +08:00"
"04_SDK与镜像/公开仓库/meta-tspi/dynamic-layers/recipes-browser/chromium/chromium_103.0.5060/0005-media-gpu-v4l2-Use-POLLIN-for-pending-event.patch","local","","local","generated","1028","2697ba38db1021a3903738f4853eb1f95afad8600901edc228c66d31ceefa402","2026-07-19 18:08:45 +08:00"
"04_SDK与镜像/公开仓库/meta-tspi/dynamic-layers/recipes-browser/chromium/chromium_103.0.5060/0006-media-capture-linux-Prefer-using-the-first-device.patch","local","","local","generated","1462","d6b659188bae2a3a7b8326df5e0a40d300d4f821811d59dc6c26da31687ded35","2026-07-19 18:08:45 +08:00"
"04_SDK与镜像/公开仓库/meta-tspi/dynamic-layers/recipes-browser/chromium/chromium_103.0.5060/0007-media-gpu-v4l2-Fix-compile-error-when-ozone-not-enab.patch","local","","local","generated","2034","2b1a8d627faf05325efe56dacf439d360d00e04195b2622a2391ee55b66aad0e","2026-07-19 18:08:45 +08:00"
"04_SDK与镜像/公开仓库/meta-tspi/dynamic-layers/recipes-browser/chromium/chromium_103.0.5060/0008-ui-events-ozone-Define-SW_PEN_INSERTED-for-old-kerne.patch","local","","local","generated","993","b0c54b75fee2c82ebf189d2c819af0dbfd164da8386b828285ec24d9297d152d","2026-07-19 18:08:45 +08:00"
"04_SDK与镜像/公开仓库/meta-tspi/dynamic-layers/recipes-browser/chromium/chromium_103.0.5060/0009-Create-new-fence-when-there-s-no-in-fences.patch","local","","local","generated","2526","36b91c3c00602ec5472e38f89321a72d7dbbb680d719a45557c1a1e4e9a8ecd0","2026-07-19 18:08:45 +08:00"
"04_SDK与镜像/公开仓库/meta-tspi/dynamic-layers/recipes-browser/chromium/chromium_103.0.5060/0010-HACK-ozone-wayland-Force-disable-implicit-external-s.patch","local","","local","generated","1510","40b4b38e90933c12a299ec1d75623ec59d1a6765e90d0c66a43c1d89d9407797","2026-07-19 18:08:45 +08:00"
"04_SDK与镜像/公开仓库/meta-tspi/dynamic-layers/recipes-browser/chromium/chromium_103.0.5060/0011-HACK-media-capture-linux-Allow-camera-without-suppor.patch","local","","local","generated","1505","8d9585493f69e961b2d489062ad2c7e24db21e9ee3fbd4f4c8b4293cc8873f1c","2026-07-19 18:08:45 +08:00"
"04_SDK与镜像/公开仓库/meta-tspi/dynamic-layers/recipes-browser/chromium/chromium_103.0.5060/0012-content-gpu-Only-depend-dri-for-X11.patch","local","","local","generated","826","cad4a10f991a419a09b0bd42a96ffabed9508230fca021a6207f8c555bcfe39c","2026-07-19 18:08:45 +08:00"
"04_SDK与镜像/公开仓库/meta-tspi/dynamic-layers/recipes-browser/chromium/chromium_103.0.5060/0013-HACK-media-Disable-chromeos-direct-video-decoder-by-.patch","local","","local","generated","1178","b972bc888b0c17f1f5702dfa4c75f7c43886b2b8c6c3433d4a060b8d04588864","2026-07-19 18:08:45 +08:00"
"04_SDK与镜像/公开仓库/meta-tspi/dynamic-layers/recipes-browser/chromium/chromium_103.0.5060/0014-Fix-build-with-use_gtk-false.patch","local","","local","generated","7383","ae78abfee50fe9f5e25fa7cc02ad539575f1351cf67b7be6d3150cb3d590e155","2026-07-19 18:08:45 +08:00"
"04_SDK与镜像/公开仓库/meta-tspi/dynamic-layers/recipes-browser/chromium/chromium_103.0.5060/0015-libgav1-Enable-parser-on-arm32-as-well.patch","local","","local","generated","877","744f13654493b3cf04b730e5f1d95dfe3b315955244719934539729989597aa6","2026-07-19 18:08:45 +08:00"
"04_SDK与镜像/公开仓库/meta-tspi/dynamic-layers/recipes-browser/chromium/chromium_104.0.5112/0001-Add-support-for-V4L2VDA-on-Linux.patch","local","","local","generated","16700","5746918793461e2898b9a9b17d14824a1a4a8c1ee87c8ae15d94c218a6554122","2026-07-19 18:08:45 +08:00"
"04_SDK与镜像/公开仓库/meta-tspi/dynamic-layers/recipes-browser/chromium/chromium_104.0.5112/0002-Add-mmap-via-libv4l-to-generic_v4l2_device.patch","local","","local","generated","1750","221008812bdf186d8392065d4a6ea48fbb770da0446fa5956bf4549897107602","2026-07-19 18:08:45 +08:00"
"04_SDK与镜像/公开仓库/meta-tspi/dynamic-layers/recipes-browser/chromium/chromium_104.0.5112/0003-media-capture-linux-Support-libv4l2-plugins.patch","local","","local","generated","5270","cde0a4c2b66a4ce196d77a34d9c524d453348f3a52469b05827d901c87375abf","2026-07-19 18:08:45 +08:00"
"04_SDK与镜像/公开仓库/meta-tspi/dynamic-layers/recipes-browser/chromium/chromium_104.0.5112/0004-cld3-Avoid-unaligned-accesses.patch","local","","local","generated","1630","04cbc6c0efc10527036d689d00e2b5040a9ea87b5f5ef12a12f8c9c9756d02ce","2026-07-19 18:08:45 +08:00"
"04_SDK与镜像/公开仓库/meta-tspi/dynamic-layers/recipes-browser/chromium/chromium_104.0.5112/0005-media-gpu-v4l2-Use-POLLIN-for-pending-event.patch","local","","local","generated","1028","a6937a0abb5111e6b397cd0bd5b73d46b5e67cec815d542fe91350d8c372250c","2026-07-19 18:08:45 +08:00"
"04_SDK与镜像/公开仓库/meta-tspi/dynamic-layers/recipes-browser/chromium/chromium_104.0.5112/0006-media-capture-linux-Prefer-using-the-first-device.patch","local","","local","generated","1462","bb6a8149b04e6da00325393f95c771eccf6aadbf0e062b2bfa746901ada8bfb8","2026-07-19 18:08:45 +08:00"
"04_SDK与镜像/公开仓库/meta-tspi/dynamic-layers/recipes-browser/chromium/chromium_104.0.5112/0007-media-gpu-v4l2-Fix-compile-error-when-ozone-not-enab.patch","local","","local","generated","2034","37973ed3fbd81bab4b7550ee4597b823003ab68342161b95335b5011a19e990e","2026-07-19 18:08:45 +08:00"
"04_SDK与镜像/公开仓库/meta-tspi/dynamic-layers/recipes-browser/chromium/chromium_104.0.5112/0008-ui-events-ozone-Define-SW_PEN_INSERTED-for-old-kerne.patch","local","","local","generated","993","50a0f8e7dd1e653451b29538798b14d9734187ac7842d9502689c66b79d499d8","2026-07-19 18:08:45 +08:00"
"04_SDK与镜像/公开仓库/meta-tspi/dynamic-layers/recipes-browser/chromium/chromium_104.0.5112/0009-Create-new-fence-when-there-s-no-in-fences.patch","local","","local","generated","2526","91dc2d73b28634bb1c8c6c35676657ab83976eb970c349f96a65962f9ab01208","2026-07-19 18:08:45 +08:00"
"04_SDK与镜像/公开仓库/meta-tspi/dynamic-layers/recipes-browser/chromium/chromium_104.0.5112/0010-HACK-ozone-wayland-Force-disable-implicit-external-s.patch","local","","local","generated","1510","ada3336f950a202c99b6c333075b02232e39dffc46e832259894c9208dffd959","2026-07-19 18:08:45 +08:00"
"04_SDK与镜像/公开仓库/meta-tspi/dynamic-layers/recipes-browser/chromium/chromium_104.0.5112/0011-HACK-media-capture-linux-Allow-camera-without-suppor.patch","local","","local","generated","1505","384e477e32a4779a8be86e3fd1776bf821760ed02d44b4e709236a352dc8be3c","2026-07-19 18:08:45 +08:00"
"04_SDK与镜像/公开仓库/meta-tspi/dynamic-layers/recipes-browser/chromium/chromium_104.0.5112/0012-content-gpu-Only-depend-dri-for-X11.patch","local","","local","generated","826","d08af689f4371a3663997fa002d0808d341a7be1e65f80d57aa712f0e5652446","2026-07-19 18:08:45 +08:00"
"04_SDK与镜像/公开仓库/meta-tspi/dynamic-layers/recipes-browser/chromium/chromium_104.0.5112/0013-HACK-media-Disable-chromeos-direct-video-decoder-by-.patch","local","","local","generated","1207","af7ff6e4d37d4eb8a94c1a108f1bb96015f0b630829d2edbafa8a91cd5990ebe","2026-07-19 18:08:45 +08:00"
"04_SDK与镜像/公开仓库/meta-tspi/dynamic-layers/recipes-browser/chromium/chromium_104.0.5112/0014-page_characteristics-in-base-should-be-exported.patch","local","","local","generated","3705","f4d8b5aefb3d2cdabd9fdc28cf5a33dee46473f84bbd0cfee34757769ac5fcbf","2026-07-19 18:08:45 +08:00"
"04_SDK与镜像/公开仓库/meta-tspi/dynamic-layers/recipes-browser/chromium/chromium_104.0.5112/0015-libgav1-Enable-parser-on-arm32-as-well.patch","local","","local","generated","883","50e57eafdbc3eb99dc5decd9e6eb065bdcb308f490c992ad9e1620d695d792e2","2026-07-19 18:08:45 +08:00"
"04_SDK与镜像/公开仓库/meta-tspi/dynamic-layers/recipes-browser/chromium/chromium_104.0.5112/0016-media-Enable-HEVC-by-default-for-V4L2VDA.patch","local","","local","generated","5376","5a7acfedb3a73c120f0e556b6860419308f0f53926c130489dbc177afd971519","2026-07-19 18:08:45 +08:00"
"04_SDK与镜像/公开仓库/meta-tspi/dynamic-layers/recipes-browser/chromium/chromium_104.0.5112/0017-media-gpu-chromeos-Define-new-formats-for-old-kernel.patch","local","","local","generated","1124","abf57bfa20dd2e58da4a828a1e07e87feaa4f5f5e0762ce437cf76dc52abdbe9","2026-07-19 18:08:45 +08:00"
"04_SDK与镜像/公开仓库/meta-tspi/dynamic-layers/recipes-browser/chromium/chromium_105.0.5195/0001-Add-support-for-V4L2-VDA-and-VEA-on-Linux.patch","local","","local","generated","16128","47b00dae1d46480975e876bd4c85864557d7c51c9fca0621866789fc8da4f4f9","2026-07-19 18:08:45 +08:00"
"04_SDK与镜像/公开仓库/meta-tspi/dynamic-layers/recipes-browser/chromium/chromium_105.0.5195/0002-Add-mmap-via-libv4l-to-generic_v4l2_device.patch","local","","local","generated","1750","350b602ae94059d847d0a717d64219d766cc7c4b54a4e2e38cc879059248430d","2026-07-19 18:08:45 +08:00"
"04_SDK与镜像/公开仓库/meta-tspi/dynamic-layers/recipes-browser/chromium/chromium_105.0.5195/0003-media-capture-linux-Support-libv4l2-plugins.patch","local","","local","generated","5270","4044ec1ceccde9c77d6ffe11d8fa4031233b1e191efe8e11d0ef440cf46a8d40","2026-07-19 18:08:45 +08:00"
"04_SDK与镜像/公开仓库/meta-tspi/dynamic-layers/recipes-browser/chromium/chromium_105.0.5195/0004-cld3-Avoid-unaligned-accesses.patch","local","","local","generated","1630","8c81b423ae9b03fd0586da3c62b9221168f2c2dae2dce816baa657ab1e631b2b","2026-07-19 18:08:45 +08:00"
"04_SDK与镜像/公开仓库/meta-tspi/dynamic-layers/recipes-browser/chromium/chromium_105.0.5195/0005-media-gpu-v4l2-Use-POLLIN-for-pending-event.patch","local","","local","generated","1028","c1101a61bc182b34392d97086614a3fbb3685e1030ea033e8c18023f36419575","2026-07-19 18:08:45 +08:00"
"04_SDK与镜像/公开仓库/meta-tspi/dynamic-layers/recipes-browser/chromium/chromium_105.0.5195/0006-media-capture-linux-Prefer-using-the-first-device.patch","local","","local","generated","1462","5a78745174fd559f8db8780a48eb0a7dc2526cc62528fc8f5321f958fe395968","2026-07-19 18:08:45 +08:00"
"04_SDK与镜像/公开仓库/meta-tspi/dynamic-layers/recipes-browser/chromium/chromium_105.0.5195/0007-media-gpu-v4l2-Fix-compile-error-when-ozone-not-enab.patch","local","","local","generated","2034","4f9443439bdc8771f8b547a6a79085787fb4da669a345970c692ff913d791c18","2026-07-19 18:08:45 +08:00"
"04_SDK与镜像/公开仓库/meta-tspi/dynamic-layers/recipes-browser/chromium/chromium_105.0.5195/0008-ui-events-ozone-Define-SW_PEN_INSERTED-for-old-kerne.patch","local","","local","generated","993","2c154882194dc5be6bf8145c470dc09aa80744dd19e05d9b79545ae23f26f5fa","2026-07-19 18:08:45 +08:00"
"04_SDK与镜像/公开仓库/meta-tspi/dynamic-layers/recipes-browser/chromium/chromium_105.0.5195/0009-Create-new-fence-when-there-s-no-in-fences.patch","local","","local","generated","2526","f4011047c2432de9a2084ad8ce825701f91ef8e22955f19a31e7e8c4b8418643","2026-07-19 18:08:45 +08:00"
"04_SDK与镜像/公开仓库/meta-tspi/dynamic-layers/recipes-browser/chromium/chromium_105.0.5195/0010-HACK-ozone-wayland-Force-disable-implicit-external-s.patch","local","","local","generated","1510","698dba15520887e81abcd63dddd86f2fb175b5657bf807a24668af84bb4a0886","2026-07-19 18:08:45 +08:00"
"04_SDK与镜像/公开仓库/meta-tspi/dynamic-layers/recipes-browser/chromium/chromium_105.0.5195/0011-HACK-media-capture-linux-Allow-camera-without-suppor.patch","local","","local","generated","1505","e8252532b68eaad4a5ac8d28478cb8bc47f73c622eb95a20b9b9a09ed2827e93","2026-07-19 18:08:45 +08:00"
"04_SDK与镜像/公开仓库/meta-tspi/dynamic-layers/recipes-browser/chromium/chromium_105.0.5195/0012-content-gpu-Only-depend-dri-for-X11.patch","local","","local","generated","826","ff8c2226953f6bbf917996272ce4451bd67654a74f6979747350881366cba9cc","2026-07-19 18:08:45 +08:00"
"04_SDK与镜像/公开仓库/meta-tspi/dynamic-layers/recipes-browser/chromium/chromium_105.0.5195/0013-HACK-media-Disable-chromeos-direct-video-decoder-by-.patch","local","","local","generated","1220","8db272078b3c0c9b909add4faa1b3b1f439e1cb816dcc1634ef39773da0c3dc0","2026-07-19 18:08:45 +08:00"
"04_SDK与镜像/公开仓库/meta-tspi/dynamic-layers/recipes-browser/chromium/chromium_105.0.5195/0014-libgav1-Enable-parser-on-arm32-as-well.patch","local","","local","generated","883","bc50a09364e08fb0df96e5ebc6c51ad632dd105e64eeeb7a637314d7952cbcfc","2026-07-19 18:08:45 +08:00"
"04_SDK与镜像/公开仓库/meta-tspi/dynamic-layers/recipes-browser/chromium/chromium_105.0.5195/0015-media-Enable-HEVC-by-default-for-V4L2VDA.patch","local","","local","generated","5394","2053ee6c01e84202f968e2fce4fd42d76373775f4f082bee73928a3096f56202","2026-07-19 18:08:45 +08:00"
"04_SDK与镜像/公开仓库/meta-tspi/dynamic-layers/recipes-browser/chromium/chromium_105.0.5195/0016-media-gpu-chromeos-Define-new-formats-for-old-kernel.patch","local","","local","generated","1124","fb33dd62832972c2159129f1a854c4bcd55cf76f4571a3da81a8dd6424a8d730","2026-07-19 18:08:45 +08:00"
"04_SDK与镜像/公开仓库/meta-tspi/dynamic-layers/recipes-browser/chromium/chromium_105.0.5195/0017-abseil-cpp-Map-the-absl-is_trivially_-functions-to-t.patch","local","","local","generated","6161","9ec0a9d89d7947a1ebee88b2085aa1c9046e6fce70f855135e22315a69d3af74","2026-07-19 18:08:45 +08:00"
"04_SDK与镜像/公开仓库/meta-tspi/dynamic-layers/recipes-browser/chromium/chromium_105.0.5195/0018-swiftshader-Don-t-check-system-wayland-for-non-wayla.patch","local","","local","generated","964","af4d5a1bbca623d410c6f55f7af42fd042432fc7530c22498f2d2fe78a537170","2026-07-19 18:08:45 +08:00"
"04_SDK与镜像/公开仓库/meta-tspi/dynamic-layers/recipes-browser/chromium/chromium_109.0.5414/0001-media-gpu-v4l2-Support-V4L2-VDA-with-libv4l2-on-Linu.patch","local","","local","generated","16577","bd853efb3e867c4d673e61efc4566d47d56729f716403cdcfd2b5270b5a40b14","2026-07-19 18:08:45 +08:00"
"04_SDK与镜像/公开仓库/meta-tspi/dynamic-layers/recipes-browser/chromium/chromium_109.0.5414/0002-HACK-media-gpu-v4l2-Allow-V4L2-VEA-on-non-chromeos-p.patch","local","","local","generated","1766","cf1a8ea2330a499f2eaa9c818241b2236ccf8f07e98b483b6206fe2e97dba6aa","2026-07-19 18:08:45 +08:00"
"04_SDK与镜像/公开仓库/meta-tspi/dynamic-layers/recipes-browser/chromium/chromium_109.0.5414/0003-Add-mmap-via-libv4l-to-generic_v4l2_device.patch","local","","local","generated","1750","aad891df927b8a946515e77377c71627659c647495259d613d21089bc54a4971","2026-07-19 18:08:45 +08:00"
"04_SDK与镜像/公开仓库/meta-tspi/dynamic-layers/recipes-browser/chromium/chromium_109.0.5414/0004-media-capture-linux-Support-libv4l2-plugins.patch","local","","local","generated","5270","f8925bf738fd85709f5f4eb1acd5d1b5042b32c33865a79ad6ab198608b92589","2026-07-19 18:08:45 +08:00"
"04_SDK与镜像/公开仓库/meta-tspi/dynamic-layers/recipes-browser/chromium/chromium_109.0.5414/0005-cld3-Avoid-unaligned-accesses.patch","local","","local","generated","1630","70f40bab88eff31677e3fa315cff1aea3db4745c13d90ba9338a7b100d0f6754","2026-07-19 18:08:45 +08:00"
"04_SDK与镜像/公开仓库/meta-tspi/dynamic-layers/recipes-browser/chromium/chromium_109.0.5414/0006-media-gpu-v4l2-Use-POLLIN-for-pending-event.patch","local","","local","generated","1028","45b21f94591168140c9831f6190c03a22756fdc9e866a6c8fabc18cd9382ea7a","2026-07-19 18:08:45 +08:00"
"04_SDK与镜像/公开仓库/meta-tspi/dynamic-layers/recipes-browser/chromium/chromium_109.0.5414/0007-media-capture-linux-Prefer-using-the-first-device.patch","local","","local","generated","1462","2bd0f4a7d047a6607cc910d1779c4cc37cbeaeb5c40dc12716d350e1360c1b6e","2026-07-19 18:08:45 +08:00"
"04_SDK与镜像/公开仓库/meta-tspi/dynamic-layers/recipes-browser/chromium/chromium_109.0.5414/0008-media-gpu-v4l2-Fix-compile-error-when-ozone-not-enab.patch","local","","local","generated","2069","06128c320887d34c3a030e105b1ab8620424d17e485f8d76da3ac0986b84fe76","2026-07-19 18:08:45 +08:00"
"04_SDK与镜像/公开仓库/meta-tspi/dynamic-layers/recipes-browser/chromium/chromium_109.0.5414/0009-ui-events-ozone-Define-SW_PEN_INSERTED-for-old-kerne.patch","local","","local","generated","993","de4ee658210356a19dd849445aa776d02f559a5fc57e7dcc259ba542247d37da","2026-07-19 18:08:45 +08:00"
"04_SDK与镜像/公开仓库/meta-tspi/dynamic-layers/recipes-browser/chromium/chromium_109.0.5414/0010-Create-new-fence-when-there-s-no-in-fences.patch","local","","local","generated","2526","b689ef4a34fe80b294f9f92e960edaa7cd78126f02a55d89a27f154b5d556368","2026-07-19 18:08:45 +08:00"
"04_SDK与镜像/公开仓库/meta-tspi/dynamic-layers/recipes-browser/chromium/chromium_109.0.5414/0011-HACK-ozone-wayland-Force-disable-implicit-external-s.patch","local","","local","generated","1510","f3922644b5694117ed09ad23594689c26aeb1c532e8edd647424ad1b2c8a6836","2026-07-19 18:08:45 +08:00"
"04_SDK与镜像/公开仓库/meta-tspi/dynamic-layers/recipes-browser/chromium/chromium_109.0.5414/0012-HACK-media-capture-linux-Allow-camera-without-suppor.patch","local","","local","generated","1505","bfb7348575b692aa2bb6248d2ca6437d3350c734295e8c60769daf277db9fbac","2026-07-19 18:08:45 +08:00"
"04_SDK与镜像/公开仓库/meta-tspi/dynamic-layers/recipes-browser/chromium/chromium_109.0.5414/0013-content-gpu-Only-depend-dri-for-X11.patch","local","","local","generated","826","78a6507c6879122af9956f7e62c3ccb4f6f625193f719019392dba2dd2bfadac","2026-07-19 18:08:45 +08:00"
"04_SDK与镜像/公开仓库/meta-tspi/dynamic-layers/recipes-browser/chromium/chromium_109.0.5414/0014-HACK-media-Disable-chromeos-direct-video-decoder-by-.patch","local","","local","generated","1166","6e99357da68d4c3f44d2d6c9a31fafa6c974a3aee55dbbcad51a37180527e6b6","2026-07-19 18:08:45 +08:00"
"04_SDK与镜像/公开仓库/meta-tspi/dynamic-layers/recipes-browser/chromium/chromium_109.0.5414/0015-media-Support-HEVC-in-V4L2-VDA.patch","local","","local","generated","3924","5a35903040b1dcbbc6c4fa1545e946bb24b15793252c807ebb2bd701bbccab6a","2026-07-19 18:08:45 +08:00"
"04_SDK与镜像/公开仓库/meta-tspi/dynamic-layers/recipes-browser/chromium/chromium_109.0.5414/0016-media-gpu-chromeos-Define-new-formats-for-old-kernel.patch","local","","local","generated","1124","235a5525b12a5138c5a07932c1d07fcf05275eb4c693e3b77693f2bbfda43c87","2026-07-19 18:08:45 +08:00"
"04_SDK与镜像/公开仓库/meta-tspi/dynamic-layers/recipes-browser/chromium/chromium_109.0.5414/0017-media-Support-AV1-in-V4L2-VDA.patch","local","","local","generated","3975","896f076bcbbc701978adbaf308727713199814123b9bd011b2309b6c04091e54","2026-07-19 18:08:45 +08:00"
"04_SDK与镜像/公开仓库/meta-tspi/dynamic-layers/recipes-browser/chromium/chromium_111.0.5563/0001-media-gpu-v4l2-Support-V4L2-VDA-with-libv4l2-on-Linu.patch","local","","local","generated","16656","935f945488b37e24074c51e914f07f4eab7b8ee113320de55241340ac473df13","2026-07-19 18:08:45 +08:00"
"04_SDK与镜像/公开仓库/meta-tspi/dynamic-layers/recipes-browser/chromium/chromium_111.0.5563/0002-HACK-media-gpu-v4l2-Allow-V4L2-VEA-on-non-chromeos-p.patch","local","","local","generated","1762","70606147100702f6fc7956b75f40d375325cdd8654a7742960b42147f761e9dd","2026-07-19 18:08:45 +08:00"
"04_SDK与镜像/公开仓库/meta-tspi/dynamic-layers/recipes-browser/chromium/chromium_111.0.5563/0003-Add-mmap-via-libv4l-to-generic_v4l2_device.patch","local","","local","generated","1750","7ac2bcc797559a534dd278019cb07eddd31e5a1656dd1197f80b9ff4a62d36e3","2026-07-19 18:08:45 +08:00"
"04_SDK与镜像/公开仓库/meta-tspi/dynamic-layers/recipes-browser/chromium/chromium_111.0.5563/0004-media-capture-linux-Support-libv4l2-plugins.patch","local","","local","generated","5270","02a97fa2bb3f61249f93396e280ac39380af75a6491bfa4cda61658a3bc62d13","2026-07-19 18:08:45 +08:00"
"04_SDK与镜像/公开仓库/meta-tspi/dynamic-layers/recipes-browser/chromium/chromium_111.0.5563/0005-cld3-Avoid-unaligned-accesses.patch","local","","local","generated","1630","cdda885aec95fbbb1bc32c09bb57d8625eb83ef47a11f753dfaabc9b5c1cc7be","2026-07-19 18:08:45 +08:00"
"04_SDK与镜像/公开仓库/meta-tspi/dynamic-layers/recipes-browser/chromium/chromium_111.0.5563/0006-media-gpu-v4l2-Use-POLLIN-for-pending-event.patch","local","","local","generated","1028","c6991e87a56ee6f906eb116cb64e69dfd513bdb5f36b1aa53aff48ee8fc9a938","2026-07-19 18:08:45 +08:00"
"04_SDK与镜像/公开仓库/meta-tspi/dynamic-layers/recipes-browser/chromium/chromium_111.0.5563/0007-media-capture-linux-Prefer-using-the-first-device.patch","local","","local","generated","1462","111dc35e5e55c3a239db4e6b14d24cbf05ed80310aafa8203e99c91712654d06","2026-07-19 18:08:45 +08:00"
"04_SDK与镜像/公开仓库/meta-tspi/dynamic-layers/recipes-browser/chromium/chromium_111.0.5563/0008-media-gpu-v4l2-Fix-compile-error-when-ozone-not-enab.patch","local","","local","generated","2099","7108d22071e3675d3616ef8dcbc6199ddeb06a600f9537aa3b42cb8c557e3cdf","2026-07-19 18:08:45 +08:00"
"04_SDK与镜像/公开仓库/meta-tspi/dynamic-layers/recipes-browser/chromium/chromium_111.0.5563/0009-ui-events-ozone-Define-SW_PEN_INSERTED-for-old-kerne.patch","local","","local","generated","993","06ac1b5eba847f647fe42dc06da62b00d3cf1fd5e563cd7a546c7962d3069edc","2026-07-19 18:08:45 +08:00"
"04_SDK与镜像/公开仓库/meta-tspi/dynamic-layers/recipes-browser/chromium/chromium_111.0.5563/0010-Create-new-fence-when-there-s-no-in-fences.patch","local","","local","generated","2594","00afad48eedd6ee6dd9f402e017c63d5a5772d52c3bfb169ac1e4878cb043b1d","2026-07-19 18:08:45 +08:00"
"04_SDK与镜像/公开仓库/meta-tspi/dynamic-layers/recipes-browser/chromium/chromium_111.0.5563/0011-HACK-ozone-wayland-Force-disable-implicit-external-s.patch","local","","local","generated","1544","21236c9b4e1d554d55173c879b3c26720d1ac36c16dba8175ccb691ef7ad3145","2026-07-19 18:08:45 +08:00"
"04_SDK与镜像/公开仓库/meta-tspi/dynamic-layers/recipes-browser/chromium/chromium_111.0.5563/0012-HACK-media-capture-linux-Allow-camera-without-suppor.patch","local","","local","generated","1505","77dc319ff86e35b9e136d39b1c2eb50ed0003f2934fee59c17340578e0f944db","2026-07-19 18:08:45 +08:00"
"04_SDK与镜像/公开仓库/meta-tspi/dynamic-layers/recipes-browser/chromium/chromium_111.0.5563/0013-content-gpu-Only-depend-dri-for-X11.patch","local","","local","generated","826","8e1bdcd6c132fe677e3da73ab5467fc133b0c2dd11f609783de5a92374d11b24","2026-07-19 18:08:45 +08:00"
"04_SDK与镜像/公开仓库/meta-tspi/dynamic-layers/recipes-browser/chromium/chromium_111.0.5563/0014-HACK-media-Disable-chromeos-direct-video-decoder-by-.patch","local","","local","generated","1168","faa711d1993f8f17eccd7b0f27eea90c5f62884051c9f7be7c15509cb727f83e","2026-07-19 18:08:45 +08:00"
"04_SDK与镜像/公开仓库/meta-tspi/dynamic-layers/recipes-browser/chromium/chromium_111.0.5563/0015-media-Support-HEVC-in-V4L2-VDA.patch","local","","local","generated","2134","333b291187ae8bcac29b6599b0b5b0ca1f32059c61fbf85380b39bac7eaee00d","2026-07-19 18:08:45 +08:00"
"04_SDK与镜像/公开仓库/meta-tspi/dynamic-layers/recipes-browser/chromium/chromium_111.0.5563/0016-media-gpu-chromeos-Define-new-formats-for-old-kernel.patch","local","","local","generated","1124","8e77a17fd1298c48e1e8fa0546ec56681090c160c845d3b2c9bc28dd7a69a293","2026-07-19 18:08:45 +08:00"
"04_SDK与镜像/公开仓库/meta-tspi/dynamic-layers/recipes-browser/chromium/chromium_111.0.5563/0017-media-Support-AV1-in-V4L2-VDA.patch","local","","local","generated","3703","7948c320cc4d809ea8b8ebd1dee63c6db9694abaa9ecb55f5ad379d000600571","2026-07-19 18:08:45 +08:00"
"04_SDK与镜像/公开仓库/meta-tspi/dynamic-layers/recipes-browser/chromium/chromium_111.0.5563/0018-media-gpu-sandbox-Only-depend-dri-for-X11.patch","local","","local","generated","868","21ea19cfeabaf8ec7c2cba2b1091f205d5510901bcfef66318442a9c95462ea5","2026-07-19 18:08:45 +08:00"
"04_SDK与镜像/公开仓库/meta-tspi/dynamic-layers/recipes-browser/chromium/chromium_114.0.5735/0001-media-gpu-v4l2-Support-V4L2-VDA-with-libv4l2-on-Linu.patch","local","","local","generated","17077","623906f7b65a787c7aa2932a920ca7a1b42b3233ca6612b1a971ccb2351c5c11","2026-07-19 18:08:45 +08:00"
"04_SDK与镜像/公开仓库/meta-tspi/dynamic-layers/recipes-browser/chromium/chromium_114.0.5735/0002-HACK-media-gpu-v4l2-Allow-V4L2-VEA-on-non-chromeos-p.patch","local","","local","generated","1762","3285060cfd2d4590fd6300f4a5cc18478174ed67510c7009bce4172b2acd26cd","2026-07-19 18:08:45 +08:00"
"04_SDK与镜像/公开仓库/meta-tspi/dynamic-layers/recipes-browser/chromium/chromium_114.0.5735/0003-Add-mmap-via-libv4l-to-generic_v4l2_device.patch","local","","local","generated","1750","8940e8e7a5a034f0991b83650653193e0c90fa067a5e6afe30332f54125d5ae4","2026-07-19 18:08:45 +08:00"
"04_SDK与镜像/公开仓库/meta-tspi/dynamic-layers/recipes-browser/chromium/chromium_114.0.5735/0004-media-capture-linux-Support-libv4l2-plugins.patch","local","","local","generated","5270","1ab376c18c019eddc15d65e115b98d366700083bda83bd04a9b9a9ff616f4208","2026-07-19 18:08:45 +08:00"
"04_SDK与镜像/公开仓库/meta-tspi/dynamic-layers/recipes-browser/chromium/chromium_114.0.5735/0005-cld3-Avoid-unaligned-accesses.patch","local","","local","generated","1630","0c10aedd60abc818d82ab483ffe2d50141044636583f7d7ca503b0415fe21e38","2026-07-19 18:08:46 +08:00"
"04_SDK与镜像/公开仓库/meta-tspi/dynamic-layers/recipes-browser/chromium/chromium_114.0.5735/0006-media-gpu-v4l2-Use-POLLIN-for-pending-event.patch","local","","local","generated","1028","9f3ff69f19941a20668ccd6eb266f72378f1f52db508a6bb0816f9f70b86e0b2","2026-07-19 18:08:46 +08:00"
"04_SDK与镜像/公开仓库/meta-tspi/dynamic-layers/recipes-browser/chromium/chromium_114.0.5735/0007-media-capture-linux-Prefer-using-the-first-device.patch","local","","local","generated","1460","d22bc783389656868d70630b81cb63d9b3b70445096c080379c3a3ae27574475","2026-07-19 18:08:46 +08:00"
"04_SDK与镜像/公开仓库/meta-tspi/dynamic-layers/recipes-browser/chromium/chromium_114.0.5735/0008-media-gpu-v4l2-Fix-compile-error-when-ozone-not-enab.patch","local","","local","generated","2316","f31aa7456a3b10cb4058131c61e4aa8bd7f141de109835f8b27d723059c420d0","2026-07-19 18:08:46 +08:00"
"04_SDK与镜像/公开仓库/meta-tspi/dynamic-layers/recipes-browser/chromium/chromium_114.0.5735/0009-ui-events-ozone-Define-SW_PEN_INSERTED-for-old-kerne.patch","local","","local","generated","993","1369c88f1fd267ad2d5edef8767cd7b45b9c264ea68c4c4baaf6ac7edf6e9a6b","2026-07-19 18:08:46 +08:00"
"04_SDK与镜像/公开仓库/meta-tspi/dynamic-layers/recipes-browser/chromium/chromium_114.0.5735/0010-Create-new-fence-when-there-s-no-in-fences.patch","local","","local","generated","2594","728620854c52ff99a1644b0754bb839664d0a2b1464082c4e0f6680beb3e00fc","2026-07-19 18:08:46 +08:00"
"04_SDK与镜像/公开仓库/meta-tspi/dynamic-layers/recipes-browser/chromium/chromium_114.0.5735/0011-HACK-ozone-wayland-Force-disable-implicit-external-s.patch","local","","local","generated","1544","aa62ecb80b36f3b35297ed454d0d0e3eab11285b685348f2b6be51fbd1fd0ab0","2026-07-19 18:08:46 +08:00"
"04_SDK与镜像/公开仓库/meta-tspi/dynamic-layers/recipes-browser/chromium/chromium_114.0.5735/0012-HACK-media-capture-linux-Allow-camera-without-suppor.patch","local","","local","generated","1422","8ff655eb13c77851f4674a3491f30b12d2e7320d4aa75f0432673629bc3e6f31","2026-07-19 18:08:46 +08:00"
"04_SDK与镜像/公开仓库/meta-tspi/dynamic-layers/recipes-browser/chromium/chromium_114.0.5735/0013-content-gpu-Only-depend-dri-for-X11.patch","local","","local","generated","826","c52d8317f5f8c23a534e75161a3725be39861a4f180805ee9050b228151e8fc6","2026-07-19 18:08:46 +08:00"
"04_SDK与镜像/公开仓库/meta-tspi/dynamic-layers/recipes-browser/chromium/chromium_114.0.5735/0014-HACK-media-Disable-chromeos-direct-video-decoder-by-.patch","local","","local","generated","1168","15fc3f466da91f037693adbf6b5cf823433e07c7376751ca74872805a048e6ae","2026-07-19 18:08:46 +08:00"
"04_SDK与镜像/公开仓库/meta-tspi/dynamic-layers/recipes-browser/chromium/chromium_114.0.5735/0015-media-Support-HEVC-in-V4L2-VDA.patch","local","","local","generated","2134","a11130b7bde0e60f9eb578b0293a0968fab6a9f17355a2b269af98d6c15f6bdc","2026-07-19 18:08:46 +08:00"
"04_SDK与镜像/公开仓库/meta-tspi/dynamic-layers/recipes-browser/chromium/chromium_114.0.5735/0016-media-gpu-chromeos-Define-new-formats-for-old-kernel.patch","local","","local","generated","1124","23ffacfbea71a02a424beff6c02b8719bd4aea276d86b10d1fc8d111f4725e8b","2026-07-19 18:08:46 +08:00"
"04_SDK与镜像/公开仓库/meta-tspi/dynamic-layers/recipes-browser/chromium/chromium_114.0.5735/0017-media-Support-AV1-in-V4L2-VDA.patch","local","","local","generated","3703","e3c7f60bd00ef938c9eb1b3e7203d75a292b61f73ffcb354af2518af9cb32561","2026-07-19 18:08:46 +08:00"
"04_SDK与镜像/公开仓库/meta-tspi/dynamic-layers/recipes-browser/chromium/chromium_114.0.5735/0018-media-gpu-sandbox-Only-depend-dri-for-X11.patch","local","","local","generated","868","cf0be1f12e6b81208a5fd8102549752a2626cb78856da262be83bc226f9babd9","2026-07-19 18:08:46 +08:00"
"04_SDK与镜像/公开仓库/meta-tspi/dynamic-layers/recipes-browser/chromium/chromium_114.0.5735/0019-HACK-ui-gl-Force-enabling-validating-command-decoder.patch","local","","local","generated","1252","6f942aa4dcf9d3c1554e7532539b18d81b925beed3d9731cf085c68ffb1889f1","2026-07-19 18:08:46 +08:00"
"04_SDK与镜像/公开仓库/meta-tspi/dynamic-layers/recipes-browser/chromium/chromium_114.0.5735/0020-ui-gfx-linux-Force-disabling-modifiers.patch","local","","local","generated","976","af47b643a20fc91a2a7956592cbdf3b93484740afb1f09b88412cc6b21eeeb20","2026-07-19 18:08:46 +08:00"
"04_SDK与镜像/公开仓库/meta-tspi/dynamic-layers/recipes-browser/chromium/chromium_119.0.6045/0001-HACK-media-Support-V4L2-video-decoder.patch","local","","local","generated","27286","b9166f96d71e9b10cdcd8687ff1e404b4c792535a8b481ba79b0b5e1ab406586","2026-07-19 18:08:46 +08:00"
"04_SDK与镜像/公开仓库/meta-tspi/dynamic-layers/recipes-browser/chromium/chromium_119.0.6045/0002-HACK-media-gpu-v4l2-Enable-V4L2-VEA.patch","local","","local","generated","1002","4e6c942b0db2728cd26b0746038fb1ae454978b5a6f56c2d792824d592fd003f","2026-07-19 18:08:46 +08:00"
"04_SDK与镜像/公开仓库/meta-tspi/dynamic-layers/recipes-browser/chromium/chromium_119.0.6045/0003-media-gpu-v4l2-Gen-libv4l2_stubs.patch","local","","local","generated","1058","f71fa5034f5e1c813ddcdec247bef3c61a106a8ca56b6113a32c5b3aa441fe01","2026-07-19 18:08:46 +08:00"
"04_SDK与镜像/公开仓库/meta-tspi/dynamic-layers/recipes-browser/chromium/chromium_119.0.6045/0004-media-gpu-v4l2-Support-libv4l2-plugins.patch","local","","local","generated","4237","8f4750bb4cfc52aeb78cc6c4c6e8380d6d3c5c407847096decedbb412594262b","2026-07-19 18:08:46 +08:00"
"04_SDK与镜像/公开仓库/meta-tspi/dynamic-layers/recipes-browser/chromium/chromium_119.0.6045/0005-media-capture-linux-Support-libv4l2-plugins.patch","local","","local","generated","5300","0fa5c78992950bc966655e07756beec0a8391b83d2ba4e03c492d7411c189c74","2026-07-19 18:08:46 +08:00"
"04_SDK与镜像/公开仓库/meta-tspi/dynamic-layers/recipes-browser/chromium/chromium_119.0.6045/0006-cld3-Avoid-unaligned-accesses.patch","local","","local","generated","1630","d42fdf74e12be0e080484e727139ca9534dd6811f1d885bc6d8a5e7f137ab082","2026-07-19 18:08:46 +08:00"
"04_SDK与镜像/公开仓库/meta-tspi/dynamic-layers/recipes-browser/chromium/chromium_119.0.6045/0007-media-gpu-v4l2-Use-POLLIN-for-pending-event.patch","local","","local","generated","1119","b0125a2f95687e066a71dcef0a2fc3e5fe1aef4c1f98fbb560567ee98305c3c6","2026-07-19 18:08:46 +08:00"
"04_SDK与镜像/公开仓库/meta-tspi/dynamic-layers/recipes-browser/chromium/chromium_119.0.6045/0008-media-capture-linux-Prefer-using-the-first-device.patch","local","","local","generated","1460","19b9959de6da450aea9cf8585c4a707ca5c10e8e276915209e6e684e3f084408","2026-07-19 18:08:46 +08:00"
"04_SDK与镜像/公开仓库/meta-tspi/dynamic-layers/recipes-browser/chromium/chromium_119.0.6045/0009-media-gpu-v4l2-Fix-compile-error-when-ozone-not-enab.patch","local","","local","generated","871","93459591b7cea7aa7f360659dd4322d4bee80d51cb2d10f93e70d658bedd55af","2026-07-19 18:08:46 +08:00"
"04_SDK与镜像/公开仓库/meta-tspi/dynamic-layers/recipes-browser/chromium/chromium_119.0.6045/0010-ui-events-ozone-Define-SW_PEN_INSERTED-for-old-kerne.patch","local","","local","generated","993","eebb2c6749ebdf1cf14e457d41c09a0d20d81922ebc6b45e5cb4e7d4f3fb2044","2026-07-19 18:08:46 +08:00"
"04_SDK与镜像/公开仓库/meta-tspi/dynamic-layers/recipes-browser/chromium/chromium_119.0.6045/0011-Create-new-fence-when-there-s-no-in-fences.patch","local","","local","generated","2594","b8186f16323e4d21257ba328265779fbd4dac1f6e51498e2ce8cd6e0a0f2bf51","2026-07-19 18:08:46 +08:00"
"04_SDK与镜像/公开仓库/meta-tspi/dynamic-layers/recipes-browser/chromium/chromium_119.0.6045/0012-HACK-ozone-wayland-Force-disable-implicit-external-s.patch","local","","local","generated","1544","2842ae2501d8d5734e63d6fe2a699e4e744b60b3c44dd4781b5bb6344248ccb3","2026-07-19 18:08:46 +08:00"
"04_SDK与镜像/公开仓库/meta-tspi/dynamic-layers/recipes-browser/chromium/chromium_119.0.6045/0013-HACK-media-capture-linux-Allow-camera-without-suppor.patch","local","","local","generated","1422","f83d4f3120695c2511a16586a18a3ba3924a6b4fa0b5c2f366335c0c02cbbdac","2026-07-19 18:08:46 +08:00"
"04_SDK与镜像/公开仓库/meta-tspi/dynamic-layers/recipes-browser/chromium/chromium_119.0.6045/0014-content-gpu-Only-depend-dri-for-X11.patch","local","","local","generated","826","13b1ce579ced0714e9c4ae2f664c8bd2afaa9f9d3b4da93119a3dc9aea8fac05","2026-07-19 18:08:46 +08:00"
"04_SDK与镜像/公开仓库/meta-tspi/dynamic-layers/recipes-browser/chromium/chromium_119.0.6045/0015-media-gpu-sandbox-Only-depend-dri-for-X11.patch","local","","local","generated","868","761fe0734fa6496cdc668b0fdbec302a895db4ed949bf176bc82c842b60ccb5f","2026-07-19 18:08:46 +08:00"
"04_SDK与镜像/公开仓库/meta-tspi/dynamic-layers/recipes-browser/chromium/chromium_119.0.6045/0016-ui-gfx-linux-Force-disabling-modifiers.patch","local","","local","generated","976","9f7faf1ebcb81ae764c764d5338dd3602fad2e5c89b8a9fe66bd6df1d0c1dfc1","2026-07-19 18:08:46 +08:00"
"04_SDK与镜像/公开仓库/meta-tspi/dynamic-layers/recipes-browser/chromium/chromium_119.0.6045/0017-HACK-ui-x11-Fix-config-choosing-error-with-Mali-DDK.patch","local","","local","generated","1341","5d1870fff464976fcd5d6e6ac4131f572ed85e4266abe087dec425598ed5b1ec","2026-07-19 18:08:46 +08:00"
"04_SDK与镜像/公开仓库/meta-tspi/dynamic-layers/recipes-browser/chromium/chromium_120.0.6099/0001-HACK-media-Support-V4L2-video-decoder.patch","local","","local","generated","27059","a38dda2043148048facef5043a803d92fe15b05f87551c69231d147885efaa49","2026-07-19 18:08:46 +08:00"
"04_SDK与镜像/公开仓库/meta-tspi/dynamic-layers/recipes-browser/chromium/chromium_120.0.6099/0002-HACK-media-gpu-v4l2-Enable-V4L2-VEA.patch","local","","local","generated","1798","264eddb4d55f5aa67895aa8836c2a9a39f140dc70d2b8e8ddb7fc1416580de1f","2026-07-19 18:08:46 +08:00"
"04_SDK与镜像/公开仓库/meta-tspi/dynamic-layers/recipes-browser/chromium/chromium_120.0.6099/0003-media-gpu-v4l2-Gen-libv4l2_stubs.patch","local","","local","generated","1058","f73e2d66fefbd8c2f47f5fffd2082b92685afadc5b3a91d8ce7891d0c3f0983b","2026-07-19 18:08:46 +08:00"
"04_SDK与镜像/公开仓库/meta-tspi/dynamic-layers/recipes-browser/chromium/chromium_120.0.6099/0004-media-gpu-v4l2-Support-libv4l2-plugins.patch","local","","local","generated","4237","649972686a6a776335311eedefce8b6fd6f1d58f51f7dc03db59f17d867eedd5","2026-07-19 18:08:46 +08:00"
"04_SDK与镜像/公开仓库/meta-tspi/dynamic-layers/recipes-browser/chromium/chromium_120.0.6099/0005-media-capture-linux-Support-libv4l2-plugins.patch","local","","local","generated","5300","641d549eda223e5ca27e25cf0cbea088f550623082406e234ab616cd76d2e41a","2026-07-19 18:08:46 +08:00"
"04_SDK与镜像/公开仓库/meta-tspi/dynamic-layers/recipes-browser/chromium/chromium_120.0.6099/0006-cld3-Avoid-unaligned-accesses.patch","local","","local","generated","1630","3901240888764e0d787fcdc2685e728ba188cbe33eca0b6492e76099f6d4338f","2026-07-19 18:08:46 +08:00"
"04_SDK与镜像/公开仓库/meta-tspi/dynamic-layers/recipes-browser/chromium/chromium_120.0.6099/0007-media-gpu-v4l2-Use-POLLIN-for-pending-event.patch","local","","local","generated","1119","1595e0930f438dd39cdc26e74fae0ac394b0f56a2cf34c08ca398e8a44ccaf2f","2026-07-19 18:08:46 +08:00"
"04_SDK与镜像/公开仓库/meta-tspi/dynamic-layers/recipes-browser/chromium/chromium_120.0.6099/0008-media-capture-linux-Prefer-using-the-first-device.patch","local","","local","generated","1460","ed73de7b55e0801830580236697b1451f2007db4faae43fbe29c534897438c8d","2026-07-19 18:08:46 +08:00"
"04_SDK与镜像/公开仓库/meta-tspi/dynamic-layers/recipes-browser/chromium/chromium_120.0.6099/0009-media-gpu-v4l2-Fix-compile-error-when-ozone-not-enab.patch","local","","local","generated","871","1623eb1d34b93962c5daa5c2d6cc4ea1b6173685d6d0042ebbfe52755655b20d","2026-07-19 18:08:46 +08:00"
"04_SDK与镜像/公开仓库/meta-tspi/dynamic-layers/recipes-browser/chromium/chromium_120.0.6099/0010-Create-new-fence-when-there-s-no-in-fences.patch","local","","local","generated","2594","f3bc625217eccbac38cf416f5020fb0814dabc57454b1b1efabe34bba08075c7","2026-07-19 18:08:46 +08:00"
"04_SDK与镜像/公开仓库/meta-tspi/dynamic-layers/recipes-browser/chromium/chromium_120.0.6099/0011-HACK-ozone-wayland-Force-disable-implicit-external-s.patch","local","","local","generated","1544","9bd5f22c9459cd684dc2434386527f20080c141e7e45b5cfdbf054df166b8610","2026-07-19 18:08:46 +08:00"
"04_SDK与镜像/公开仓库/meta-tspi/dynamic-layers/recipes-browser/chromium/chromium_120.0.6099/0012-HACK-media-capture-linux-Allow-camera-without-suppor.patch","local","","local","generated","1422","e2f471e8de5d7723798a84a1dd2d0b8d6a8d7d7ec05385942dc5e85dc89c480f","2026-07-19 18:08:46 +08:00"
"04_SDK与镜像/公开仓库/meta-tspi/dynamic-layers/recipes-browser/chromium/chromium_120.0.6099/0013-content-gpu-Only-depend-dri-for-X11.patch","local","","local","generated","826","66496e6ea6a44bc9c1f8aea07ce3067cf4f0cc59c61be6c26dfdb0ac33ad0abf","2026-07-19 18:08:46 +08:00"
"04_SDK与镜像/公开仓库/meta-tspi/dynamic-layers/recipes-browser/chromium/chromium_120.0.6099/0014-media-gpu-sandbox-Only-depend-dri-for-X11.patch","local","","local","generated","868","6e93fd8a9975f5629f27f5ca3f7d69cb529da52798f11fdc2556bb7834b6d3d1","2026-07-19 18:08:46 +08:00"
"04_SDK与镜像/公开仓库/meta-tspi/dynamic-layers/recipes-browser/chromium/chromium_120.0.6099/0015-ui-gfx-linux-Force-disabling-modifiers.patch","local","","local","generated","959","30c5f049e193fff36edce3e4e3a8d0fa1682e2883c179cbd70e7619e87ea13e0","2026-07-19 18:08:46 +08:00"
"04_SDK与镜像/公开仓库/meta-tspi/dynamic-layers/recipes-browser/chromium/chromium_120.0.6099/0016-HACK-ui-x11-Fix-config-choosing-error-with-Mali-DDK.patch","local","","local","generated","1341","8c3c77c0bc8c48d7acf645fe0e8ff95c9b83934c547807bf2057d567e1ac30ef","2026-07-19 18:08:46 +08:00"
"04_SDK与镜像/公开仓库/meta-tspi/dynamic-layers/recipes-browser/chromium/chromium_121.0.6167/0001-HACK-media-Support-V4L2-video-decoder.patch","local","","local","generated","26394","a245ffe9613cfd76c32ef141e706a4efc37d67e701a46f7151a9a7bdbb0091df","2026-07-19 18:08:46 +08:00"
"04_SDK与镜像/公开仓库/meta-tspi/dynamic-layers/recipes-browser/chromium/chromium_121.0.6167/0002-HACK-media-gpu-v4l2-Enable-V4L2-VEA.patch","local","","local","generated","1798","35a87fb9502d82b72cb7a60e3a75fe3486a1aa2a2b1f821e7e347cd231613bf5","2026-07-19 18:08:46 +08:00"
"04_SDK与镜像/公开仓库/meta-tspi/dynamic-layers/recipes-browser/chromium/chromium_121.0.6167/0003-media-gpu-v4l2-Gen-libv4l2_stubs.patch","local","","local","generated","1058","f2f985fd6d5635f47c9bf11f75ad2207a14ddcad546462bd0a7a27d5b08151c6","2026-07-19 18:08:46 +08:00"
"04_SDK与镜像/公开仓库/meta-tspi/dynamic-layers/recipes-browser/chromium/chromium_121.0.6167/0004-media-gpu-v4l2-Support-libv4l2-plugins.patch","local","","local","generated","4237","a0c6500efd8a40ba0d454d81e360f5576a696d5c052391f68ae8c4c315720494","2026-07-19 18:08:46 +08:00"
"04_SDK与镜像/公开仓库/meta-tspi/dynamic-layers/recipes-browser/chromium/chromium_121.0.6167/0005-media-capture-linux-Support-libv4l2-plugins.patch","local","","local","generated","5300","65f484ff2b53cc70684391c9b063c013e4d72cd5fe41ad9263e3d0738255b5f6","2026-07-19 18:08:46 +08:00"
"04_SDK与镜像/公开仓库/meta-tspi/dynamic-layers/recipes-browser/chromium/chromium_121.0.6167/0006-cld3-Avoid-unaligned-accesses.patch","local","","local","generated","1630","e9e51a35549c303e5a516bb812e3124a1c56b397bf3b824b4c93b82e527fdd16","2026-07-19 18:08:46 +08:00"
"04_SDK与镜像/公开仓库/meta-tspi/dynamic-layers/recipes-browser/chromium/chromium_121.0.6167/0007-media-gpu-v4l2-Use-POLLIN-for-pending-event.patch","local","","local","generated","1119","f9ed8989a6f0933a287208389883ed5ed14ef8b59ad12843cfa961cd65b67fbe","2026-07-19 18:08:46 +08:00"
"04_SDK与镜像/公开仓库/meta-tspi/dynamic-layers/recipes-browser/chromium/chromium_121.0.6167/0008-media-capture-linux-Prefer-using-the-first-device.patch","local","","local","generated","1460","16ab5d805ef018bce1c86df6d8d8e41be423531ded9402953adc38f8d86bd2d4","2026-07-19 18:08:46 +08:00"
"04_SDK与镜像/公开仓库/meta-tspi/dynamic-layers/recipes-browser/chromium/chromium_121.0.6167/0009-media-gpu-v4l2-Fix-compile-error-when-ozone-not-enab.patch","local","","local","generated","871","50a114075766bb5a2a9a2ae30b862c69df0a26f0a264401ce50425f0cecde74f","2026-07-19 18:08:46 +08:00"
"04_SDK与镜像/公开仓库/meta-tspi/dynamic-layers/recipes-browser/chromium/chromium_121.0.6167/0010-Create-new-fence-when-there-s-no-in-fences.patch","local","","local","generated","2594","f15d244ac801b74db9be9a6a872885b957648266346c09f4b63fea27e6f6e02d","2026-07-19 18:08:46 +08:00"
"04_SDK与镜像/公开仓库/meta-tspi/dynamic-layers/recipes-browser/chromium/chromium_121.0.6167/0011-HACK-ozone-wayland-Force-disable-implicit-external-s.patch","local","","local","generated","1544","daa2a42b3fd3f6010f7430e2f41ec67cc2eff33cd2dd397de1730ba493270a61","2026-07-19 18:08:46 +08:00"
"04_SDK与镜像/公开仓库/meta-tspi/dynamic-layers/recipes-browser/chromium/chromium_121.0.6167/0012-HACK-media-capture-linux-Allow-camera-without-suppor.patch","local","","local","generated","1422","2362cfd87e1278b6ef28815933b8ad3d8e8ae254d3e0be275409eb59d4663d71","2026-07-19 18:08:46 +08:00"
"04_SDK与镜像/公开仓库/meta-tspi/dynamic-layers/recipes-browser/chromium/chromium_121.0.6167/0013-content-gpu-Only-depend-dri-for-X11.patch","local","","local","generated","826","dbcc4138a90fa61fbbe11b852815935be15cc87b4eafbe936be0cff6a8b66024","2026-07-19 18:08:46 +08:00"
"04_SDK与镜像/公开仓库/meta-tspi/dynamic-layers/recipes-browser/chromium/chromium_121.0.6167/0014-media-gpu-sandbox-Only-depend-dri-for-X11.patch","local","","local","generated","868","a6f048167117d8037089cf3c49ca7b467849d41db384899b03393b709c6231f2","2026-07-19 18:08:46 +08:00"
"04_SDK与镜像/公开仓库/meta-tspi/dynamic-layers/recipes-browser/chromium/chromium_121.0.6167/0015-ui-gfx-linux-Force-disabling-modifiers.patch","local","","local","generated","959","2db37cb7b232ee1382b3e8f5fc6bb13ba5a2f5a8d5a081feaa596bf3ce37048a","2026-07-19 18:08:46 +08:00"
"04_SDK与镜像/公开仓库/meta-tspi/dynamic-layers/recipes-browser/chromium/chromium_121.0.6167/0016-HACK-ui-x11-Fix-config-choosing-error-with-Mali-DDK.patch","local","","local","generated","1357","741abefbc17667dfb74237da7211873bc079004398cf10316cbc1f169039897b","2026-07-19 18:08:46 +08:00"
"04_SDK与镜像/公开仓库/meta-tspi/dynamic-layers/recipes-browser/chromium/chromium_122.0.6261/0001-HACK-media-Support-V4L2-video-decoder.patch","local","","local","generated","26384","07dfac85d7703310f79b0dcb62f55191fce4c3b2278daac9805ec7d5aaf74aab","2026-07-19 18:08:46 +08:00"
"04_SDK与镜像/公开仓库/meta-tspi/dynamic-layers/recipes-browser/chromium/chromium_122.0.6261/0002-HACK-media-gpu-v4l2-Enable-V4L2-VEA.patch","local","","local","generated","1766","7dbefd79eff5c66598d8f6718433af0a7888040fd333aa5811b2788d621d2f67","2026-07-19 18:08:46 +08:00"
"04_SDK与镜像/公开仓库/meta-tspi/dynamic-layers/recipes-browser/chromium/chromium_122.0.6261/0003-media-gpu-v4l2-Gen-libv4l2_stubs.patch","local","","local","generated","1046","d2571079a567144d222a9c8ed2dcb42041dedb948b7d8fc2aef95b58fb91777f","2026-07-19 18:08:46 +08:00"
"04_SDK与镜像/公开仓库/meta-tspi/dynamic-layers/recipes-browser/chromium/chromium_122.0.6261/0004-media-gpu-v4l2-Support-libv4l2-plugins.patch","local","","local","generated","4237","95be168faf7d17d71874e6e43dbc9e0e5c51df296cc42c6bf1495103ef6be660","2026-07-19 18:08:46 +08:00"
"04_SDK与镜像/公开仓库/meta-tspi/dynamic-layers/recipes-browser/chromium/chromium_122.0.6261/0005-media-capture-linux-Support-libv4l2-plugins.patch","local","","local","generated","5300","a6c5df315ba2620429916f26fc75b3fd9cf1efcc75e5a712997b9010b98dadcd","2026-07-19 18:08:46 +08:00"
"04_SDK与镜像/公开仓库/meta-tspi/dynamic-layers/recipes-browser/chromium/chromium_122.0.6261/0006-cld3-Avoid-unaligned-accesses.patch","local","","local","generated","1630","d79b6e1be5689482b7b4d8b92045355bab6a2059667f3c10c14b6b1e12caf4ca","2026-07-19 18:08:46 +08:00"
"04_SDK与镜像/公开仓库/meta-tspi/dynamic-layers/recipes-browser/chromium/chromium_122.0.6261/0007-media-gpu-v4l2-Use-POLLIN-for-pending-event.patch","local","","local","generated","1119","c3e74399f5a0ab072c0dc9ef63f611e92d8b27dde7ce4a20993e519d1a8c38df","2026-07-19 18:08:46 +08:00"
"04_SDK与镜像/公开仓库/meta-tspi/dynamic-layers/recipes-browser/chromium/chromium_122.0.6261/0008-media-capture-linux-Prefer-using-the-first-device.patch","local","","local","generated","1460","f7c2e4f6426795509613431f760e2dd1dc185132014b9ebf494fd1e89ad7ff24","2026-07-19 18:08:46 +08:00"
"04_SDK与镜像/公开仓库/meta-tspi/dynamic-layers/recipes-browser/chromium/chromium_122.0.6261/0009-media-gpu-v4l2-Fix-compile-error-when-ozone-not-enab.patch","local","","local","generated","892","db33eb1d1e7929e13d8ad3a5c1bc56f051b3c6f2ae16a265bd554c782c230def","2026-07-19 18:08:46 +08:00"
"04_SDK与镜像/公开仓库/meta-tspi/dynamic-layers/recipes-browser/chromium/chromium_122.0.6261/0010-Create-new-fence-when-there-s-no-in-fences.patch","local","","local","generated","2594","72488b5479192ac32f01dc993360ab3f0154ddea24120f9819664ad88d957340","2026-07-19 18:08:46 +08:00"
"04_SDK与镜像/公开仓库/meta-tspi/dynamic-layers/recipes-browser/chromium/chromium_122.0.6261/0011-HACK-ozone-wayland-Force-disable-implicit-external-s.patch","local","","local","generated","1544","789322b081db642c446aed5bd98f77a4411582f019414be723db158c3641f606","2026-07-19 18:08:46 +08:00"
"04_SDK与镜像/公开仓库/meta-tspi/dynamic-layers/recipes-browser/chromium/chromium_122.0.6261/0012-HACK-media-capture-linux-Allow-camera-without-suppor.patch","local","","local","generated","1422","065b48fad1a1fffaed980001d8a0001df0182ca165c3488c676135e39fe6f5c5","2026-07-19 18:08:46 +08:00"
"04_SDK与镜像/公开仓库/meta-tspi/dynamic-layers/recipes-browser/chromium/chromium_122.0.6261/0013-content-gpu-Only-depend-dri-for-X11.patch","local","","local","generated","826","1f259701deb3a62da04335e4749126914d3e62b4e38899da0e2123d30ff87e91","2026-07-19 18:08:46 +08:00"
"04_SDK与镜像/公开仓库/meta-tspi/dynamic-layers/recipes-browser/chromium/chromium_122.0.6261/0014-media-gpu-sandbox-Only-depend-dri-for-X11.patch","local","","local","generated","868","452f55c90ebddfb8e5ac403803495872c7f4caa0fa5016e9cb706a9aa9eb7ae8","2026-07-19 18:08:46 +08:00"
"04_SDK与镜像/公开仓库/meta-tspi/dynamic-layers/recipes-browser/chromium/chromium_122.0.6261/0015-ui-gfx-linux-Force-disabling-modifiers.patch","local","","local","generated","959","2c3ea11863edbb9a632a4c29616f8dae1df7b0e664230c68a2c918ce6ad9088f","2026-07-19 18:08:46 +08:00"
"04_SDK与镜像/公开仓库/meta-tspi/dynamic-layers/recipes-browser/chromium/chromium_122.0.6261/0016-HACK-ui-x11-Fix-config-choosing-error-with-Mali-DDK.patch","local","","local","generated","1357","644197477a38722f6669dc423d6bd0ac7d6d637dc81547355b1aac421b395b88","2026-07-19 18:08:46 +08:00"
"04_SDK与镜像/公开仓库/meta-tspi/dynamic-layers/recipes-browser/chromium/chromium_124.0.6367/0001-HACK-media-Support-V4L2-video-decoder.patch","local","","local","generated","25949","b670797fbee9af7b054d163e68f3ec18b3a9dd289d9a93aebe14ed588fe265ba","2026-07-19 18:08:46 +08:00"
"04_SDK与镜像/公开仓库/meta-tspi/dynamic-layers/recipes-browser/chromium/chromium_124.0.6367/0002-HACK-media-gpu-v4l2-Enable-V4L2-VEA.patch","local","","local","generated","1766","d803bd7e58c8197c2a5e24b7ad579ecc8c25bfff8f736bf22b353fd2ab9c463e","2026-07-19 18:08:46 +08:00"
"04_SDK与镜像/公开仓库/meta-tspi/dynamic-layers/recipes-browser/chromium/chromium_124.0.6367/0003-media-gpu-v4l2-Gen-libv4l2_stubs.patch","local","","local","generated","1046","fe58f58d2879c26fe63d5afdd9cf1e58955a37b154cf556ef50ae4e713ba4c69","2026-07-19 18:08:46 +08:00"
"04_SDK与镜像/公开仓库/meta-tspi/dynamic-layers/recipes-browser/chromium/chromium_124.0.6367/0004-media-gpu-v4l2-Support-libv4l2-plugins.patch","local","","local","generated","7512","fdcfe19de57392889d98b75fa2f19d9628dc0bcee8ad1fd129f2c35a701bf629","2026-07-19 18:08:46 +08:00"
"04_SDK与镜像/公开仓库/meta-tspi/dynamic-layers/recipes-browser/chromium/chromium_124.0.6367/0005-media-capture-linux-Support-libv4l2-plugins.patch","local","","local","generated","5300","eaabeb81e9c551034bfc7b709249c66176ca15085867c1cb2735c4282602394f","2026-07-19 18:08:46 +08:00"
"04_SDK与镜像/公开仓库/meta-tspi/dynamic-layers/recipes-browser/chromium/chromium_124.0.6367/0006-cld3-Avoid-unaligned-accesses.patch","local","","local","generated","1630","143553b108311b25d9f369740545bcaa8d5e4dd7a7da20768c2ca4b8a76f037f","2026-07-19 18:08:46 +08:00"
"04_SDK与镜像/公开仓库/meta-tspi/dynamic-layers/recipes-browser/chromium/chromium_124.0.6367/0007-media-gpu-v4l2-Use-POLLIN-for-pending-event.patch","local","","local","generated","1119","b84634022cfcc93bc0afeb7dcd6f3394db224d10d23fdad851564628c3e30353","2026-07-19 18:08:46 +08:00"
"04_SDK与镜像/公开仓库/meta-tspi/dynamic-layers/recipes-browser/chromium/chromium_124.0.6367/0008-media-capture-linux-Prefer-using-the-first-device.patch","local","","local","generated","1460","93b0491dab21f8b1bafb9b6075662d451b075484897e2c4faa52eb39b0ef9a86","2026-07-19 18:08:46 +08:00"
"04_SDK与镜像/公开仓库/meta-tspi/dynamic-layers/recipes-browser/chromium/chromium_124.0.6367/0009-media-gpu-v4l2-Fix-compile-error-when-ozone-not-enab.patch","local","","local","generated","892","cbc221eef14693a8e874bc9cb029bea0835c09867748a8d50c1d43294f17a852","2026-07-19 18:08:46 +08:00"
"04_SDK与镜像/公开仓库/meta-tspi/dynamic-layers/recipes-browser/chromium/chromium_124.0.6367/0010-Create-new-fence-when-there-s-no-in-fences.patch","local","","local","generated","3807","f9cf6cdf527197cdc7a3a3d5015c7b621c0eda387c0b14d0afa237ec7f215e3a","2026-07-19 18:08:46 +08:00"
"04_SDK与镜像/公开仓库/meta-tspi/dynamic-layers/recipes-browser/chromium/chromium_124.0.6367/0011-HACK-ozone-wayland-Force-disable-implicit-external-s.patch","local","","local","generated","1544","62c0b0f7e619d37520512be3028f7a4b05aed3e2f936d16d57ea4e2b32ac78e0","2026-07-19 18:08:46 +08:00"
"04_SDK与镜像/公开仓库/meta-tspi/dynamic-layers/recipes-browser/chromium/chromium_124.0.6367/0012-HACK-media-capture-linux-Allow-camera-without-suppor.patch","local","","local","generated","1422","056040b67d34167f896a343c2ee10061f859a5e382cd926c61a72246990733dd","2026-07-19 18:08:46 +08:00"
"04_SDK与镜像/公开仓库/meta-tspi/dynamic-layers/recipes-browser/chromium/chromium_124.0.6367/0013-content-gpu-Only-depend-dri-for-X11.patch","local","","local","generated","826","6d67065bf8fe3cc301c8647a8664808712472cbe5f8a5ffaf9347f01a73e9dce","2026-07-19 18:08:46 +08:00"
"04_SDK与镜像/公开仓库/meta-tspi/dynamic-layers/recipes-browser/chromium/chromium_124.0.6367/0014-media-gpu-sandbox-Only-depend-dri-for-X11.patch","local","","local","generated","868","7bdd97e3dde821d7049a98019835d9783d9fe867d12fcb70b4e588de8683c6c6","2026-07-19 18:08:46 +08:00"
"04_SDK与镜像/公开仓库/meta-tspi/dynamic-layers/recipes-browser/chromium/chromium_124.0.6367/0015-ui-gfx-linux-Force-disabling-modifiers.patch","local","","local","generated","959","5c18aeb276cea53c0159bf09bf6b09065496f76d30b72e919f383345c4b89cc6","2026-07-19 18:08:46 +08:00"
"04_SDK与镜像/公开仓库/meta-tspi/dynamic-layers/recipes-browser/chromium/chromium_124.0.6367/0016-HACK-ui-x11-Fix-config-choosing-error-with-Mali-DDK.patch","local","","local","generated","1357","09c494bf9746fe6f32383a3dc35845ec95b20cf069af7c3445441127dee8350c","2026-07-19 18:08:46 +08:00"
"04_SDK与镜像/公开仓库/meta-tspi/dynamic-layers/recipes-browser/chromium/chromium_125.0.6422/0001-HACK-media-Support-V4L2-video-decoder.patch","local","","local","generated","25811","01ee885c0621eca0818c70e9cdff5c035b993f03c24828bae69cadddb1023639","2026-07-19 18:08:46 +08:00"
"04_SDK与镜像/公开仓库/meta-tspi/dynamic-layers/recipes-browser/chromium/chromium_125.0.6422/0002-HACK-media-gpu-v4l2-Enable-V4L2-VEA.patch","local","","local","generated","1766","ae812d791d464418bc954a77d344cd0a7e6fdbf510c13ebe69e11c4c19d20d55","2026-07-19 18:08:46 +08:00"
"04_SDK与镜像/公开仓库/meta-tspi/dynamic-layers/recipes-browser/chromium/chromium_125.0.6422/0003-media-gpu-v4l2-Gen-libv4l2_stubs.patch","local","","local","generated","1046","0ea3de2f19e40d9f1f499925018ae6cbed7feb5983b865974c867f2e63b2026f","2026-07-19 18:08:46 +08:00"
"04_SDK与镜像/公开仓库/meta-tspi/dynamic-layers/recipes-browser/chromium/chromium_125.0.6422/0004-media-gpu-v4l2-Support-libv4l2-plugins.patch","local","","local","generated","7512","a3203c4f6b59b5a6d6141c6e5f0ce8eb1a27dc053ccc197fa203e41b53c953bc","2026-07-19 18:08:46 +08:00"
"04_SDK与镜像/公开仓库/meta-tspi/dynamic-layers/recipes-browser/chromium/chromium_125.0.6422/0005-media-capture-linux-Support-libv4l2-plugins.patch","local","","local","generated","5300","9ed207b1a06a89da7d36c275aab011f1ec79f3bf6f8273c6664223837aae590b","2026-07-19 18:08:46 +08:00"
"04_SDK与镜像/公开仓库/meta-tspi/dynamic-layers/recipes-browser/chromium/chromium_125.0.6422/0006-cld3-Avoid-unaligned-accesses.patch","local","","local","generated","1630","35eb2846bab27c7a62d41e858bd086c169aea716147ac8088b5e8e9b24a30184","2026-07-19 18:08:46 +08:00"
"04_SDK与镜像/公开仓库/meta-tspi/dynamic-layers/recipes-browser/chromium/chromium_125.0.6422/0007-media-gpu-v4l2-Use-POLLIN-for-pending-event.patch","local","","local","generated","1119","0631dda5159b8d1c82c8dc14e577845d3268177ffac1bb1a8527ef9f7de0de79","2026-07-19 18:08:46 +08:00"
"04_SDK与镜像/公开仓库/meta-tspi/dynamic-layers/recipes-browser/chromium/chromium_125.0.6422/0008-media-capture-linux-Prefer-using-the-first-device.patch","local","","local","generated","1460","f8c098ee0329b56b84760f146cb0759ea2bc46520f90f48987f5576a2b674f72","2026-07-19 18:08:46 +08:00"
"04_SDK与镜像/公开仓库/meta-tspi/dynamic-layers/recipes-browser/chromium/chromium_125.0.6422/0009-media-gpu-v4l2-Fix-compile-error-when-ozone-not-enab.patch","local","","local","generated","892","0889db529950913d32b3d5f13e55a5c41ded05920224c5fae18ebc2dda67caa3","2026-07-19 18:08:46 +08:00"
"04_SDK与镜像/公开仓库/meta-tspi/dynamic-layers/recipes-browser/chromium/chromium_125.0.6422/0010-Create-new-fence-when-there-s-no-in-fences.patch","local","","local","generated","3807","3d1193d4ff3277beecf0fe32c7829414df13ae0cd3041d6a47bb9ee15a06d886","2026-07-19 18:08:46 +08:00"
"04_SDK与镜像/公开仓库/meta-tspi/dynamic-layers/recipes-browser/chromium/chromium_125.0.6422/0011-HACK-ozone-wayland-Force-disable-implicit-external-s.patch","local","","local","generated","1544","a7cf36223238be86383cf3f6916c6982942bedeb8a10207a74b90b9da1fb956b","2026-07-19 18:08:46 +08:00"
"04_SDK与镜像/公开仓库/meta-tspi/dynamic-layers/recipes-browser/chromium/chromium_125.0.6422/0012-HACK-media-capture-linux-Allow-camera-without-suppor.patch","local","","local","generated","1422","cfeed0d2465f3d71ec28c053474fe6d5f8bc93815978667f4db63045632ebb73","2026-07-19 18:08:46 +08:00"
"04_SDK与镜像/公开仓库/meta-tspi/dynamic-layers/recipes-browser/chromium/chromium_125.0.6422/0013-content-gpu-Only-depend-dri-for-X11.patch","local","","local","generated","826","f98900b01d8994e45b7475f58af8a86a1368ba21bfc4ca0e7a302221dc2a69b6","2026-07-19 18:08:46 +08:00"
"04_SDK与镜像/公开仓库/meta-tspi/dynamic-layers/recipes-browser/chromium/chromium_125.0.6422/0014-media-gpu-sandbox-Only-depend-dri-for-X11.patch","local","","local","generated","868","344c4ffcf21073c5da307ed0e49d7eb2ccf50031327f1281c186b87a4de088a4","2026-07-19 18:08:46 +08:00"
"04_SDK与镜像/公开仓库/meta-tspi/dynamic-layers/recipes-browser/chromium/chromium_125.0.6422/0015-ui-gfx-linux-Force-disabling-modifiers.patch","local","","local","generated","959","59f7d3cb999ea85f6c6f3543b6e8530068040446218c7e79e7ad13efb977ffd0","2026-07-19 18:08:46 +08:00"
"04_SDK与镜像/公开仓库/meta-tspi/dynamic-layers/recipes-browser/chromium/chromium_125.0.6422/0016-HACK-ui-x11-Fix-config-choosing-error-with-Mali-DDK.patch","local","","local","generated","1357","5cf3bdc92d634461d4005bd04e8ceb79066538202c2cb92e972cf39685cdbbb9","2026-07-19 18:08:46 +08:00"
"04_SDK与镜像/公开仓库/meta-tspi/dynamic-layers/recipes-browser/chromium/chromium_126.0.6478/0001-HACK-media-Support-V4L2-video-decoder.patch","local","","local","generated","25811","47c0d46a9b318b983b88fabe6212521f34e0d307e4ef34bdaf1153318cc19ad3","2026-07-19 18:08:46 +08:00"
"04_SDK与镜像/公开仓库/meta-tspi/dynamic-layers/recipes-browser/chromium/chromium_126.0.6478/0002-HACK-media-gpu-v4l2-Enable-V4L2-VEA.patch","local","","local","generated","1766","0fdb8be92e30f8300e5e4772bfccc57966dbcfd82b4371b2a5aa1efa8f08ae6b","2026-07-19 18:08:46 +08:00"
"04_SDK与镜像/公开仓库/meta-tspi/dynamic-layers/recipes-browser/chromium/chromium_126.0.6478/0003-media-gpu-v4l2-Gen-libv4l2_stubs.patch","local","","local","generated","1046","9a6bca8e815f16977294fe3664704c66ed571f1cd921cc30eccc8e3a57e025a9","2026-07-19 18:08:46 +08:00"
"04_SDK与镜像/公开仓库/meta-tspi/dynamic-layers/recipes-browser/chromium/chromium_126.0.6478/0004-media-gpu-v4l2-Support-libv4l2-plugins.patch","local","","local","generated","7505","75997659d4550ccb400afd797d965eda371cbb140c44e5d08af3417953596402","2026-07-19 18:08:46 +08:00"
"04_SDK与镜像/公开仓库/meta-tspi/dynamic-layers/recipes-browser/chromium/chromium_126.0.6478/0005-media-capture-linux-Support-libv4l2-plugins.patch","local","","local","generated","5300","b3f9112ed8b4af70baff94a2e3efc36a9923d2d97363c8349d05fe0a8eed824c","2026-07-19 18:08:46 +08:00"
"04_SDK与镜像/公开仓库/meta-tspi/dynamic-layers/recipes-browser/chromium/chromium_126.0.6478/0006-cld3-Avoid-unaligned-accesses.patch","local","","local","generated","1630","4c9e650b3942bb056528986e38306d71c49cac2c21fbc622adb13dbc841c0aa6","2026-07-19 18:08:46 +08:00"
"04_SDK与镜像/公开仓库/meta-tspi/dynamic-layers/recipes-browser/chromium/chromium_126.0.6478/0007-media-gpu-v4l2-Use-POLLIN-for-pending-event.patch","local","","local","generated","1119","69ed2eff42ba93de7dcfae99480f111bbe86c848b26acb015c2d86413b93dd1f","2026-07-19 18:08:46 +08:00"
"04_SDK与镜像/公开仓库/meta-tspi/dynamic-layers/recipes-browser/chromium/chromium_126.0.6478/0008-media-capture-linux-Prefer-using-the-first-device.patch","local","","local","generated","1460","2ecdaafb9ff5d1cfe0bbfbc85db337899915c4bcdd3c27d0e3700a46e49b4776","2026-07-19 18:08:46 +08:00"
"04_SDK与镜像/公开仓库/meta-tspi/dynamic-layers/recipes-browser/chromium/chromium_126.0.6478/0009-media-gpu-v4l2-Fix-compile-error-when-ozone-not-enab.patch","local","","local","generated","892","1ab21d0a383c892be38fba2b044a2fae2293dd87d02ffde868018c945b5014cf","2026-07-19 18:08:46 +08:00"
"04_SDK与镜像/公开仓库/meta-tspi/dynamic-layers/recipes-browser/chromium/chromium_126.0.6478/0010-Create-new-fence-when-there-s-no-in-fences.patch","local","","local","generated","3807","8c5c7921f559fcfefc7b73aeeafae85a07e84b8641c3970355d995b3440af697","2026-07-19 18:08:46 +08:00"
"04_SDK与镜像/公开仓库/meta-tspi/dynamic-layers/recipes-browser/chromium/chromium_126.0.6478/0011-HACK-ozone-wayland-Force-disable-implicit-external-s.patch","local","","local","generated","1544","a5b3af4e5f73b5f9105eee74fff07939620fc7c40fa262d7f797cfb2a638105c","2026-07-19 18:08:46 +08:00"
"04_SDK与镜像/公开仓库/meta-tspi/dynamic-layers/recipes-browser/chromium/chromium_126.0.6478/0012-HACK-media-capture-linux-Allow-camera-without-suppor.patch","local","","local","generated","1422","c5e492f388bf831bbab8b549f75a68e5f12e8229dc77e8a1a72a49315fe2ee58","2026-07-19 18:08:46 +08:00"
"04_SDK与镜像/公开仓库/meta-tspi/dynamic-layers/recipes-browser/chromium/chromium_126.0.6478/0013-content-gpu-Only-depend-dri-for-X11.patch","local","","local","generated","826","6844ef78a1d94f96a61cbd9032580f5d95928386a35b64fce2ea0d64ad3f82e6","2026-07-19 18:08:46 +08:00"
"04_SDK与镜像/公开仓库/meta-tspi/dynamic-layers/recipes-browser/chromium/chromium_126.0.6478/0014-media-gpu-sandbox-Only-depend-dri-for-X11.patch","local","","local","generated","868","c1f0852b0062423883744b26980f019cde280ed1877bb028d8ce6c5e6a1dbe2c","2026-07-19 18:08:46 +08:00"
"04_SDK与镜像/公开仓库/meta-tspi/dynamic-layers/recipes-browser/chromium/chromium_126.0.6478/0015-ui-gfx-linux-Force-disabling-modifiers.patch","local","","local","generated","959","db5a59fd8c7d542076e33c774d2001b7b0fe6c97400e477291472fec1ad1f089","2026-07-19 18:08:46 +08:00"
"04_SDK与镜像/公开仓库/meta-tspi/dynamic-layers/recipes-browser/chromium/chromium_126.0.6478/0016-HACK-ui-x11-Fix-config-choosing-error-with-Mali-DDK.patch","local","","local","generated","1357","cca74257087ac4432f106412509c5ad1bbb5e9c2b1cdae9a540f89339d25d8db","2026-07-19 18:08:46 +08:00"
"04_SDK与镜像/公开仓库/meta-tspi/dynamic-layers/recipes-browser/chromium/chromium_98.0.4758/0001-media-gpu-v4l2-VD-Add-sequenced_task_runner_handle.h.patch","local","","local","generated","1615","6531cbd873ea5c78c59a3979cd3869e27ea76923bd9cedd652d9662c625aa6ea","2026-07-19 18:08:46 +08:00"
"04_SDK与镜像/公开仓库/meta-tspi/dynamic-layers/recipes-browser/chromium/chromium_98.0.4758/0002-Add-support-for-V4L2VDA-on-Linux.patch","local","","local","generated","16812","5f2035e848ec65753dd72c4c3b15e711cddbeb33043a5330724303ab912b81bb","2026-07-19 18:08:46 +08:00"
"04_SDK与镜像/公开仓库/meta-tspi/dynamic-layers/recipes-browser/chromium/chromium_98.0.4758/0003-Add-mmap-via-libv4l-to-generic_v4l2_device.patch","local","","local","generated","1746","0b04c86e7019fec0f1663b8c79fc857eba27f9b79a345e0daf1465d031efdc38","2026-07-19 18:08:46 +08:00"
"04_SDK与镜像/公开仓库/meta-tspi/dynamic-layers/recipes-browser/chromium/chromium_98.0.4758/0004-media-capture-linux-Support-libv4l2-plugins.patch","local","","local","generated","5264","e862eb4d2b3469b282540da0b47b5881e597d7c873871fd2f84643979a74cfee","2026-07-19 18:08:46 +08:00"
"04_SDK与镜像/公开仓库/meta-tspi/dynamic-layers/recipes-browser/chromium/chromium_98.0.4758/0005-media-Enable-mojo-media-when-using-v4l2-codec-on-des.patch","local","","local","generated","1033","ebdef3835faca79da45e5a764d531208dff64c9cba1103e022280da0d150476d","2026-07-19 18:08:46 +08:00"
"04_SDK与镜像/公开仓库/meta-tspi/dynamic-layers/recipes-browser/chromium/chromium_98.0.4758/0006-cld3-Avoid-unaligned-accesses.patch","local","","local","generated","1628","496c8bebbc5e2548aceb67066656fd4d936f5813a364a9ba3d59754b6b7dee26","2026-07-19 18:08:46 +08:00"
"04_SDK与镜像/公开仓库/meta-tspi/dynamic-layers/recipes-browser/chromium/chromium_98.0.4758/0007-media-gpu-v4l2-Use-POLLIN-for-pending-event.patch","local","","local","generated","1026","12adcec4da27a3fb82fc9243962c27449050a8e65b1807db1126561609d766f4","2026-07-19 18:08:46 +08:00"
"04_SDK与镜像/公开仓库/meta-tspi/dynamic-layers/recipes-browser/chromium/chromium_98.0.4758/0008-media-capture-linux-Prefer-using-the-first-device.patch","local","","local","generated","1460","5e189990976c2dbaa6a9b96268efaaed2ecd7b7865329f8c564661ed774a22d0","2026-07-19 18:08:46 +08:00"
"04_SDK与镜像/公开仓库/meta-tspi/dynamic-layers/recipes-browser/chromium/chromium_98.0.4758/0009-media-gpu-v4l2-Fix-compile-error-when-ozone-not-enab.patch","local","","local","generated","2030","61743bd783cf8ab2642ba8cf8ceac6904449a1b25b29cecea1d4389e88f2f847","2026-07-19 18:08:46 +08:00"
"04_SDK与镜像/公开仓库/meta-tspi/dynamic-layers/recipes-browser/chromium/chromium_98.0.4758/0010-ui-events-ozone-Define-SW_PEN_INSERTED-for-old-kerne.patch","local","","local","generated","991","d8f59d97e36ec9f3eac2866398d00d9f9f654403aadbe410f86f6a6a66d0c67e","2026-07-19 18:08:46 +08:00"
"04_SDK与镜像/公开仓库/meta-tspi/dynamic-layers/recipes-browser/chromium/chromium_98.0.4758/0011-Create-new-fence-when-there-s-no-in-fences.patch","local","","local","generated","2434","e4c6545e0c97fbbc9dc2ac1ec699d82cf362fd0e70f0188c7c01b388388b923e","2026-07-19 18:08:46 +08:00"
"04_SDK与镜像/公开仓库/meta-tspi/dynamic-layers/recipes-browser/chromium/chromium_98.0.4758/0012-HACK-ozone-wayland-Force-disable-implicit-external-s.patch","local","","local","generated","1349","e100ddf6028029da3c10c5d05a0944629480becde265341d1efbf9d8256a145c","2026-07-19 18:08:46 +08:00"
"04_SDK与镜像/公开仓库/meta-tspi/dynamic-layers/recipes-browser/chromium/chromium_98.0.4758/0013-HACK-media-capture-linux-Allow-camera-without-suppor.patch","local","","local","generated","1503","40d16be45f2be6d40b086c10deaa8e81095c0acba58056a1829d4c70da8d4f0e","2026-07-19 18:08:46 +08:00"
"04_SDK与镜像/公开仓库/meta-tspi/dynamic-layers/recipes-browser/chromium/chromium_98.0.4758/0014-content-gpu-Only-depend-dri-for-X11.patch","local","","local","generated","907","9cbb2ec14331bf40790d0fa711dbca14b4ffab2f4a9ab4455f4595321b5a688a","2026-07-19 18:08:46 +08:00"
"04_SDK与镜像/公开仓库/meta-tspi/dynamic-layers/recipes-browser/chromium/chromium_98.0.4758/0015-blink-rtc-Force-disabling-optimized-video-scaling.patch","local","","local","generated","1298","00f9a208e010c6c8482fde33d6aac0e3e146efa0e2924ec904da440e854bd615","2026-07-19 18:08:46 +08:00"
"04_SDK与镜像/公开仓库/meta-tspi/dynamic-layers/recipes-browser/chromium/chromium_98.0.4758/0016-HACK-media-Disable-chromeos-direct-video-decoder-by-.patch","local","","local","generated","1174","ff4dc07dfe0bb63b4655596dfc78f71549678650cc472392a5b6e568a1e21189","2026-07-19 18:08:46 +08:00"
"04_SDK与镜像/公开仓库/meta-tspi/dynamic-layers/recipes-browser/chromium/chromium_98.0.4758/0017-media-gpu-v4l2-Non-blocking-initialize.patch","local","","local","generated","4845","601ea19cd322ddb524936822b33f9bc870ef5b98c03c86fc193093544ff05556","2026-07-19 18:08:46 +08:00"
"04_SDK与镜像/公开仓库/meta-tspi/dynamic-layers/recipes-browser/chromium/chromium-ozone-wayland_%.bbappend","local","","local","generated","175","92ca2e60a325670b643b508f884032cfbb89c4d34db1ebe278015d27053c932a","2026-07-19 18:08:45 +08:00"
"04_SDK与镜像/公开仓库/meta-tspi/dynamic-layers/recipes-browser/chromium/chromium-x11_%.bbappend","local","","local","generated","168","b69cbfab4cb8ba97d87fcb0ff0c012e6ffbcaa9689ccb0afe756b03a52e2fb15","2026-07-19 18:08:45 +08:00"
"04_SDK与镜像/公开仓库/meta-tspi/dynamic-layers/recipes-browser/chromium/files/chromium-init.sh","local","","local","generated","615","0e4d3506840ed6efa963253d6f6cdb1483e4ae3caf0da16e09f11edeb547899b","2026-07-19 18:08:46 +08:00"
"04_SDK与镜像/公开仓库/meta-tspi/LICENSE","local","","local","generated","281","d233d86e5974ec71053fb0349abb969cfa55049e1a62b311aa5211c8fb23896f","2026-07-19 18:08:45 +08:00"
"04_SDK与镜像/公开仓库/meta-tspi/licenses/LICENSE.rockchip","local","","local","generated","2126","18f9571ad3c83bfc17b4c6232ce9bdc9154e20a25e9851128e55fec8c66bbb27","2026-07-19 18:08:46 +08:00"
"04_SDK与镜像/公开仓库/meta-tspi/README.md","local","","local","generated","4546","97e198cfcdb871869d87c69979a01471244a8fe512060552ef17b6901ef15210","2026-07-19 18:08:45 +08:00"
"04_SDK与镜像/公开仓库/meta-tspi/recipes-benchmark/glmark2/glmark2_%.bbappend","local","","local","generated","302","120eef47d58c78f33072df636deb6566bfef957223af87f0f7e08196def171fb","2026-07-19 18:08:46 +08:00"
"04_SDK与镜像/公开仓库/meta-tspi/recipes-bsp/rk-binary/rk-binary-native.bb","local","","local","generated","1469","7b70f6c793f37c1486ab83c385daccef73b3755e30b73214d8fa39d46bb1809e","2026-07-19 18:08:46 +08:00"
"04_SDK与镜像/公开仓库/meta-tspi/recipes-bsp/rockchip-npu/files/rockchip-npu.sh","local","","local","generated","554","d9bdd2bca5179cfb8625b16ebe3a51c39d31eb5f9a839cf94c480641ef956713","2026-07-19 18:08:46 +08:00"
"04_SDK与镜像/公开仓库/meta-tspi/recipes-bsp/rockchip-npu/rockchip-npu.bb","local","","local","generated","1226","18bb541ca6d8f1841dd91e059218962bb50caae058da9a31c29147fff4c85402","2026-07-19 18:08:46 +08:00"
"04_SDK与镜像/公开仓库/meta-tspi/recipes-bsp/u-boot/u-boot-dummy.bb","local","","local","generated","411","5d6227a35e556c882d335eb897e0c06b4f26e8a2b739b953e10bfb2cc4c51c61","2026-07-19 18:08:46 +08:00"
"04_SDK与镜像/公开仓库/meta-tspi/recipes-bsp/u-boot/u-boot-rockchip.bb","local","","local","generated","3160","af74d009f52a6735cc532e2037b8600022d4e41af239b02032d5c628264dd296","2026-07-19 18:08:46 +08:00"
"04_SDK与镜像/公开仓库/meta-tspi/recipes-bsp/u-boot/u-boot-rockchip/0001-kbuild-use-fmacro-prefix-map-to-make-__FILE__-a-rela.patch","local","","local","generated","1610","aa0f9eab8d04cffcea38499e8d5e276959e01b5126bc2b1dac6f155c7d48cf63","2026-07-19 18:08:46 +08:00"
"04_SDK与镜像/公开仓库/meta-tspi/recipes-bsp/u-boot/u-boot-rockchip/0002-HACK-Support-python3-for-dtoc.patch","local","","local","generated","78956","a33b41c4cd8a3f31f1a2e6cd4dd5d34bd187154a48d0683d485c36d0844abf38","2026-07-19 18:08:46 +08:00"
"04_SDK与镜像/公开仓库/meta-tspi/recipes-bsp/u-boot/u-boot-rockchip/0003-Revert-Makefile-enable-Werror-option.patch","local","","local","generated","839","381b1eb3e335479d661be03bbb5e74b5f656782114a60b064173609cec93cb2b","2026-07-19 18:08:46 +08:00"
"04_SDK与镜像/公开仓库/meta-tspi/recipes-core/busybox/busybox_%.bbappend","local","","local","generated","228","2240478e9ca8df9ca0fce262293dd4e6db34f5d0c5983702593f9d61ca9b96ac","2026-07-19 18:08:46 +08:00"
"04_SDK与镜像/公开仓库/meta-tspi/recipes-core/busybox/files/gpt-label.cfg","local","","local","generated","28","0d52dc831c69841649ab924b87e628cb714c7305b9b411378b44e675c1fc6eed","2026-07-19 18:08:46 +08:00"
"04_SDK与镜像/公开仓库/meta-tspi/recipes-core/coreutils/coreutils_%.bbappend","local","","local","generated","193","b0d22b0b760f433ad0d7a4ec20f51486d56889579343c7e68eba27513d75d713","2026-07-19 18:08:46 +08:00"
"04_SDK与镜像/公开仓库/meta-tspi/recipes-core/glibc/glibc_%.bbappend","local","","local","generated","265","cfaecd051eed847f7f08867661d11ca180e420209756b75d2a0a8b8aad2a95f0","2026-07-19 18:08:46 +08:00"
"04_SDK与镜像/公开仓库/meta-tspi/recipes-core/glibc/glibc-locale_%.bbappend","local","","local","generated","229","3975d93c5ba88e704105bc62932acaab287346163a55e49f92453223cfe433c7","2026-07-19 18:08:46 +08:00"
"04_SDK与镜像/公开仓库/meta-tspi/recipes-core/systemd/systemd/0001-meson-do-not-fail-build-with-newer-kernel-headers.patch","local","","local","generated","1571","93499176f691de5b5463d7b899c5242e164a84a3466c41b125cb181f26a9c640","2026-07-19 18:08:46 +08:00"
"04_SDK与镜像/公开仓库/meta-tspi/recipes-core/systemd/systemd_%.bbappend","local","","local","generated","349","7f7eccf6a6604e8f6531e7297beb445249297572274733ad7948fff33759a770","2026-07-19 18:08:46 +08:00"
"04_SDK与镜像/公开仓库/meta-tspi/recipes-core/sysvinit/sysvinit/0001-Support-rebooting-with-arg.patch","local","","local","generated","1783","ee83036b47013b3bd4faa94ade579bf1a3bf90f121f87ec21bf7668acc585c72","2026-07-19 18:08:46 +08:00"
"04_SDK与镜像/公开仓库/meta-tspi/recipes-core/sysvinit/sysvinit_%.bbappend","local","","local","generated","324","3f566e8793341875281f20ca6b9b5e549e83c5ebb822c369a88d022bc4d99e10","2026-07-19 18:08:46 +08:00"
"04_SDK与镜像/公开仓库/meta-tspi/recipes-core/udev/files/99-rockchip-permissions.rules","local","","local","generated","948","34f59aafeac141fa187a88fa11eaea1b1794a8c5469df5431f2c47e84839690a","2026-07-19 18:08:46 +08:00"
"04_SDK与镜像/公开仓库/meta-tspi/recipes-core/udev/udev-conf-rockchip.bb","local","","local","generated","573","434242a9c6db69ca35d9bd8714cf85a541f39142da62e5363dd05234ec53dd85","2026-07-19 18:08:46 +08:00"
"04_SDK与镜像/公开仓库/meta-tspi/recipes-devtools/android-tools/android-tools-conf-rockchip.bb","local","","local","generated","1466","4b75f27386e5050973692dde4fe9d703f1e349c10fad92a30134a2d946102e24","2026-07-19 18:08:46 +08:00"
"04_SDK与镜像/公开仓库/meta-tspi/recipes-devtools/android-tools/files/10-adbd-rockchip.conf","local","","local","generated","239","997119b1ed32ac1c5bb379e1f32745757e01e34b56c1a5bae16e60bba010ed14","2026-07-19 18:08:46 +08:00"
"04_SDK与镜像/公开仓库/meta-tspi/recipes-devtools/android-tools/files/adbd.sh","local","","local","generated","1055","4157129bb8fe543cc0e34746229edcba58051a4ea473f5bc5c1e6d9c3a040663","2026-07-19 18:08:46 +08:00"
"04_SDK与镜像/公开仓库/meta-tspi/recipes-devtools/android-tools/files/android-gadget-cleanup","local","","local","generated","334","45c7b143201800c649dfb5ce303b2934b79d154cdcf6c027ce92129cebc93dcc","2026-07-19 18:08:46 +08:00"
"04_SDK与镜像/公开仓库/meta-tspi/recipes-devtools/android-tools/files/android-gadget-setup","local","","local","generated","759","51761fbe5a16a3f4f560248f7c1d7ec129c205b85a02b6acf8aaef5f35dce966","2026-07-19 18:08:46 +08:00"
"04_SDK与镜像/公开仓库/meta-tspi/recipes-devtools/android-tools/files/android-gadget-start","local","","local","generated","222","9d977a9ba21f52c0d1c3e22e2600354f960fd90c91c5ba02c7034174bb18086d","2026-07-19 18:08:46 +08:00"
"04_SDK与镜像/公开仓库/meta-tspi/recipes-devtools/brcm-tools/brcm-tools.bb","local","","local","generated","693","97fc333d7fc90ed819ebe834041e18caa207df98a6acba8cd5cc98973743086d","2026-07-19 18:08:46 +08:00"
"04_SDK与镜像/公开仓库/meta-tspi/recipes-devtools/brcm-tools/files/brcm_patchram_plus1.c","local","","local","generated","23797","cd8c0c09654203a7f6fdec8a437d0c1c3ce67dff58992674b21f332119b46fef","2026-07-19 18:08:46 +08:00"
"04_SDK与镜像/公开仓库/meta-tspi/recipes-devtools/brcm-tools/files/dhd_priv.c","local","","local","generated","1876","de9d1836f0bb733f1c7ac139327dd0c9dc89be5b997209797966ab6f04e49787","2026-07-19 18:08:46 +08:00"
"04_SDK与镜像/公开仓库/meta-tspi/recipes-devtools/io/files/io.c","local","","local","generated","8448","3b4e8d75585fef06c7e006df3406c36908c78b4f5d16bfab034f4c5ca3c00c85","2026-07-19 18:08:46 +08:00"
"04_SDK与镜像/公开仓库/meta-tspi/recipes-devtools/io/io.bb","local","","local","generated","499","9d9121fe010825c5a7ac87f67e22d35dcf76421f7693ff7c1a6828ee23f780c9","2026-07-19 18:08:46 +08:00"
"04_SDK与镜像/公开仓库/meta-tspi/recipes-devtools/rtl-tools/files/hciattach.c","local","","local","generated","12902","56538bfd8193e2cbce85b21efbc345bc396383b389afad74c4c60863f1f4da08","2026-07-19 18:08:46 +08:00"
"04_SDK与镜像/公开仓库/meta-tspi/recipes-devtools/rtl-tools/files/hciattach.h","local","","local","generated","5001","a010f6b325ad023a34c218bd892399e53495f89717cb108c911f56eabfa87274","2026-07-19 18:08:46 +08:00"
"04_SDK与镜像/公开仓库/meta-tspi/recipes-devtools/rtl-tools/files/hciattach_h4.c","local","","local","generated","6570","03683bc87f1affc53688da7e76021a194161bf3defa28ad8319b8245e753a9da","2026-07-19 18:08:46 +08:00"
"04_SDK与镜像/公开仓库/meta-tspi/recipes-devtools/rtl-tools/files/hciattach_h4.h","local","","local","generated","277","5cc586a66116ca8d4d10b05a2481f67df49eda00d87224a472e0051df305d1f3","2026-07-19 18:08:46 +08:00"
"04_SDK与镜像/公开仓库/meta-tspi/recipes-devtools/rtl-tools/files/hciattach_rtk.c","local","","local","generated","50905","4ecbc93522b429fa296e79da7df585f6adc04c9756e80a3ba9424387be7f470d","2026-07-19 18:08:46 +08:00"
"04_SDK与镜像/公开仓库/meta-tspi/recipes-devtools/rtl-tools/files/Makefile","local","","local","generated","436","0e3abd5cb24904d2479733a13e4f1959841c8ecc603f81c3b90c4db03e456327","2026-07-19 18:08:46 +08:00"
"04_SDK与镜像/公开仓库/meta-tspi/recipes-devtools/rtl-tools/files/rtb_fwc.c","local","","local","generated","37617","215bb5dffc605f4bb01c0b0418a32dcc100f12f648b801a2e7cc977f96aef3bf","2026-07-19 18:08:46 +08:00"
"04_SDK与镜像/公开仓库/meta-tspi/recipes-devtools/rtl-tools/files/rtb_fwc.h","local","","local","generated","2643","d75a695de3993927c6219bd46d7a9599a1dd30ebfa8f8ed551775e70a87affb4","2026-07-19 18:08:46 +08:00"
"04_SDK与镜像/公开仓库/meta-tspi/recipes-devtools/rtl-tools/rtl-tools.bb","local","","local","generated","676","b655153d7bf422984185c0542be17b75b06720ff85a37fa62664b2674ea0459d","2026-07-19 18:08:46 +08:00"
"04_SDK与镜像/公开仓库/meta-tspi/recipes-graphics/drm/libdrm_%.bbappend","local","","local","generated","490","f1ca21337d0385fbd5038692eba3b755a28767d069a6c47a40a221c7b311fba6","2026-07-19 18:08:46 +08:00"
"04_SDK与镜像/公开仓库/meta-tspi/recipes-graphics/drm-cursor/drm-cursor.bb","local","","local","generated","559","3e655741cf8d3ecbfcc4886981060754fbded7e103c24427757486514bf8e433","2026-07-19 18:08:46 +08:00"
"04_SDK与镜像/公开仓库/meta-tspi/recipes-graphics/mesa/mesa-gl_%.bbappend","local","","local","generated","342","de0cd2d346b83cd6fb6c039afcf914b72f5c915bdac639099de6714933933335","2026-07-19 18:08:46 +08:00"
"04_SDK与镜像/公开仓库/meta-tspi/recipes-graphics/rockchip-libmali/rockchip-libmali.bb","local","","local","generated","3165","1a1117d21fdd216d52d81099e6c9587d7f4f6d9b2958f3ee6dccc46ade5484af","2026-07-19 18:08:46 +08:00"
"04_SDK与镜像/公开仓库/meta-tspi/recipes-graphics/rockchip-librga/rockchip-librga.bb","local","","local","generated","625","e47420cc6c44632472b4331e0021a56693a6c3faedd929a69875e95761878c7d","2026-07-19 18:08:46 +08:00"
"04_SDK与镜像/公开仓库/meta-tspi/recipes-graphics/wayland/wayland_%.bbappend","local","","local","generated","411","798427db8ca8a599074fe037134bffffb8673a4b5821aa2b34335d3e42a4391c","2026-07-19 18:08:46 +08:00"
"04_SDK与镜像/公开仓库/meta-tspi/recipes-graphics/wayland/weston_%.bbappend","local","","local","generated","455","c862809b74059f5896f727c729856168f652c77f04a26a5f600954d48674a79b","2026-07-19 18:08:46 +08:00"
"04_SDK与镜像/公开仓库/meta-tspi/recipes-graphics/xorg-xserver/files/20-modesetting.conf","local","","local","generated","1292","ead6a074b6128b71bf68c8ba7a627c65c6c36d76d3cc00ef60d80eb9543fef35","2026-07-19 18:08:46 +08:00"
"04_SDK与镜像/公开仓库/meta-tspi/recipes-graphics/xorg-xserver/xserver-xorg_%.bbappend","local","","local","generated","901","be9d0e5692ab5b6bc07fe4a9f494f2c812163103c821a1bfce4a73b7d26c8ca1","2026-07-19 18:08:46 +08:00"
"04_SDK与镜像/公开仓库/meta-tspi/recipes-kernel/linux/files/cgroups.cfg","local","","local","generated","18","f3df7b8946bfa18cb4b65e274e2575033eff934b85104180f8082e7fa9c5ba45","2026-07-19 18:08:46 +08:00"
"04_SDK与镜像/公开仓库/meta-tspi/recipes-kernel/linux/files/ext4.cfg","local","","local","generated","18","92f45e20b099ff9999ebf220279918648016630b1d08206da2e4b4d6e8f1e08a","2026-07-19 18:08:46 +08:00"
"04_SDK与镜像/公开仓库/meta-tspi/recipes-kernel/linux/linux-rockchip.inc","local","","local","generated","2423","c081c4c55805769efd909f7ebbf3545a184c5a576bb8bd679f85d418dbe5fcef","2026-07-19 18:08:46 +08:00"
"04_SDK与镜像/公开仓库/meta-tspi/recipes-kernel/linux/linux-rockchip_4.19.bb","local","","local","generated","701","0615b1f800e785cbba7692498d9838a981684fa38334e4a86790cfb0858e1020","2026-07-19 18:08:46 +08:00"
"04_SDK与镜像/公开仓库/meta-tspi/recipes-kernel/linux/linux-rockchip_4.19/0001-init-do_mounts.c-Retry-all-fs-after-failed-to-mount-.patch","local","","local","generated","1093","2f452dc5e95b228fb62095ad684ef508ee3d0bd06565cc6b8a30fff9ec0bce49","2026-07-19 18:08:46 +08:00"
"04_SDK与镜像/公开仓库/meta-tspi/recipes-kernel/linux/linux-rockchip_4.19/0002-HACK-drm-rockchip-Force-enable-legacy-cursor-update.patch","local","","local","generated","1734","b1f58a8b58175556c6e2ab2c4dbec4a278d09091b56f1b883688d50d5fdd9a55","2026-07-19 18:08:46 +08:00"
"04_SDK与镜像/公开仓库/meta-tspi/recipes-kernel/linux/linux-rockchip_4.19/0003-HACK-drm-rockchip-Prefer-non-cluster-overlay-planes.patch","local","","local","generated","1739","df910d44900a63bfb2f15c275253fe3b42aeb575d9da8bcb8c0f7f6fb0cdd5c8","2026-07-19 18:08:46 +08:00"
"04_SDK与镜像/公开仓库/meta-tspi/recipes-kernel/linux/linux-rockchip_4.4.bb","local","","local","generated","630","4db90796ca6275ee80b5c522c70a44d5870eae6d79b4513c186c084d8ae6cfc7","2026-07-19 18:08:46 +08:00"
"04_SDK与镜像/公开仓库/meta-tspi/recipes-kernel/linux/linux-rockchip_4.4/0001-init-do_mounts.c-Retry-all-fs-after-failed-to-mount-.patch","local","","local","generated","1044","dc93f2f1baa4e6586021328cbeb02d9be77c182e9675990f5e674efd5b4616d2","2026-07-19 18:08:46 +08:00"
"04_SDK与镜像/公开仓库/meta-tspi/recipes-kernel/linux/linux-rockchip_5.10.bb","local","","local","generated","848","4e03986ff46f7072ac3c007a2c8ea791cb59aedde19f253a73935abab9bc07b1","2026-07-19 18:08:46 +08:00"
"04_SDK与镜像/公开仓库/meta-tspi/recipes-kernel/linux/linux-rockchip_5.10/0001-init-do_mounts.c-Retry-all-fs-after-failed-to-mount-.patch","local","","local","generated","1617","47f92c4a1295931e6ca7f22d16bd30d73b75aac7458f3aacc1b4b73b22c5f4b3","2026-07-19 18:08:46 +08:00"
"04_SDK与镜像/公开仓库/meta-tspi/recipes-kernel/linux/linux-rockchip_5.10/0002-HACK-drm-rockchip-Force-enable-legacy-cursor-update.patch","local","","local","generated","1734","62e500cbd487c083f3345f814f875f82006717cb1dc922f69bfc8e5f60888400","2026-07-19 18:08:46 +08:00"
"04_SDK与镜像/公开仓库/meta-tspi/recipes-kernel/linux/linux-rockchip_5.10/0003-HACK-drm-rockchip-Prefer-non-cluster-overlay-planes.patch","local","","local","generated","1749","e19e1ddfe30862cb30742e5ade871c167bce1067540798a02cb57d1ef5b14ae7","2026-07-19 18:08:46 +08:00"
"04_SDK与镜像/公开仓库/meta-tspi/recipes-kernel/linux/linux-rockchip_6.1.bb","local","","local","generated","656","0b4a6f0c89433efa66f41260674594cfce18a6db2de6ee97a77123ed71dc0b82","2026-07-19 18:08:46 +08:00"
"04_SDK与镜像/公开仓库/meta-tspi/recipes-kernel/linux/linux-rockchip_6.1/0001-init-do_mounts.c-Retry-all-fs-after-failed-to-mount-.patch","local","","local","generated","1465","93b3e9ae0b62e9580fd529b6d4057d50c15aac65c6856bbeb0741f76ff3c49fa","2026-07-19 18:08:46 +08:00"
"04_SDK与镜像/公开仓库/meta-tspi/recipes-kernel/linux/linux-rockchip_6.1/0002-HACK-drm-rockchip-Force-enable-legacy-cursor-update.patch","local","","local","generated","1734","7f386f5527bdd317cfc76127775cee67c7dcfb4534baf8622fc1f6733356f797","2026-07-19 18:08:46 +08:00"
"04_SDK与镜像/公开仓库/meta-tspi/recipes-kernel/linux/linux-rockchip_6.1/0003-HACK-drm-rockchip-Prefer-non-cluster-overlay-planes.patch","local","","local","generated","1780","9bac8f7f37b0fbcb738e21c79ef51eb7554e10493547906cdf0ec688b349c1df","2026-07-19 18:08:46 +08:00"
"04_SDK与镜像/公开仓库/meta-tspi/recipes-kernel/linux-libc-headers/linux-libc-headers_4.19-custom.bb","local","","local","generated","501","5d6f1b80316296e6517f9473d59e0aea36f90f8b572f4ce02add52fd731c56e5","2026-07-19 18:08:46 +08:00"
"04_SDK与镜像/公开仓库/meta-tspi/recipes-kernel/linux-libc-headers/linux-libc-headers_4.4-custom.bb","local","","local","generated","584","615327383049f4065c7b2f02e329f2e56700703b180c336589cd15be4de03954","2026-07-19 18:08:46 +08:00"
"04_SDK与镜像/公开仓库/meta-tspi/recipes-kernel/linux-libc-headers/linux-libc-headers_4.4-custom/0001-v4l-add-Mediatek-compressed-video-block-format.patch","local","","local","generated","2341","c3814016ca63c3c2d697eb99c51b504c3d2dd7f591dd8c6d50ef045973889e5d","2026-07-19 18:08:46 +08:00"
"04_SDK与镜像/公开仓库/meta-tspi/recipes-kernel/linux-libc-headers/linux-libc-headers_4.4-custom/0002-videodev2.h-add-V4L2_PIX_FMT_VP9-format.patch","local","","local","generated","1536","f6cec9812c81eb4e1b4af75f33484ee2a2eed82b19507e2cfbc4ab55e4e282fb","2026-07-19 18:08:46 +08:00"
"04_SDK与镜像/公开仓库/meta-tspi/recipes-kernel/linux-libc-headers/linux-libc-headers_4.4-custom/0003-uapi-fix-linux-if.h-userspace-compilation-errors.patch","local","","local","generated","2754","b579bbd12200bb5b87f1417193e22c206bcd08399a3c59e6a7dca0084da71031","2026-07-19 18:08:46 +08:00"
"04_SDK与镜像/公开仓库/meta-tspi/recipes-kernel/linux-libc-headers/linux-libc-headers_4.4-custom/0004-uapi-netlink.h-Add-more-definations-from-upstream.patch","local","","local","generated","2237","09d2db85c228a58d433dea4ad79a422dabc25dfbec64b7a7b742f42b724ce831","2026-07-19 18:08:46 +08:00"
"04_SDK与镜像/公开仓库/meta-tspi/recipes-kernel/linux-libc-headers/linux-libc-headers_4.4-custom/0005-uapi-ioctls.h-Add-TIOCGPTPEER-from-upstream.patch","local","","local","generated","1012","5b96248759e43c90ae21b0235ffec7e46bb3523bd8f8ead44d1bc718255f6717","2026-07-19 18:08:46 +08:00"
"04_SDK与镜像/公开仓库/meta-tspi/recipes-kernel/linux-libc-headers/linux-libc-headers_4.4-custom/0006-BACKPORT-arm64-Introduce-prctl-options-to-control-th.patch","local","","local","generated","2401","73ce5eba7686f9e5ed4354b864b7702d743df5dfc206a85766d2f74ecd9dc866","2026-07-19 18:08:46 +08:00"
"04_SDK与镜像/公开仓库/meta-tspi/recipes-kernel/linux-libc-headers/linux-libc-headers_4.4-custom/0007-netfilter-nft_log-complete-NFTA_LOG_FLAGS-attr-suppo.patch","local","","local","generated","8472","eaa3791e0fbaa94245b6a6be27dd060c1e19223ce60d344d03db45ca7051ec47","2026-07-19 18:08:46 +08:00"
"04_SDK与镜像/公开仓库/meta-tspi/recipes-kernel/linux-libc-headers/linux-libc-headers_4.4-custom/0008-netfilter-nft_log-restrict-the-log-prefix-length-to-.patch","local","","local","generated","2869","b2358c2a699dcedba62589011df428907ac487237416738f5f14e6056247aa0e","2026-07-19 18:08:46 +08:00"
"04_SDK与镜像/公开仓库/meta-tspi/recipes-kernel/linux-libc-headers/linux-libc-headers_5.10-custom.bb","local","","local","generated","501","deddd28dcd4a3ca1ab96fd6452757549584db783ab2d264dd86c9da140a250da","2026-07-19 18:08:46 +08:00"
"04_SDK与镜像/公开仓库/meta-tspi/recipes-kernel/linux-libc-headers/linux-libc-headers_6.1-custom.bb","local","","local","generated","457","2f9e425bd094130cd232d30b01bc5dcc172c58866812f897d59cddde2f31fa86","2026-07-19 18:08:46 +08:00"
"04_SDK与镜像/公开仓库/meta-tspi/recipes-kernel/perf/perf.bbappend","local","","local","generated","300","7c9e1b512d743558a00480b2d6c68dd0104cf7a2acaa19f51d3173b6f1a1813e","2026-07-19 18:08:46 +08:00"
"04_SDK与镜像/公开仓库/meta-tspi/recipes-kernel/rkwifibt-firmware/rkwifibt-firmware.bb","local","","local","generated","4241","d76215b34f83f6084d8b9bb89b3862728580c0d2342dadb9dd1350af931c5acc","2026-07-19 18:08:46 +08:00"
"04_SDK与镜像/公开仓库/meta-tspi/recipes-multimedia/alsa/rockchip-alsa-config.bb","local","","local","generated","518","8961c1582729513ce478eff2e172b288726ac15238d402e8f760589a07fef7da","2026-07-19 18:08:46 +08:00"
"04_SDK与镜像/公开仓库/meta-tspi/recipes-multimedia/gstreamer/gstreamer1.0_%.bbappend","local","","local","generated","273","3dd8372a151d3c59d576aff17a79d10b0fd5120f0999e41ef6d6b9580668256d","2026-07-19 18:08:46 +08:00"
"04_SDK与镜像/公开仓库/meta-tspi/recipes-multimedia/gstreamer/gstreamer1.0_1.20.7/0001-filesrc-Fix-stopping-race-in-pull-mode.patch","local","","local","generated","1164","44c82f20b0539de0c925d465147b986721ac081e643f415caec0becee46d421c","2026-07-19 18:08:46 +08:00"
"04_SDK与镜像/公开仓库/meta-tspi/recipes-multimedia/gstreamer/gstreamer1.0_1.20.7/0002-HACK-gstpad-Add-1-sec-timeout-for-activation.patch","local","","local","generated","2284","68edeb267a391cb5054cca79495dd36052d3a14e4e75f3b1f3e201d8c86ddb50","2026-07-19 18:08:46 +08:00"
"04_SDK与镜像/公开仓库/meta-tspi/recipes-multimedia/gstreamer/gstreamer1.0_1.20.7/0003-HACK-caps-Consider-dmabuf-subset-of-system-memory.patch","local","","local","generated","6716","1684773fe0ab2861117835fcacbfc8e51f73097a9a143df42b0d2151a746425a","2026-07-19 18:08:46 +08:00"
"04_SDK与镜像/公开仓库/meta-tspi/recipes-multimedia/gstreamer/gstreamer1.0_1.20.7/0004-gst-launch-Fix-random-hang-when-EOS.patch","local","","local","generated","1944","a65c311b3d883658fff899db5658aeaf348091ccb617308709a6bd6c37ec23a4","2026-07-19 18:08:46 +08:00"
"04_SDK与镜像/公开仓库/meta-tspi/recipes-multimedia/gstreamer/gstreamer1.0_1.22.11","local","","local","generated","19","220648e5cc49f5c2af9a5f25a6489d303126618703eb6b4ff4ede2c998acc7cb","2026-07-19 18:08:46 +08:00"
"04_SDK与镜像/公开仓库/meta-tspi/recipes-multimedia/gstreamer/gstreamer1.0_1.22.7/0001-filesrc-Fix-stopping-race-in-pull-mode.patch","local","","local","generated","1164","29f6a913d809c9dedabc43185c145a273f6876ab079427af4acb9ddcd67b65b9","2026-07-19 18:08:46 +08:00"
"04_SDK与镜像/公开仓库/meta-tspi/recipes-multimedia/gstreamer/gstreamer1.0_1.22.7/0002-HACK-gstpad-Add-1-sec-timeout-for-activation.patch","local","","local","generated","2284","eb5cf13a9db3c9c4351e009d52302e544e630d314c760fadeb4aa3f2711903c8","2026-07-19 18:08:46 +08:00"
"04_SDK与镜像/公开仓库/meta-tspi/recipes-multimedia/gstreamer/gstreamer1.0_1.22.7/0003-HACK-caps-Consider-dmabuf-subset-of-system-memory.patch","local","","local","generated","6716","b963dece62c9b6af6211a8a410f3424998646d288615df97e238bd7bf62daa00","2026-07-19 18:08:46 +08:00"
"04_SDK与镜像/公开仓库/meta-tspi/recipes-multimedia/gstreamer/gstreamer1.0_1.22.7/0004-gst-launch-Fix-random-hang-when-EOS.patch","local","","local","generated","1949","e4b78fefb7c5033b5823d54c616d9729532450f3966d25bd0e4a91aa72f9fa06","2026-07-19 18:08:46 +08:00"
"04_SDK与镜像/公开仓库/meta-tspi/recipes-multimedia/gstreamer/gstreamer1.0_1.22.9/0001-filesrc-Fix-stopping-race-in-pull-mode.patch","local","","local","generated","1164","ce33c7c2ecc458e5167cd5f83094afdf0d511efe6f1c857dfa8b68af68486bfb","2026-07-19 18:08:46 +08:00"
"04_SDK与镜像/公开仓库/meta-tspi/recipes-multimedia/gstreamer/gstreamer1.0_1.22.9/0002-HACK-gstpad-Add-1-sec-timeout-for-activation.patch","local","","local","generated","2284","45406eec384c777bff9c351f2b3a27e3d7f1639510ac6568d242f1447e7586f4","2026-07-19 18:08:46 +08:00"
"04_SDK与镜像/公开仓库/meta-tspi/recipes-multimedia/gstreamer/gstreamer1.0_1.22.9/0003-HACK-caps-Consider-dmabuf-subset-of-system-memory.patch","local","","local","generated","6716","bb0cadbaaaf6f40d71e095305c9a7f294f6f6b9c60d90d2f7b22b7aa621057ef","2026-07-19 18:08:46 +08:00"
"04_SDK与镜像/公开仓库/meta-tspi/recipes-multimedia/gstreamer/gstreamer1.0_1.22.9/0004-gst-launch-Fix-random-hang-when-EOS.patch","local","","local","generated","1949","185498b31d6849136a1a5ce9da66ef3c3860726a6e6cb3b81341297b926f7cfb","2026-07-19 18:08:46 +08:00"
"04_SDK与镜像/公开仓库/meta-tspi/recipes-multimedia/gstreamer/gstreamer1.0-plugins-bad_%.bbappend","local","","local","generated","274","3548b1c10d11292fa57206c218e52a197ff13b7bed08b046a7a27fd3043e1e31","2026-07-19 18:08:46 +08:00"
"04_SDK与镜像/公开仓库/meta-tspi/recipes-multimedia/gstreamer/gstreamer1.0-plugins-bad_1.20.7/0001-fix-h265_parser-read-vui-error.patch","local","","local","generated","1514","34b57da03cd86c6f4ca4fc693bc2fb370bb1c84643429931c4d148e567fe4362","2026-07-19 18:08:46 +08:00"
"04_SDK与镜像/公开仓库/meta-tspi/recipes-multimedia/gstreamer/gstreamer1.0-plugins-bad_1.20.7/0002-interim-fix-vc1-stream-may-memory-leak-when-pending.patch","local","","local","generated","1242","0715fb61e710eb967c02f496ce1bb0e5da691e2e1e6e137199cf1a59259856a6","2026-07-19 18:08:46 +08:00"
"04_SDK与镜像/公开仓库/meta-tspi/recipes-multimedia/gstreamer/gstreamer1.0-plugins-bad_1.20.7/0003-av1parser-Don-t-consider-unknown-metadata-OBUs-a-bit.patch","local","","local","generated","1187","71227ea95dcceedae2daf2494c656264c1bdce81678cdbe4e83e645e8edf0310","2026-07-19 18:08:46 +08:00"
"04_SDK与镜像/公开仓库/meta-tspi/recipes-multimedia/gstreamer/gstreamer1.0-plugins-bad_1.20.7/0004-kmssink-Fix-cropping-for-video-with-non-square-aspec.patch","local","","local","generated","2450","fc8ef2a650e00c7e50fb7e0bd529778b839082abf84e265f78e2a694292d975d","2026-07-19 18:08:46 +08:00"
"04_SDK与镜像/公开仓库/meta-tspi/recipes-multimedia/gstreamer/gstreamer1.0-plugins-bad_1.20.7/0005-kmssink-Request-window-handle.patch","local","","local","generated","1849","ed2e635e2a3ca9372a16ca0a29f190cdc817ed2f95db8cf8518f9a1b16c3fbc3","2026-07-19 18:08:46 +08:00"
"04_SDK与镜像/公开仓库/meta-tspi/recipes-multimedia/gstreamer/gstreamer1.0-plugins-bad_1.20.7/0006-waylandsink-release-frame-callback-when-finalizing.patch","local","","local","generated","851","dfeb19975ad42a80ab5cf7c452ba479616bf2694458e7dc20e8ca0ea28ff737a","2026-07-19 18:08:46 +08:00"
"04_SDK与镜像/公开仓库/meta-tspi/recipes-multimedia/gstreamer/gstreamer1.0-plugins-bad_1.20.7/0007-waylandsink-Support-place-below-above.patch","local","","local","generated","1172","6f2ecc7495668d395fabf0e3baf1890baedf045b87e97b09219778ef6e4d3e3f","2026-07-19 18:08:46 +08:00"
"04_SDK与镜像/公开仓库/meta-tspi/recipes-multimedia/gstreamer/gstreamer1.0-plugins-bad_1.20.7/0008-waylandsink-Enable-changing-window-handle.patch","local","","local","generated","3180","5e270e9394c73cdf01f0d844556adb72801063f7f84157fdbce2c35a06890e6d","2026-07-19 18:08:46 +08:00"
"04_SDK与镜像/公开仓库/meta-tspi/recipes-multimedia/gstreamer/gstreamer1.0-plugins-bad_1.20.7/0009-kmssink-Support-setting-plane-zpos.patch","local","","local","generated","3996","a38d9109da89f7c2fb8a4d2caaf2372edd56b28538dd85bd5416d7c8b5ab0ab0","2026-07-19 18:08:46 +08:00"
"04_SDK与镜像/公开仓库/meta-tspi/recipes-multimedia/gstreamer/gstreamer1.0-plugins-bad_1.20.7/0010-waylandsink-Support-setting-toplevel-window-position.patch","local","","local","generated","7896","3edece59b0302305e6f287ddbeae1ee82bf7bacb976849cebb3b31350ef3a85a","2026-07-19 18:08:46 +08:00"
"04_SDK与镜像/公开仓库/meta-tspi/recipes-multimedia/gstreamer/gstreamer1.0-plugins-bad_1.20.7/0011-HACK-gstmpegvideoparse-Split-every-picture.patch","local","","local","generated","1224","bec266c1a02cd770fc40b8de76b06f320fc7d41afbe0646158174762d792d167","2026-07-19 18:08:46 +08:00"
"04_SDK与镜像/公开仓库/meta-tspi/recipes-multimedia/gstreamer/gstreamer1.0-plugins-bad_1.20.7/0012-mpegtsdemux-Create-new-PCR-group-for-big-gap.patch","local","","local","generated","2107","33c1851d8f93ce288ce099c65e855f1903c16a44dd476ce6dc6d1a65b87b9a86","2026-07-19 18:08:46 +08:00"
"04_SDK与镜像/公开仓库/meta-tspi/recipes-multimedia/gstreamer/gstreamer1.0-plugins-bad_1.20.7/0013-gstjpegparse-Allow-parsebin-to-use-it-for-autopluggi.patch","local","","local","generated","1394","59f31d156769e3f3b4f2313d9fbe795db51a94bf2aa835ce10144d838f03b991","2026-07-19 18:08:46 +08:00"
"04_SDK与镜像/公开仓库/meta-tspi/recipes-multimedia/gstreamer/gstreamer1.0-plugins-bad_1.20.7/0014-waylandsink-Drop-frame-when-window-not-ready.patch","local","","local","generated","978","84506b3b7736aecbaba3ee804e197c30b384fca9445b23ae7d48139d3590ca62","2026-07-19 18:08:46 +08:00"
"04_SDK与镜像/公开仓库/meta-tspi/recipes-multimedia/gstreamer/gstreamer1.0-plugins-bad_1.20.7/0015-waylandsink-Fix-random-crash.patch","local","","local","generated","993","93b4f44fa37b162e4e2f868fbaf2df5dbfa3859d5439b6be5c227bec2b474a65","2026-07-19 18:08:46 +08:00"
"04_SDK与镜像/公开仓库/meta-tspi/recipes-multimedia/gstreamer/gstreamer1.0-plugins-bad_1.20.7/0016-camerabin2-Support-setting-default-filters.patch","local","","local","generated","2000","5e0ee3045feffd972209a4dd178344b4a35bb7ff6a4d0c33f065d9443c5d4f02","2026-07-19 18:08:46 +08:00"
"04_SDK与镜像/公开仓库/meta-tspi/recipes-multimedia/gstreamer/gstreamer1.0-plugins-bad_1.20.7/0017-waylandsink-Defer-prepare-window-when-getting-zero-w.patch","local","","local","generated","1428","7def7719488d0a4ed4db5e24a92777d78dc35e778dc562deb255155ae7f322f6","2026-07-19 18:08:46 +08:00"
"04_SDK与镜像/公开仓库/meta-tspi/recipes-multimedia/gstreamer/gstreamer1.0-plugins-bad_1.20.7/0018-mpegts-Support-ignoring-broken-PCR-streams-by-defaul.patch","local","","local","generated","1294","8347c477f53ec527cc90c44f01b1f5208b97e6006ed37d30b807eca1d89719a2","2026-07-19 18:08:46 +08:00"
"04_SDK与镜像/公开仓库/meta-tspi/recipes-multimedia/gstreamer/gstreamer1.0-plugins-bad_1.20.7/0019-waylandsink-Support-window-layer-property.patch","local","","local","generated","8078","2c8bbd5af973f9d8150b4cdeb7bd07c351a7d0be342aad373592a223293968cc","2026-07-19 18:08:46 +08:00"
"04_SDK与镜像/公开仓库/meta-tspi/recipes-multimedia/gstreamer/gstreamer1.0-plugins-bad_1.20.7/0020-waylandsink-Support-window-alpha-property.patch","local","","local","generated","6366","ebf7e84cfacc4fe3f71b565a473b61b267b26bfa1f99ea543532f3c182ad823a","2026-07-19 18:08:46 +08:00"
"04_SDK与镜像/公开仓库/meta-tspi/recipes-multimedia/gstreamer/gstreamer1.0-plugins-bad_1.20.7/0021-waylandsink-Support-window-fill-mode-property.patch","local","","local","generated","7136","84a6ced99da5e22b5d6b65c3160617a8c6c42e8b9b70c1e0650e371f86734bf8","2026-07-19 18:08:46 +08:00"
"04_SDK与镜像/公开仓库/meta-tspi/recipes-multimedia/gstreamer/gstreamer1.0-plugins-bad_1.20.7/0022-waylandsink-Use-create_immed-to-create-dmabuf.patch","local","","local","generated","4344","eda43ee38917e269e7dc44fb0b9b3aab7b72c610def9bcee034e31d2abba9ba8","2026-07-19 18:08:46 +08:00"
"04_SDK与镜像/公开仓库/meta-tspi/recipes-multimedia/gstreamer/gstreamer1.0-plugins-bad_1.20.7/0023-waylandsink-Support-frame-sync-mode.patch","local","","local","generated","2352","81e6bd7734a798f35de0f1df6ffb3b2a456df74eecbc73d3625db9b6ffa9f288","2026-07-19 18:08:46 +08:00"
"04_SDK与镜像/公开仓库/meta-tspi/recipes-multimedia/gstreamer/gstreamer1.0-plugins-bad_1.20.7/0024-kmssink-Support-NV12_10LE40-NV16_10LE40-and-NV12-NV1.patch","local","","local","generated","13134","4c37145b3599e7aface393e94d62c3c851e56d315e856338192f35eb2294ccab","2026-07-19 18:08:46 +08:00"
"04_SDK与镜像/公开仓库/meta-tspi/recipes-multimedia/gstreamer/gstreamer1.0-plugins-bad_1.20.7/0025-waylandsink-Support-NV12_10LE40-and-NV12-NV12_10LE40.patch","local","","local","generated","16654","baa91253661e0cb8b5a75410bf1d6ba6d63d2906bbb5f9bd6c3c68162c1b1a60","2026-07-19 18:08:46 +08:00"
"04_SDK与镜像/公开仓库/meta-tspi/recipes-multimedia/gstreamer/gstreamer1.0-plugins-bad_1.20.7/0026-waylandsink-Use-the-correct-video-info-to-access-all.patch","local","","local","generated","2631","5b94db3b7c73da642188da48c7855ac178b1d6fb20ff77728d6030451061a973","2026-07-19 18:08:46 +08:00"
"04_SDK与镜像/公开仓库/meta-tspi/recipes-multimedia/gstreamer/gstreamer1.0-plugins-bad_1.20.7/0027-waylandsink-Prefer-to-use-waylandsink.patch","local","","local","generated","1103","588338071cbb6472647eac19e770d3b7c5ee3db0e6c977970bf0ef3da71bfccd","2026-07-19 18:08:46 +08:00"
"04_SDK与镜像/公开仓库/meta-tspi/recipes-multimedia/gstreamer/gstreamer1.0-plugins-bad_1.20.7/0028-kmssink-Avoid-double-closing-shared-gem-handle.patch","local","","local","generated","1246","5598a1a5aa90acce8ba5679418fe6be6cfccabfca4e7b0de5f2eafb28986273c","2026-07-19 18:08:46 +08:00"
"04_SDK与镜像/公开仓库/meta-tspi/recipes-multimedia/gstreamer/gstreamer1.0-plugins-bad_1.20.7/0029-kmssink-Support-ignoring-aspect-ratio.patch","local","","local","generated","3470","4302af042b6b0f0eb3905b33c6908ade37cec0f3970fa37f852c8c43098ad1ca","2026-07-19 18:08:46 +08:00"
"04_SDK与镜像/公开仓库/meta-tspi/recipes-multimedia/gstreamer/gstreamer1.0-plugins-bad_1.20.7/0030-waylandsink-Support-pointer-and-touch.patch","local","","local","generated","12894","4a553fd5944dede03422c69855e95437a6eb72e74149c66fe003e3ab0b259e17","2026-07-19 18:08:46 +08:00"
"04_SDK与镜像/公开仓库/meta-tspi/recipes-multimedia/gstreamer/gstreamer1.0-plugins-bad_1.20.7/0031-waylandsink-Parse-video-size-in-propose_allocation.patch","local","","local","generated","2884","3828605451c1328596932cbc50e6466db114fca437ef8173a65fafeb41871a85","2026-07-19 18:08:46 +08:00"
"04_SDK与镜像/公开仓库/meta-tspi/recipes-multimedia/gstreamer/gstreamer1.0-plugins-bad_1.20.7/0032-waylandsink-Wait-10s-for-toplevel-window-s-configure.patch","local","","local","generated","1099","f6351fd7611b52f07ca76bdd2a6a8ec7b1e545deea7246bb50b7d7e3a91b86c4","2026-07-19 18:08:46 +08:00"
"04_SDK与镜像/公开仓库/meta-tspi/recipes-multimedia/gstreamer/gstreamer1.0-plugins-bad_1.20.7/0033-waylandsink-Fix-buffer-size-error-when-video-cropped.patch","local","","local","generated","1148","1d7e5355fe05c605abf0c4d9dd4a5d12be9b206fa196b204a2d7f3773488d95e","2026-07-19 18:08:46 +08:00"
"04_SDK与镜像/公开仓库/meta-tspi/recipes-multimedia/gstreamer/gstreamer1.0-plugins-bad_1.20.7/0034-HACK-waylandsink-Set-size-in-wl_subsurface_set_posit.patch","local","","local","generated","1415","bf7d8e852107e67d6586c127543a309fd2b7123778003d87c5ddb0296f885862","2026-07-19 18:08:46 +08:00"
"04_SDK与镜像/公开仓库/meta-tspi/recipes-multimedia/gstreamer/gstreamer1.0-plugins-bad_1.20.7/0035-waylandsink-Support-transparent-video.patch","local","","local","generated","3459","70b448c47fd029f4d82fdf9505545bddda0b0efa2b8b9e58694fcecbcdbe02ca","2026-07-19 18:08:46 +08:00"
"04_SDK与镜像/公开仓库/meta-tspi/recipes-multimedia/gstreamer/gstreamer1.0-plugins-bad_1.20.7/0036-kmssink-Improve-monitor-and-plane-selection.patch","local","","local","generated","7580","f9b944717619b05365ac4be86b422dc7930c79677aa1478d8c2a3318dd4efa4f","2026-07-19 18:08:46 +08:00"
"04_SDK与镜像/公开仓库/meta-tspi/recipes-multimedia/gstreamer/gstreamer1.0-plugins-bad_1.20.7/0037-kmssink-Support-setting-prefered-frame-syncing-mode.patch","local","","local","generated","7480","aa2037b705fc1bc2bbd82b5419f1c139fdbcc66fe6c3d2acab8453c3d410828c","2026-07-19 18:08:46 +08:00"
"04_SDK与镜像/公开仓库/meta-tspi/recipes-multimedia/gstreamer/gstreamer1.0-plugins-bad_1.20.7/0038-kmssink-Support-scaling-in-modesetting.patch","local","","local","generated","9304","5217e12db2e6b59dec626e74cc9bf8c9e3bd743f5dfd6d82fd99cfbc4e86ca0e","2026-07-19 18:08:46 +08:00"
"04_SDK与镜像/公开仓库/meta-tspi/recipes-multimedia/gstreamer/gstreamer1.0-plugins-bad_1.20.7/0039-kmssink-Support-fullscreen-prop.patch","local","","local","generated","2934","ae17f1b58ad4eb1c6509e48fc9d5d8c71bd64a5e2ffcb60ea0db0218318b4812","2026-07-19 18:08:46 +08:00"
"04_SDK与镜像/公开仓库/meta-tspi/recipes-multimedia/gstreamer/gstreamer1.0-plugins-bad_1.20.7/0040-waylandsink-Support-force-trying-dmabuf.patch","local","","local","generated","4360","7d579de0f1abb684a0d35c0915ee2a7aa20187696d156dd43855cd38bfe46026","2026-07-19 18:08:46 +08:00"
"04_SDK与镜像/公开仓库/meta-tspi/recipes-multimedia/gstreamer/gstreamer1.0-plugins-bad_1.20.7/0041-kmssink-Avoid-choosing-disconnected-connector.patch","local","","local","generated","908","05a8475f2fb5e90b3db6c37d78d20aeb4de31950b5e4cc31c8779a23b810a773","2026-07-19 18:08:46 +08:00"
"04_SDK与镜像/公开仓库/meta-tspi/recipes-multimedia/gstreamer/gstreamer1.0-plugins-bad_1.20.7/0042-waylandsink-Support-NV24-shm-format.patch","local","","local","generated","1860","8eeaa28b14e7634bdf15063ad6c7fb13b8cc9c95d0faa94345118f53c21954e2","2026-07-19 18:08:46 +08:00"
"04_SDK与镜像/公开仓库/meta-tspi/recipes-multimedia/gstreamer/gstreamer1.0-plugins-bad_1.20.7/0043-kmssink-Try-to-modeset-with-video-buffer.patch","local","","local","generated","2855","716a168ed3b58f88381f2959de3bd51181ef12ce86013482e0240debcb5b4271","2026-07-19 18:08:46 +08:00"
"04_SDK与镜像/公开仓库/meta-tspi/recipes-multimedia/gstreamer/gstreamer1.0-plugins-bad_1.20.7/0044-HACK-kmssink-Use-rockchip-driver.patch","local","","local","generated","1175","1afc0daded733b4f2a0e39f4ff1b9322019cd21422f86d10f94edacb55727b92","2026-07-19 18:08:46 +08:00"
"04_SDK与镜像/公开仓库/meta-tspi/recipes-multimedia/gstreamer/gstreamer1.0-plugins-bad_1.20.7/0045-kmssink-Allow-out-of-screen-size.patch","local","","local","generated","1098","3c536d2d9b2e088f2f8225a78e61bbfdd481feb01bbe7adeff4c0f8ad60ef349","2026-07-19 18:08:46 +08:00"
"04_SDK与镜像/公开仓库/meta-tspi/recipes-multimedia/gstreamer/gstreamer1.0-plugins-bad_1.20.7/0046-kmssink-Support-forcing-disable-aspect-ratio.patch","local","","local","generated","2431","14f56cd8c1d2efa2f5bde5bc947b3c34e611b39b549c94a7b1b5cee4a4d392bb","2026-07-19 18:08:46 +08:00"
"04_SDK与镜像/公开仓库/meta-tspi/recipes-multimedia/gstreamer/gstreamer1.0-plugins-bad_1.22.11","local","","local","generated","31","396e2072003dd2891e7a3ed3de25aa99880555f3ed1c330b3d75d624aab1fb53","2026-07-19 18:08:46 +08:00"
"04_SDK与镜像/公开仓库/meta-tspi/recipes-multimedia/gstreamer/gstreamer1.0-plugins-bad_1.22.7/0001-webrtcdsp-Update-code-for-webrtc-audio-processing-1.patch","local","","local","generated","36154","7dc8fc883553a5314eeeccb0924959c523c73cfaa4f49c4608c2c42db360c670","2026-07-19 18:08:46 +08:00"
"04_SDK与镜像/公开仓库/meta-tspi/recipes-multimedia/gstreamer/gstreamer1.0-plugins-bad_1.22.7/0002-h265parser-Fix-read-vui-error.patch","local","","local","generated","1574","e087a762063db962c02bdb0a2c68824eaee3c3cd1f8c42fee839825050155747","2026-07-19 18:08:46 +08:00"
"04_SDK与镜像/公开仓库/meta-tspi/recipes-multimedia/gstreamer/gstreamer1.0-plugins-bad_1.22.7/0003-interim-fix-vc1-stream-may-memory-leak-when-pending.patch","local","","local","generated","1242","21e16c5c62ffe4a9911e76886fb8da069235ce974bd9e519757af490a47ca476","2026-07-19 18:08:46 +08:00"
"04_SDK与镜像/公开仓库/meta-tspi/recipes-multimedia/gstreamer/gstreamer1.0-plugins-bad_1.22.7/0004-kmssink-Fix-cropping-for-video-with-non-square-aspec.patch","local","","local","generated","2450","ffec7e8aca00b43da1456ededebdfe3b0ff3f70694cd677dfac2144dc0e83047","2026-07-19 18:08:46 +08:00"
"04_SDK与镜像/公开仓库/meta-tspi/recipes-multimedia/gstreamer/gstreamer1.0-plugins-bad_1.22.7/0005-kmssink-Request-window-handle.patch","local","","local","generated","1830","08f17a87451400fc8d3e364f6674127f1de081c23ba9839cd37077fae915fe92","2026-07-19 18:08:46 +08:00"
"04_SDK与镜像/公开仓库/meta-tspi/recipes-multimedia/gstreamer/gstreamer1.0-plugins-bad_1.22.7/0006-waylandsink-Support-place-below-above.patch","local","","local","generated","1245","0536810bfd5c881aa1b96819ad424ba08ab8228fad0d52888938d0f4d4e0743e","2026-07-19 18:08:46 +08:00"
"04_SDK与镜像/公开仓库/meta-tspi/recipes-multimedia/gstreamer/gstreamer1.0-plugins-bad_1.22.7/0007-waylandsink-Enable-changing-window-handle.patch","local","","local","generated","3187","54a618250f4e5855261430b6051906b9bcc86c3d9ab8c0abc4ec79124be4eb41","2026-07-19 18:08:46 +08:00"
"04_SDK与镜像/公开仓库/meta-tspi/recipes-multimedia/gstreamer/gstreamer1.0-plugins-bad_1.22.7/0008-kmssink-Support-setting-plane-zpos.patch","local","","local","generated","4015","dcc020a6e1f466b67b6249de1b0391eba0449c62079aab27ce151b7e6a1e1b96","2026-07-19 18:08:46 +08:00"
"04_SDK与镜像/公开仓库/meta-tspi/recipes-multimedia/gstreamer/gstreamer1.0-plugins-bad_1.22.7/0009-waylandsink-Support-setting-toplevel-window-position.patch","local","","local","generated","8690","96c4c875d1f03ffa5589094c6d3c7a156a669633502859719bdf89d8d15496a4","2026-07-19 18:08:46 +08:00"
"04_SDK与镜像/公开仓库/meta-tspi/recipes-multimedia/gstreamer/gstreamer1.0-plugins-bad_1.22.7/0010-HACK-gstmpegvideoparse-Split-every-picture.patch","local","","local","generated","1224","9cc1c9e64cc25efd37155c3d14eca483537d8c0f1ad2a5f6754cfa15100d9351","2026-07-19 18:08:46 +08:00"
"04_SDK与镜像/公开仓库/meta-tspi/recipes-multimedia/gstreamer/gstreamer1.0-plugins-bad_1.22.7/0011-mpegtsdemux-Create-new-PCR-group-for-big-gap.patch","local","","local","generated","2107","fe286075c82dfcae3ba743b7947b2c86e5772e77a9c26cca65264c262db0d137","2026-07-19 18:08:46 +08:00"
"04_SDK与镜像/公开仓库/meta-tspi/recipes-multimedia/gstreamer/gstreamer1.0-plugins-bad_1.22.7/0012-gstjpegparse-Allow-parsebin-to-use-it-for-autopluggi.patch","local","","local","generated","1009","4f03f9a965f7d581a3b0ac800695c95e59529fb6c4308001f1294235e1dedcf0","2026-07-19 18:08:46 +08:00"
"04_SDK与镜像/公开仓库/meta-tspi/recipes-multimedia/gstreamer/gstreamer1.0-plugins-bad_1.22.7/0013-waylandsink-Drop-frame-when-window-not-ready.patch","local","","local","generated","978","7d7acfa73e23358453b69997f8b941367102dbc74b9f4a739126c10ec4759d81","2026-07-19 18:08:46 +08:00"
"04_SDK与镜像/公开仓库/meta-tspi/recipes-multimedia/gstreamer/gstreamer1.0-plugins-bad_1.22.7/0014-waylandsink-Fix-random-crash.patch","local","","local","generated","993","28b620dae177bf1e84ec95e338420f6e274dd21d842b77b2200332ec468de856","2026-07-19 18:08:46 +08:00"
"04_SDK与镜像/公开仓库/meta-tspi/recipes-multimedia/gstreamer/gstreamer1.0-plugins-bad_1.22.7/0015-camerabin2-Support-setting-default-filters.patch","local","","local","generated","2000","f5e5f9a9ae2c79fc8a665975ea508524964eff8078e0d90902b29c88c523f2e9","2026-07-19 18:08:46 +08:00"
"04_SDK与镜像/公开仓库/meta-tspi/recipes-multimedia/gstreamer/gstreamer1.0-plugins-bad_1.22.7/0016-waylandsink-Defer-prepare-window-when-getting-zero-w.patch","local","","local","generated","1428","2a804e0f3e26df11979c7a0872cd28ba359debad69eceff1311b79e4bfc698d8","2026-07-19 18:08:46 +08:00"
"04_SDK与镜像/公开仓库/meta-tspi/recipes-multimedia/gstreamer/gstreamer1.0-plugins-bad_1.22.7/0017-mpegts-Support-ignoring-broken-PCR-streams-by-defaul.patch","local","","local","generated","1294","917ac42812890589a9af20e5c0402116ac7bdd1a1eed16fa097db238c848f091","2026-07-19 18:08:46 +08:00"
"04_SDK与镜像/公开仓库/meta-tspi/recipes-multimedia/gstreamer/gstreamer1.0-plugins-bad_1.22.7/0018-waylandsink-Fix-crash-when-setting-fullscreen-proper.patch","local","","local","generated","966","ad87f29e7050ad3ed15f8c84955f7c036c5b43b8719a58a8f28f4ddbd744533d","2026-07-19 18:08:46 +08:00"
"04_SDK与镜像/公开仓库/meta-tspi/recipes-multimedia/gstreamer/gstreamer1.0-plugins-bad_1.22.7/0019-waylandsink-Support-window-layer-property.patch","local","","local","generated","8411","e22cae3213764c92b8cfeb01e0a743f1847c0f03bdd76be41965a3c408795a38","2026-07-19 18:08:46 +08:00"
"04_SDK与镜像/公开仓库/meta-tspi/recipes-multimedia/gstreamer/gstreamer1.0-plugins-bad_1.22.7/0020-waylandsink-Support-window-alpha-property.patch","local","","local","generated","5463","2e3a95f579d5c4c2bae1c690ad9bbafe529404647a354ecceb72cd693ddb05af","2026-07-19 18:08:46 +08:00"
"04_SDK与镜像/公开仓库/meta-tspi/recipes-multimedia/gstreamer/gstreamer1.0-plugins-bad_1.22.7/0021-waylandsink-Support-window-fill-mode-property.patch","local","","local","generated","12723","6e972d0fcf858dcd40f901ccc5886336afe00930b4b53a77198066ef44bbba63","2026-07-19 18:08:46 +08:00"
"04_SDK与镜像/公开仓库/meta-tspi/recipes-multimedia/gstreamer/gstreamer1.0-plugins-bad_1.22.7/0022-waylandsink-Use-create_immed-to-create-dmabuf.patch","local","","local","generated","4464","5283228bb8550d5da30fb254f33cee058115d6cbfe5e049cd6d0ce52f93d923a","2026-07-19 18:08:46 +08:00"
"04_SDK与镜像/公开仓库/meta-tspi/recipes-multimedia/gstreamer/gstreamer1.0-plugins-bad_1.22.7/0023-waylandsink-Support-frame-sync-mode.patch","local","","local","generated","2348","f42e529f4ac142cf3fd2cc0d203e52ce0769826bd0bba40cc4b9bd8299665077","2026-07-19 18:08:46 +08:00"
"04_SDK与镜像/公开仓库/meta-tspi/recipes-multimedia/gstreamer/gstreamer1.0-plugins-bad_1.22.7/0024-kmssink-Support-NV12_10LE40-NV16_10LE40-and-NV12-NV1.patch","local","","local","generated","13159","4c21461e69c23c9233622753ebbfaf2fe7b3077146ca2b020334df8fab78601d","2026-07-19 18:08:46 +08:00"
"04_SDK与镜像/公开仓库/meta-tspi/recipes-multimedia/gstreamer/gstreamer1.0-plugins-bad_1.22.7/0025-waylandsink-Support-NV12_10LE40-NV16_10LE40-and-NV12.patch","local","","local","generated","19549","d5de2c3582cc95101aec99e9d7b968822a4b96a6d84840f32d2ca80928d33750","2026-07-19 18:08:46 +08:00"
"04_SDK与镜像/公开仓库/meta-tspi/recipes-multimedia/gstreamer/gstreamer1.0-plugins-bad_1.22.7/0026-waylandsink-Use-the-correct-video-info-to-access-all.patch","local","","local","generated","2633","34e2b8621f45d29967f03967a8d9e1c992124cf55d40e5816d2b96171dabd3b1","2026-07-19 18:08:46 +08:00"
"04_SDK与镜像/公开仓库/meta-tspi/recipes-multimedia/gstreamer/gstreamer1.0-plugins-bad_1.22.7/0027-waylandsink-Prefer-to-use-waylandsink.patch","local","","local","generated","1119","83156a7d73c6e67571ccf4d4ef5c759f534dd54d2402fd12ae25139d63bc9fa9","2026-07-19 18:08:46 +08:00"
"04_SDK与镜像/公开仓库/meta-tspi/recipes-multimedia/gstreamer/gstreamer1.0-plugins-bad_1.22.7/0028-kmssink-Avoid-double-closing-shared-gem-handle.patch","local","","local","generated","1246","b32fe6f4fc7f332e39b2b5385b99e7394116f03f00b53eed9080780fbb767687","2026-07-19 18:08:46 +08:00"
"04_SDK与镜像/公开仓库/meta-tspi/recipes-multimedia/gstreamer/gstreamer1.0-plugins-bad_1.22.7/0029-kmssink-Support-ignoring-aspect-ratio.patch","local","","local","generated","3535","c52beeb803056db0306f040deefe97855fb81e28f0038acdd58ce150534cc343","2026-07-19 18:08:46 +08:00"
"04_SDK与镜像/公开仓库/meta-tspi/recipes-multimedia/gstreamer/gstreamer1.0-plugins-bad_1.22.7/0030-waylandsink-Support-pointer-and-touch.patch","local","","local","generated","15854","db80fb9bc8b7ad8a1758b5b029b715eade7b31a4613ee7326d7d0ec56be22a71","2026-07-19 18:08:46 +08:00"
"04_SDK与镜像/公开仓库/meta-tspi/recipes-multimedia/gstreamer/gstreamer1.0-plugins-bad_1.22.7/0031-waylandsink-Parse-video-size-in-propose_allocation.patch","local","","local","generated","2866","597168b8efe5323295a237fe8a7235c4d287d751f8ce509ddf5f2ab3c295594e","2026-07-19 18:08:46 +08:00"
"04_SDK与镜像/公开仓库/meta-tspi/recipes-multimedia/gstreamer/gstreamer1.0-plugins-bad_1.22.7/0032-waylandsink-Wait-10s-for-toplevel-window-s-configure.patch","local","","local","generated","1171","6d29b7480b8d537b3b46762f3b1575782538149b38703535abb31f29eb2976b3","2026-07-19 18:08:46 +08:00"
"04_SDK与镜像/公开仓库/meta-tspi/recipes-multimedia/gstreamer/gstreamer1.0-plugins-bad_1.22.7/0033-waylandsink-Fix-buffer-size-error-when-video-cropped.patch","local","","local","generated","1148","6874ae53ac1d66422469192b0ca050ff694c375cc07c417f2e48f0f581a97897","2026-07-19 18:08:46 +08:00"
"04_SDK与镜像/公开仓库/meta-tspi/recipes-multimedia/gstreamer/gstreamer1.0-plugins-bad_1.22.7/0034-HACK-waylandsink-Set-size-in-wl_subsurface_set_posit.patch","local","","local","generated","1451","2f0c7e1e2b9e912c6766805ec5345ff05d4df50db6a558c01fb77202cb950af7","2026-07-19 18:08:46 +08:00"
"04_SDK与镜像/公开仓库/meta-tspi/recipes-multimedia/gstreamer/gstreamer1.0-plugins-bad_1.22.7/0035-waylandsink-Support-transparent-video.patch","local","","local","generated","3260","f868c3f56e5dbc380d74e8d72696e37b07b8377a5d9e2dc7df2e058c8af0d0bb","2026-07-19 18:08:46 +08:00"
"04_SDK与镜像/公开仓库/meta-tspi/recipes-multimedia/gstreamer/gstreamer1.0-plugins-bad_1.22.7/0036-kmssink-Improve-monitor-and-plane-selection.patch","local","","local","generated","7583","68d0716d4ade951da3cc2c7f3f770dd26d85728ed7c1dacc45fe084e85c3ed3a","2026-07-19 18:08:46 +08:00"
"04_SDK与镜像/公开仓库/meta-tspi/recipes-multimedia/gstreamer/gstreamer1.0-plugins-bad_1.22.7/0037-kmssink-Support-setting-prefered-frame-syncing-mode.patch","local","","local","generated","7539","eb2a230272bb91c770aebccc98c2e6b415701d0b9f4d5898e31d8255c8a821e1","2026-07-19 18:08:46 +08:00"
"04_SDK与镜像/公开仓库/meta-tspi/recipes-multimedia/gstreamer/gstreamer1.0-plugins-bad_1.22.7/0038-kmssink-Support-scaling-in-modesetting.patch","local","","local","generated","9306","bd2dd24ad645482be7d35160bf14754f3bb4ff2bd7f5fe5f6e64e7680b21f93c","2026-07-19 18:08:46 +08:00"
"04_SDK与镜像/公开仓库/meta-tspi/recipes-multimedia/gstreamer/gstreamer1.0-plugins-bad_1.22.7/0039-kmssink-Support-fullscreen-prop.patch","local","","local","generated","2933","57aa7941eba002e4830b9b606b4c7f66ed023418e8d9dc8514851656cff961a5","2026-07-19 18:08:46 +08:00"
"04_SDK与镜像/公开仓库/meta-tspi/recipes-multimedia/gstreamer/gstreamer1.0-plugins-bad_1.22.7/0040-waylandsink-Support-force-trying-dmabuf.patch","local","","local","generated","4612","b304748a8a26407488dd4d169771f56aca7536a16a601edc5a40b9bbefd4fff3","2026-07-19 18:08:46 +08:00"
"04_SDK与镜像/公开仓库/meta-tspi/recipes-multimedia/gstreamer/gstreamer1.0-plugins-bad_1.22.7/0041-kmssink-Support-HDR.patch","local","","local","generated","14433","f96ca5a360e8375596a79b94f54933b2289dc8c21c35c63b244453b11857ece8","2026-07-19 18:08:46 +08:00"
"04_SDK与镜像/公开仓库/meta-tspi/recipes-multimedia/gstreamer/gstreamer1.0-plugins-bad_1.22.7/0042-kmssink-Avoid-choosing-disconnected-connector.patch","local","","local","generated","908","7fbf8583e5d3507bad4fc02b9fb95704ccb8006c80dafacf3fcf77ea708b87bf","2026-07-19 18:08:46 +08:00"
"04_SDK与镜像/公开仓库/meta-tspi/recipes-multimedia/gstreamer/gstreamer1.0-plugins-bad_1.22.7/0043-HACK-jpegparse-Allow-duplicated-or-bad-SOF-marker.patch","local","","local","generated","1207","cec9110507390454030fa15e6c22c361bddcfef5a3ec85b975f9f8fad3c8984c","2026-07-19 18:08:46 +08:00"
"04_SDK与镜像/公开仓库/meta-tspi/recipes-multimedia/gstreamer/gstreamer1.0-plugins-bad_1.22.7/0044-waylandsink-Support-NV24-shm-format.patch","local","","local","generated","1866","40876b63d9734ee0e9b1632945e7563b82d5bdb586fd1adcae02b4dde106a901","2026-07-19 18:08:46 +08:00"
"04_SDK与镜像/公开仓库/meta-tspi/recipes-multimedia/gstreamer/gstreamer1.0-plugins-bad_1.22.7/0045-kmssink-Try-to-modeset-with-video-buffer.patch","local","","local","generated","2859","87941956f133ec20439b7906599f47349819d04bb30bd027445bf3cc16c1677e","2026-07-19 18:08:46 +08:00"
"04_SDK与镜像/公开仓库/meta-tspi/recipes-multimedia/gstreamer/gstreamer1.0-plugins-bad_1.22.7/0046-HACK-kmssink-Use-rockchip-driver.patch","local","","local","generated","1195","57903496ca435102d992c14e6eb2dfc0fbeeac0556c3954b75189590a80c4588","2026-07-19 18:08:46 +08:00"
"04_SDK与镜像/公开仓库/meta-tspi/recipes-multimedia/gstreamer/gstreamer1.0-plugins-bad_1.22.7/0047-kmssink-Allow-out-of-screen-size.patch","local","","local","generated","1098","56a768c412260597c8f9f0b11ceca0dab67ebe85bd2a6db65c73f9ee068a713a","2026-07-19 18:08:46 +08:00"
"04_SDK与镜像/公开仓库/meta-tspi/recipes-multimedia/gstreamer/gstreamer1.0-plugins-bad_1.22.7/0048-kmssink-Support-forcing-disable-aspect-ratio.patch","local","","local","generated","2430","a5281ce2729c4d2591bd0c1dd6abe2058dd29544ed8dc7ef8b59266d5ef5865d","2026-07-19 18:08:46 +08:00"
"04_SDK与镜像/公开仓库/meta-tspi/recipes-multimedia/gstreamer/gstreamer1.0-plugins-bad_1.22.7/0049-uvcgadget-Port-from-1.24.5.patch","local","","local","generated","77716","e684cc60f7ee000944b0381b6248281b7f3e21513e429edf48368c4dd19e22a6","2026-07-19 18:08:46 +08:00"
"04_SDK与镜像/公开仓库/meta-tspi/recipes-multimedia/gstreamer/gstreamer1.0-plugins-bad_1.22.9/0001-webrtcdsp-Update-code-for-webrtc-audio-processing-1.patch","local","","local","generated","36154","120327fd93bd316e4f7c48ec8f977bd1331efdb6be1f12112ab86812a8c83148","2026-07-19 18:08:46 +08:00"
"04_SDK与镜像/公开仓库/meta-tspi/recipes-multimedia/gstreamer/gstreamer1.0-plugins-bad_1.22.9/0002-h265parser-Fix-read-vui-error.patch","local","","local","generated","1574","ed5489fd023329e62f4b508e89e9d406262bf2868e63a849a5917873ceded172","2026-07-19 18:08:46 +08:00"
"04_SDK与镜像/公开仓库/meta-tspi/recipes-multimedia/gstreamer/gstreamer1.0-plugins-bad_1.22.9/0003-interim-fix-vc1-stream-may-memory-leak-when-pending.patch","local","","local","generated","1242","023185811ccd92a08c8a32fd36024c71dab64d9a9ae96d19d1835cc6fb914e24","2026-07-19 18:08:46 +08:00"
"04_SDK与镜像/公开仓库/meta-tspi/recipes-multimedia/gstreamer/gstreamer1.0-plugins-bad_1.22.9/0004-kmssink-Fix-cropping-for-video-with-non-square-aspec.patch","local","","local","generated","2450","2012af9329d39453ff4c0d65561309feed922aa35a734f0f5c97387863b06069","2026-07-19 18:08:46 +08:00"
"04_SDK与镜像/公开仓库/meta-tspi/recipes-multimedia/gstreamer/gstreamer1.0-plugins-bad_1.22.9/0005-kmssink-Request-window-handle.patch","local","","local","generated","1830","8656127dbf6069b852c8e9fcade3d22232d4df27cfe10137b68cb8dc6612d572","2026-07-19 18:08:46 +08:00"
"04_SDK与镜像/公开仓库/meta-tspi/recipes-multimedia/gstreamer/gstreamer1.0-plugins-bad_1.22.9/0006-waylandsink-Support-place-below-above.patch","local","","local","generated","1245","ff1a156f239837083c04064e86735c1436b451474bd485b1e5b99d3a09ce80fd","2026-07-19 18:08:46 +08:00"
"04_SDK与镜像/公开仓库/meta-tspi/recipes-multimedia/gstreamer/gstreamer1.0-plugins-bad_1.22.9/0007-waylandsink-Enable-changing-window-handle.patch","local","","local","generated","3187","5dffab7d418156c799e5071a6e80d8a01cfcd535ecb4bc0170a2dc0fb89a5103","2026-07-19 18:08:46 +08:00"
"04_SDK与镜像/公开仓库/meta-tspi/recipes-multimedia/gstreamer/gstreamer1.0-plugins-bad_1.22.9/0008-kmssink-Support-setting-plane-zpos.patch","local","","local","generated","4015","be1851e21bd0a32fb92466e565bfdfd16da80c7f68a6884878749681c43b81de","2026-07-19 18:08:46 +08:00"
"04_SDK与镜像/公开仓库/meta-tspi/recipes-multimedia/gstreamer/gstreamer1.0-plugins-bad_1.22.9/0009-waylandsink-Support-setting-toplevel-window-position.patch","local","","local","generated","8690","983a952ea9894fac10b9c248b9dc502f34884bcb61cc2512c3881fb281b7acd3","2026-07-19 18:08:46 +08:00"
"04_SDK与镜像/公开仓库/meta-tspi/recipes-multimedia/gstreamer/gstreamer1.0-plugins-bad_1.22.9/0010-HACK-gstmpegvideoparse-Split-every-picture.patch","local","","local","generated","1224","a8e469431ea1bc948163f980189e70af9a21ebbc8ae3547d175cc66afa3aa636","2026-07-19 18:08:46 +08:00"
"04_SDK与镜像/公开仓库/meta-tspi/recipes-multimedia/gstreamer/gstreamer1.0-plugins-bad_1.22.9/0011-mpegtsdemux-Create-new-PCR-group-for-big-gap.patch","local","","local","generated","2107","fd95538278898a55e5c0bcda5f8d77a0ab9bfa5226430a288d330d056564e369","2026-07-19 18:08:46 +08:00"
"04_SDK与镜像/公开仓库/meta-tspi/recipes-multimedia/gstreamer/gstreamer1.0-plugins-bad_1.22.9/0012-gstjpegparse-Allow-parsebin-to-use-it-for-autopluggi.patch","local","","local","generated","1009","ccd2bec75062a12635fcc689a25e795dd1624b790c9e6ad19b57ae3de72e4c68","2026-07-19 18:08:46 +08:00"
"04_SDK与镜像/公开仓库/meta-tspi/recipes-multimedia/gstreamer/gstreamer1.0-plugins-bad_1.22.9/0013-waylandsink-Drop-frame-when-window-not-ready.patch","local","","local","generated","978","1635687a15f587384f4278541b571f9b24a94a3120e2ae3f1819d108ea7ac285","2026-07-19 18:08:46 +08:00"
"04_SDK与镜像/公开仓库/meta-tspi/recipes-multimedia/gstreamer/gstreamer1.0-plugins-bad_1.22.9/0014-waylandsink-Fix-random-crash.patch","local","","local","generated","993","4bf1cce1f5d6f9b3c923fba523e0ab5aa737b76570047ad2c4fef8ac885341e5","2026-07-19 18:08:46 +08:00"
"04_SDK与镜像/公开仓库/meta-tspi/recipes-multimedia/gstreamer/gstreamer1.0-plugins-bad_1.22.9/0015-camerabin2-Support-setting-default-filters.patch","local","","local","generated","2000","2dc6c9bc3cb200432fadae3347ee926b0e9200ab9be37191e61cd1d0af56e45e","2026-07-19 18:08:46 +08:00"
"04_SDK与镜像/公开仓库/meta-tspi/recipes-multimedia/gstreamer/gstreamer1.0-plugins-bad_1.22.9/0016-waylandsink-Defer-prepare-window-when-getting-zero-w.patch","local","","local","generated","1428","85fdf4721384617036312448120388a953d3b6e41102385a7b3d7ed27ff0d9e4","2026-07-19 18:08:46 +08:00"
"04_SDK与镜像/公开仓库/meta-tspi/recipes-multimedia/gstreamer/gstreamer1.0-plugins-bad_1.22.9/0017-mpegts-Support-ignoring-broken-PCR-streams-by-defaul.patch","local","","local","generated","1294","60c5a8c0fc4039a2d5d0ee816dc966d87107f8aa54c22ad8336c6a55c370f2e8","2026-07-19 18:08:46 +08:00"
"04_SDK与镜像/公开仓库/meta-tspi/recipes-multimedia/gstreamer/gstreamer1.0-plugins-bad_1.22.9/0018-waylandsink-Fix-crash-when-setting-fullscreen-proper.patch","local","","local","generated","966","8de60b16c9cdf1704185e19e37d086e780335273dfa31c23d527abcdb6c6b0e2","2026-07-19 18:08:46 +08:00"
"04_SDK与镜像/公开仓库/meta-tspi/recipes-multimedia/gstreamer/gstreamer1.0-plugins-bad_1.22.9/0019-waylandsink-Support-window-layer-property.patch","local","","local","generated","8411","e47df49f0e770ea41aa668382668f054a9e6bee9c9a5eb3de2d54356640e5b4e","2026-07-19 18:08:46 +08:00"
"04_SDK与镜像/公开仓库/meta-tspi/recipes-multimedia/gstreamer/gstreamer1.0-plugins-bad_1.22.9/0020-waylandsink-Support-window-alpha-property.patch","local","","local","generated","5463","48a425e4a95847369d6f1be6582bf3893669e5a908d02d991ef1e52146eb3b3a","2026-07-19 18:08:46 +08:00"
"04_SDK与镜像/公开仓库/meta-tspi/recipes-multimedia/gstreamer/gstreamer1.0-plugins-bad_1.22.9/0021-waylandsink-Support-window-fill-mode-property.patch","local","","local","generated","12723","62c979a8b20955bbe4065f007f679d4a846ce0d6f1748423c7ee08d34ab89d42","2026-07-19 18:08:46 +08:00"
"04_SDK与镜像/公开仓库/meta-tspi/recipes-multimedia/gstreamer/gstreamer1.0-plugins-bad_1.22.9/0022-waylandsink-Use-create_immed-to-create-dmabuf.patch","local","","local","generated","4464","9ab70e686d420e1e5fae49a3e6e5a50b8f42bb68e4d31822c4869226165b05dc","2026-07-19 18:08:46 +08:00"
"04_SDK与镜像/公开仓库/meta-tspi/recipes-multimedia/gstreamer/gstreamer1.0-plugins-bad_1.22.9/0023-waylandsink-Support-frame-sync-mode.patch","local","","local","generated","2348","edaaefb5a54f31f6ab515b52b303d5295b278e7904d0c7cef35c428a20134dd3","2026-07-19 18:08:46 +08:00"
"04_SDK与镜像/公开仓库/meta-tspi/recipes-multimedia/gstreamer/gstreamer1.0-plugins-bad_1.22.9/0024-kmssink-Support-NV12_10LE40-NV16_10LE40-and-NV12-NV1.patch","local","","local","generated","13159","0a686b29db99a2d88928c78f97d176f743584dec836006173d792781366788fd","2026-07-19 18:08:46 +08:00"
"04_SDK与镜像/公开仓库/meta-tspi/recipes-multimedia/gstreamer/gstreamer1.0-plugins-bad_1.22.9/0025-waylandsink-Support-NV12_10LE40-NV16_10LE40-and-NV12.patch","local","","local","generated","19549","16615d83e9a886d6521ad283941c899c23fb5acd872a8c10b0da763db37d322e","2026-07-19 18:08:46 +08:00"
"04_SDK与镜像/公开仓库/meta-tspi/recipes-multimedia/gstreamer/gstreamer1.0-plugins-bad_1.22.9/0026-waylandsink-Use-the-correct-video-info-to-access-all.patch","local","","local","generated","2633","b79e5127858568c86abafd3cda463924234f739659bf79c1d82377683dd2a182","2026-07-19 18:08:46 +08:00"
"04_SDK与镜像/公开仓库/meta-tspi/recipes-multimedia/gstreamer/gstreamer1.0-plugins-bad_1.22.9/0027-waylandsink-Prefer-to-use-waylandsink.patch","local","","local","generated","1119","50c64e32a04f55417520beed14d041fed4612d534bde0e218e4cb10a62731842","2026-07-19 18:08:46 +08:00"
"04_SDK与镜像/公开仓库/meta-tspi/recipes-multimedia/gstreamer/gstreamer1.0-plugins-bad_1.22.9/0028-kmssink-Avoid-double-closing-shared-gem-handle.patch","local","","local","generated","1246","12b4fa6cff058e62a1d464da2c4f042386024ceb75c9360b8374e954f941ed79","2026-07-19 18:08:46 +08:00"
"04_SDK与镜像/公开仓库/meta-tspi/recipes-multimedia/gstreamer/gstreamer1.0-plugins-bad_1.22.9/0029-kmssink-Support-ignoring-aspect-ratio.patch","local","","local","generated","3535","7a9eff132c71495a62baf1d6cd34c589b12116f6e23cfe3ad2a99a6ca957d5fa","2026-07-19 18:08:46 +08:00"
"04_SDK与镜像/公开仓库/meta-tspi/recipes-multimedia/gstreamer/gstreamer1.0-plugins-bad_1.22.9/0030-waylandsink-Support-pointer-and-touch.patch","local","","local","generated","15854","8a3d749b74b1f70ea65b67ab7e413b759daa61160581a804cc707257609b3bdf","2026-07-19 18:08:46 +08:00"
"04_SDK与镜像/公开仓库/meta-tspi/recipes-multimedia/gstreamer/gstreamer1.0-plugins-bad_1.22.9/0031-waylandsink-Parse-video-size-in-propose_allocation.patch","local","","local","generated","2866","0f3ddf47f0d6c7f3dfd47f84b04c46cb1ec768082031007e873a8170383a4df0","2026-07-19 18:08:46 +08:00"
"04_SDK与镜像/公开仓库/meta-tspi/recipes-multimedia/gstreamer/gstreamer1.0-plugins-bad_1.22.9/0032-waylandsink-Wait-10s-for-toplevel-window-s-configure.patch","local","","local","generated","1171","1c7e814fd5d546e24b3c5ef9fe167b5b4130e18590e1ef87686e6a4b1155d9a7","2026-07-19 18:08:46 +08:00"
"04_SDK与镜像/公开仓库/meta-tspi/recipes-multimedia/gstreamer/gstreamer1.0-plugins-bad_1.22.9/0033-waylandsink-Fix-buffer-size-error-when-video-cropped.patch","local","","local","generated","1148","da534187fef56d1fd39749b4d7ba236526b4ba6bbf49caf4438fc78f536b8850","2026-07-19 18:08:46 +08:00"
"04_SDK与镜像/公开仓库/meta-tspi/recipes-multimedia/gstreamer/gstreamer1.0-plugins-bad_1.22.9/0034-HACK-waylandsink-Set-size-in-wl_subsurface_set_posit.patch","local","","local","generated","1451","55e2fec5474c473b1aa78c67a950be26e86acfb4375861f26814de8614158873","2026-07-19 18:08:46 +08:00"
"04_SDK与镜像/公开仓库/meta-tspi/recipes-multimedia/gstreamer/gstreamer1.0-plugins-bad_1.22.9/0035-waylandsink-Support-transparent-video.patch","local","","local","generated","3260","15ba440a4d06b260088b07a456a6d80841e9c1a9e4a8b4a63f2674db76057572","2026-07-19 18:08:46 +08:00"
"04_SDK与镜像/公开仓库/meta-tspi/recipes-multimedia/gstreamer/gstreamer1.0-plugins-bad_1.22.9/0036-kmssink-Improve-monitor-and-plane-selection.patch","local","","local","generated","7583","11c73db69dc7c4550bc65f6638e294f57a9ec5a792a9ca625a14d3643734c76d","2026-07-19 18:08:46 +08:00"
"04_SDK与镜像/公开仓库/meta-tspi/recipes-multimedia/gstreamer/gstreamer1.0-plugins-bad_1.22.9/0037-kmssink-Support-setting-prefered-frame-syncing-mode.patch","local","","local","generated","7539","a53c7964c0ca656902b97562ba39a4808f7365ce57dc86dcf32aa1e13e219b00","2026-07-19 18:08:46 +08:00"
"04_SDK与镜像/公开仓库/meta-tspi/recipes-multimedia/gstreamer/gstreamer1.0-plugins-bad_1.22.9/0038-kmssink-Support-scaling-in-modesetting.patch","local","","local","generated","10199","440c16fbcdca3cec3d61a16c7bf3e8b35a08f60d68ff04e575d7d6d9b5c57c28","2026-07-19 18:08:46 +08:00"
"04_SDK与镜像/公开仓库/meta-tspi/recipes-multimedia/gstreamer/gstreamer1.0-plugins-bad_1.22.9/0039-kmssink-Support-fullscreen-prop.patch","local","","local","generated","2933","53c44eb934234668b2554fd2b1b97bcb0bae5f03b3cdf860f4d06a8c276de3a3","2026-07-19 18:08:46 +08:00"
"04_SDK与镜像/公开仓库/meta-tspi/recipes-multimedia/gstreamer/gstreamer1.0-plugins-bad_1.22.9/0040-waylandsink-Support-force-trying-dmabuf.patch","local","","local","generated","4612","d849d48bd4a3abd4b3b46136aad85697ff6102bf21356e15b1897c417a68cfdb","2026-07-19 18:08:46 +08:00"
"04_SDK与镜像/公开仓库/meta-tspi/recipes-multimedia/gstreamer/gstreamer1.0-plugins-bad_1.22.9/0041-kmssink-Support-HDR.patch","local","","local","generated","14433","b28880f10b021203c0731c5f9390a87d05179a753bd63e8f1b2a05256bddc583","2026-07-19 18:08:46 +08:00"
"04_SDK与镜像/公开仓库/meta-tspi/recipes-multimedia/gstreamer/gstreamer1.0-plugins-bad_1.22.9/0042-kmssink-Avoid-choosing-disconnected-connector.patch","local","","local","generated","908","bde265ea9feba0888af6f7b8554af1cc6750ef9fa5f7cdb400319b397c9ea772","2026-07-19 18:08:46 +08:00"
"04_SDK与镜像/公开仓库/meta-tspi/recipes-multimedia/gstreamer/gstreamer1.0-plugins-bad_1.22.9/0043-HACK-jpegparse-Allow-duplicated-or-bad-SOF-marker.patch","local","","local","generated","1207","f1dfada80d250cfb74d2089660a237c9089628c9525e5a523656595744bc1be8","2026-07-19 18:08:46 +08:00"
"04_SDK与镜像/公开仓库/meta-tspi/recipes-multimedia/gstreamer/gstreamer1.0-plugins-bad_1.22.9/0044-waylandsink-Support-NV24-shm-format.patch","local","","local","generated","1866","21e38fcafb6a52853674b199b0b0726416a03756f0ae2d83a42563ca54aa1671","2026-07-19 18:08:46 +08:00"
"04_SDK与镜像/公开仓库/meta-tspi/recipes-multimedia/gstreamer/gstreamer1.0-plugins-bad_1.22.9/0045-kmssink-Try-to-modeset-with-video-buffer.patch","local","","local","generated","2881","93dba1f8c7ee619902767e6aca9bcc6007aa5ad2998ae2bedd6d656bb5f9910c","2026-07-19 18:08:46 +08:00"
"04_SDK与镜像/公开仓库/meta-tspi/recipes-multimedia/gstreamer/gstreamer1.0-plugins-bad_1.22.9/0046-HACK-kmssink-Use-rockchip-driver.patch","local","","local","generated","1195","9ecd3c5499b7d2fc95f9f5c953a8673df5c85fd3d16381fa19be09d135b090a0","2026-07-19 18:08:46 +08:00"
"04_SDK与镜像/公开仓库/meta-tspi/recipes-multimedia/gstreamer/gstreamer1.0-plugins-bad_1.22.9/0047-kmssink-Allow-out-of-screen-size.patch","local","","local","generated","1098","ce74dbe26a4e2de64185db7ccdb714c1fb05112dec86e60bdf218a79c396b6e0","2026-07-19 18:08:46 +08:00"
"04_SDK与镜像/公开仓库/meta-tspi/recipes-multimedia/gstreamer/gstreamer1.0-plugins-bad_1.22.9/0048-kmssink-Support-forcing-disable-aspect-ratio.patch","local","","local","generated","2430","067d4fa6a22122ae24a8ac1b92ea0020ec1b9e99717b29749cfc41d9e6489f3c","2026-07-19 18:08:46 +08:00"
"04_SDK与镜像/公开仓库/meta-tspi/recipes-multimedia/gstreamer/gstreamer1.0-plugins-bad_1.22.9/0049-uvcgadget-Port-from-1.24.5.patch","local","","local","generated","77716","0270be336f48bb46ae81b35e38d534106cc0e423fd47f8e8df87a67e1256575f","2026-07-19 18:08:46 +08:00"
"04_SDK与镜像/公开仓库/meta-tspi/recipes-multimedia/gstreamer/gstreamer1.0-plugins-base_%.bbappend","local","","local","generated","312","9c6d4f9272aee9ed3df7db24085526d3095f7a095880d99af98b1fc3b0f7a3a6","2026-07-19 18:08:46 +08:00"
"04_SDK与镜像/公开仓库/meta-tspi/recipes-multimedia/gstreamer/gstreamer1.0-plugins-base_1.20.7/0001-Revert-decodebin-only-emit-drained-signal-when-top-c.patch","local","","local","generated","1009","8080af59eb3d46e8c51477481a57a154e9b3870443dade1858c3f00667ad3332","2026-07-19 18:08:46 +08:00"
"04_SDK与镜像/公开仓库/meta-tspi/recipes-multimedia/gstreamer/gstreamer1.0-plugins-base_1.20.7/0002-playbin2-send-one-about-to-finish-per-group.patch","local","","local","generated","2238","1f98d27ef4c9d221c1d0a8b58d597835079d2cedd5810001f0e95a614adf7df9","2026-07-19 18:08:46 +08:00"
"04_SDK与镜像/公开仓库/meta-tspi/recipes-multimedia/gstreamer/gstreamer1.0-plugins-base_1.20.7/0003-playbin-do-not-drain-on-first-EOS.patch","local","","local","generated","9930","a612d4314a5cb332b284e5e2d8494920474daaa805a36fd506c35dacde55a31c","2026-07-19 18:08:46 +08:00"
"04_SDK与镜像/公开仓库/meta-tspi/recipes-multimedia/gstreamer/gstreamer1.0-plugins-base_1.20.7/0004-playbin2-Fix-deadlock-when-hooking-about-to-finish-s.patch","local","","local","generated","2977","de2add896a105b71620ea5c33878536eb859476b540b65645e6924b7d18fd716","2026-07-19 18:08:46 +08:00"
"04_SDK与镜像/公开仓库/meta-tspi/recipes-multimedia/gstreamer/gstreamer1.0-plugins-base_1.20.7/0005-playbin3-Fix-qt-videoplayer-cannot-change-video-stat.patch","local","","local","generated","13455","c5426ccc4e3d2aa3c1833a415a98212d17f05d477a7377c73387ae5c22daf9a3","2026-07-19 18:08:46 +08:00"
"04_SDK与镜像/公开仓库/meta-tspi/recipes-multimedia/gstreamer/gstreamer1.0-plugins-base_1.20.7/0006-playbin2-Add-preferred-audio-video-sink.patch","local","","local","generated","2659","c4446e929387ad40c885bce3fafc19e56a48ac3b51c8cfbb44b7a31b2db4d56d","2026-07-19 18:08:46 +08:00"
"04_SDK与镜像/公开仓库/meta-tspi/recipes-multimedia/gstreamer/gstreamer1.0-plugins-base_1.20.7/0007-HACK-xvimagesink-Support-dma-buffer-rendering.patch","local","","local","generated","18746","d9628f0ad9cdacc6113735c00134eedf681f310a621f2aa0811495e1ccb7ae51","2026-07-19 18:08:46 +08:00"
"04_SDK与镜像/公开仓库/meta-tspi/recipes-multimedia/gstreamer/gstreamer1.0-plugins-base_1.20.7/0008-video-converter-Support-rockchip-RGA-2D-accel.patch","local","","local","generated","7487","f41c3ba410ad2df4ead25665e556d46fc3f6611ce80d141a474712ee74f89faa","2026-07-19 18:08:46 +08:00"
"04_SDK与镜像/公开仓库/meta-tspi/recipes-multimedia/gstreamer/gstreamer1.0-plugins-base_1.20.7/0009-HACK-gl-egl-allow-direct-dmabuf-import-when-unable-t.patch","local","","local","generated","1393","67997101fbbce0207a87c9d8ac1ae3fa18b001bf7b804aa5aa90ce157334bc4f","2026-07-19 18:08:46 +08:00"
"04_SDK与镜像/公开仓库/meta-tspi/recipes-multimedia/gstreamer/gstreamer1.0-plugins-base_1.20.7/0010-glupload-dmabuf-prefer-DirectDmabufExternal-uploader.patch","local","","local","generated","906","7c4d37fe0452edd9b9b671abedd0caf67643419cfd9d27b87cbe8ee4ad0e3dfc","2026-07-19 18:08:46 +08:00"
"04_SDK与镜像/公开仓库/meta-tspi/recipes-multimedia/gstreamer/gstreamer1.0-plugins-base_1.20.7/0011-videoconvert-Support-preferred-formats.patch","local","","local","generated","1540","42c82d6aaca09ae10377a30a2affc96b339e3c4d4d44c08b24348a8de6511e46","2026-07-19 18:08:46 +08:00"
"04_SDK与镜像/公开仓库/meta-tspi/recipes-multimedia/gstreamer/gstreamer1.0-plugins-base_1.20.7/0012-glupload-Support-NV12_10LE40-and-NV12-NV12_10LE40-NV.patch","local","","local","generated","10417","da5d19bd51a3e62398feab4cc7c16eb3ee2c4a6c870011fe5f261c250686d981","2026-07-19 18:08:46 +08:00"
"04_SDK与镜像/公开仓库/meta-tspi/recipes-multimedia/gstreamer/gstreamer1.0-plugins-base_1.20.7/0013-xvimagesink-Defer-prepare-window-when-getting-zero-w.patch","local","","local","generated","3636","1446234c19801d3dec514a184ab2d37111f5172afb2d6c9a48c9f4215a1b99c3","2026-07-19 18:08:46 +08:00"
"04_SDK与镜像/公开仓库/meta-tspi/recipes-multimedia/gstreamer/gstreamer1.0-plugins-base_1.20.7/0014-riff-Fix-bps-caculation-error-for-ADPCM.patch","local","","local","generated","1948","860ac4d69c982bac5aa8e6e50522718898024bb8284de5ebec31cd51a20a7f14","2026-07-19 18:08:46 +08:00"
"04_SDK与镜像/公开仓库/meta-tspi/recipes-multimedia/gstreamer/gstreamer1.0-plugins-base_1.20.7/0015-xvimagesink-Allow-disabling-decorations.patch","local","","local","generated","4862","a4421e321fd38bfc6610f6d70723270df1dcfb6ed973d725ee55844ef8635e3b","2026-07-19 18:08:46 +08:00"
"04_SDK与镜像/公开仓库/meta-tspi/recipes-multimedia/gstreamer/gstreamer1.0-plugins-base_1.20.7/0016-xvimagesink-Apply-toplevel-window-s-position.patch","local","","local","generated","8160","3bcca9153c39b0810a61611e11c36eb48633e4fb518f2dbea91be07dd9852189","2026-07-19 18:08:46 +08:00"
"04_SDK与镜像/公开仓库/meta-tspi/recipes-multimedia/gstreamer/gstreamer1.0-plugins-base_1.20.7/0017-xvimagesink-Ignore-expose-redraw-when-video-not-read.patch","local","","local","generated","970","bb8530fd78d39e17707541612cfce99677f090288827052d14250dd1ec37ef8a","2026-07-19 18:08:46 +08:00"
"04_SDK与镜像/公开仓库/meta-tspi/recipes-multimedia/gstreamer/gstreamer1.0-plugins-base_1.20.7/0018-gl-x11-Honor-render-rectangle-for-toplevel-window.patch","local","","local","generated","1780","9c2be9e3696ed5ef817b5767d6e2a759088ef7646e5f3eaff4b78479b8432f44","2026-07-19 18:08:46 +08:00"
"04_SDK与镜像/公开仓库/meta-tspi/recipes-multimedia/gstreamer/gstreamer1.0-plugins-base_1.20.7/0019-gl-wayland-Honor-render-rectangle-for-toplevel-windo.patch","local","","local","generated","1238","00dc737ef93c5d52a78d7f13f45f696c21827f324fe043917ef6e58e574c80f8","2026-07-19 18:08:46 +08:00"
"04_SDK与镜像/公开仓库/meta-tspi/recipes-multimedia/gstreamer/gstreamer1.0-plugins-base_1.20.7/0020-gl-x11-Allow-disabling-decorations-for-toplevel-wind.patch","local","","local","generated","2294","8bb3dedc3ab212432e5e2e9f8a8cee31cb0a41dc22ab689c12590a51ab3815af","2026-07-19 18:08:46 +08:00"
"04_SDK与镜像/公开仓库/meta-tspi/recipes-multimedia/gstreamer/gstreamer1.0-plugins-base_1.20.7/0021-gst-libs-Support-NV16_10LE40.patch","local","","local","generated","10895","40a58daadd5e08e679e9de44d025c96e3faf920d28a5c9807216d4884664250e","2026-07-19 18:08:46 +08:00"
"04_SDK与镜像/公开仓库/meta-tspi/recipes-multimedia/gstreamer/gstreamer1.0-plugins-base_1.20.7/0022-videodecoder-Allow-disabling-QoS-by-default.patch","local","","local","generated","1738","ca1230ff630b1e1d96b1c1b0da01d29e0da60fc45e49a64762cf70f5823336a4","2026-07-19 18:08:46 +08:00"
"04_SDK与镜像/公开仓库/meta-tspi/recipes-multimedia/gstreamer/gstreamer1.0-plugins-base_1.22.11","local","","local","generated","32","774b35c1df0069eaa3833b5d41357448ca1666f99f8163d28aa8c886370ec591","2026-07-19 18:08:46 +08:00"
"04_SDK与镜像/公开仓库/meta-tspi/recipes-multimedia/gstreamer/gstreamer1.0-plugins-base_1.22.7/0001-Revert-decodebin-only-emit-drained-signal-when-top-c.patch","local","","local","generated","1009","87e51651cc102b2bb6bea8036e2257ca47cde35c4240a5f9f042cc53a16419d6","2026-07-19 18:08:46 +08:00"
"04_SDK与镜像/公开仓库/meta-tspi/recipes-multimedia/gstreamer/gstreamer1.0-plugins-base_1.22.7/0002-playbin2-send-one-about-to-finish-per-group.patch","local","","local","generated","2238","f532d932cbfff1792a80ff6251e4ced23f8d978b73fa774d8c4de2f6e50e63fa","2026-07-19 18:08:46 +08:00"
"04_SDK与镜像/公开仓库/meta-tspi/recipes-multimedia/gstreamer/gstreamer1.0-plugins-base_1.22.7/0003-playbin-do-not-drain-on-first-EOS.patch","local","","local","generated","9930","370b0cae84a9074c542fa5764f4ea64bdf7ac3fac3c0296e5c4c2de7226a6310","2026-07-19 18:08:46 +08:00"
"04_SDK与镜像/公开仓库/meta-tspi/recipes-multimedia/gstreamer/gstreamer1.0-plugins-base_1.22.7/0004-playbin2-Fix-deadlock-when-hooking-about-to-finish-s.patch","local","","local","generated","2977","084c5a788b5a1ff30d123e091195fd5c1d415d072c48ef62d997022e02967e1a","2026-07-19 18:08:46 +08:00"
"04_SDK与镜像/公开仓库/meta-tspi/recipes-multimedia/gstreamer/gstreamer1.0-plugins-base_1.22.7/0005-playbin3-Fix-Qt-videoplayer-cannot-change-video-stat.patch","local","","local","generated","12783","ac61f3b70aa28b057dddf871172f61602c6e5dc76610a44c83cba237e0a28b8e","2026-07-19 18:08:46 +08:00"
"04_SDK与镜像/公开仓库/meta-tspi/recipes-multimedia/gstreamer/gstreamer1.0-plugins-base_1.22.7/0006-playbin2-Add-preferred-audio-video-sink.patch","local","","local","generated","2659","376b4154a0714a1ec8e72c70517c6f0c4a5b7484ec6923a566bf0dead147e537","2026-07-19 18:08:46 +08:00"
"04_SDK与镜像/公开仓库/meta-tspi/recipes-multimedia/gstreamer/gstreamer1.0-plugins-base_1.22.7/0007-HACK-xvimagesink-Support-dma-buffer-rendering.patch","local","","local","generated","18734","7825c08658455b2300a013e1c836ff627adb5d0a2fc4e10e5c7b4e438d88b1a6","2026-07-19 18:08:46 +08:00"
"04_SDK与镜像/公开仓库/meta-tspi/recipes-multimedia/gstreamer/gstreamer1.0-plugins-base_1.22.7/0008-video-converter-Support-rockchip-RGA-2D-accel.patch","local","","local","generated","7517","4a76587f849561650331dc37c586b5fe8fbe7ce18a08bfdc35fa1a6ff1253c7c","2026-07-19 18:08:46 +08:00"
"04_SDK与镜像/公开仓库/meta-tspi/recipes-multimedia/gstreamer/gstreamer1.0-plugins-base_1.22.7/0009-HACK-gl-egl-allow-direct-dmabuf-import-when-unable-t.patch","local","","local","generated","1393","101526347d292b1b8b3dfbce10b66b74beb46d8cd6bac8405347fca9e155bd10","2026-07-19 18:08:46 +08:00"
"04_SDK与镜像/公开仓库/meta-tspi/recipes-multimedia/gstreamer/gstreamer1.0-plugins-base_1.22.7/0010-glupload-dmabuf-prefer-DirectDmabufExternal-uploader.patch","local","","local","generated","906","6bd7d64940286ee305dfb48f6fc820579a993daabdb9eb3e4733aa9ecadff611","2026-07-19 18:08:46 +08:00"
"04_SDK与镜像/公开仓库/meta-tspi/recipes-multimedia/gstreamer/gstreamer1.0-plugins-base_1.22.7/0011-videoconvert-Support-preferred-formats.patch","local","","local","generated","1590","3c6c639766ca7a3342777806c677f25762e6d1ab6af964688934bb79c0f999a8","2026-07-19 18:08:46 +08:00"
"04_SDK与镜像/公开仓库/meta-tspi/recipes-multimedia/gstreamer/gstreamer1.0-plugins-base_1.22.7/0012-glupload-Support-NV12_10LE40-and-NV12-NV12_10LE40-NV.patch","local","","local","generated","10522","c3c296c7907bb493b31a1d6675630ac31c53f30db2ba73451364d5032393e8e5","2026-07-19 18:08:46 +08:00"
"04_SDK与镜像/公开仓库/meta-tspi/recipes-multimedia/gstreamer/gstreamer1.0-plugins-base_1.22.7/0013-xvimagesink-Defer-prepare-window-when-getting-zero-w.patch","local","","local","generated","3636","d8d30d391795b9bc3c720b82fa701c507b99273951f6629e5e9052540e28c194","2026-07-19 18:08:46 +08:00"
"04_SDK与镜像/公开仓库/meta-tspi/recipes-multimedia/gstreamer/gstreamer1.0-plugins-base_1.22.7/0014-riff-Fix-bps-caculation-error-for-ADPCM.patch","local","","local","generated","1948","d44cfcabb6498d1061e7eea5598291910346d84a16a3c1fed30ad25c44e6739b","2026-07-19 18:08:46 +08:00"
"04_SDK与镜像/公开仓库/meta-tspi/recipes-multimedia/gstreamer/gstreamer1.0-plugins-base_1.22.7/0015-xvimagesink-Allow-disabling-decorations.patch","local","","local","generated","4872","d50a881509c96b6c53565d56bdaf54dac67143cb7b33626b30a2faa02f0db81b","2026-07-19 18:08:46 +08:00"
"04_SDK与镜像/公开仓库/meta-tspi/recipes-multimedia/gstreamer/gstreamer1.0-plugins-base_1.22.7/0016-xvimagesink-Apply-toplevel-window-s-position.patch","local","","local","generated","8170","697b87d7f3b21b0de591222c0aba12c234f71a584913d5f4fe00c81bf3543797","2026-07-19 18:08:46 +08:00"
"04_SDK与镜像/公开仓库/meta-tspi/recipes-multimedia/gstreamer/gstreamer1.0-plugins-base_1.22.7/0017-xvimagesink-Ignore-expose-redraw-when-video-not-read.patch","local","","local","generated","970","f398237171ad6b79d1a392c47d5b26ccc05d798c7a7b148111ed4002ac157bdf","2026-07-19 18:08:46 +08:00"
"04_SDK与镜像/公开仓库/meta-tspi/recipes-multimedia/gstreamer/gstreamer1.0-plugins-base_1.22.7/0018-gl-x11-Honor-render-rectangle-for-toplevel-window.patch","local","","local","generated","1780","fb2cf4d7d261459ed59de9a070cf3806a87b9b6a926acfccdd9ffc978eed269c","2026-07-19 18:08:46 +08:00"
"04_SDK与镜像/公开仓库/meta-tspi/recipes-multimedia/gstreamer/gstreamer1.0-plugins-base_1.22.7/0019-gl-wayland-Honor-render-rectangle-for-toplevel-windo.patch","local","","local","generated","1238","2d5d9a4601b82138d97f19aadcfce20e6594ee0960ea4f4c56bc1fc2f2599e82","2026-07-19 18:08:46 +08:00"
"04_SDK与镜像/公开仓库/meta-tspi/recipes-multimedia/gstreamer/gstreamer1.0-plugins-base_1.22.7/0020-gl-x11-Allow-disabling-decorations-for-toplevel-wind.patch","local","","local","generated","2294","1affb2ce3c718824c3fe1b26f212de584a64fdd24865af0f2641a80d68568924","2026-07-19 18:08:46 +08:00"
"04_SDK与镜像/公开仓库/meta-tspi/recipes-multimedia/gstreamer/gstreamer1.0-plugins-base_1.22.7/0021-gst-libs-Support-NV16_10LE40.patch","local","","local","generated","11166","4b56aafb15dd6f207cb0789bbfefcfa104586cbbb2490ba8ec8f32d00bd08eea","2026-07-19 18:08:46 +08:00"
"04_SDK与镜像/公开仓库/meta-tspi/recipes-multimedia/gstreamer/gstreamer1.0-plugins-base_1.22.7/0022-videodecoder-Allow-disabling-QoS-by-default.patch","local","","local","generated","1738","041953e08961e8c757ff51b97587e473a10af27b62439db821add816f40b17bc","2026-07-19 18:08:46 +08:00"
"04_SDK与镜像/公开仓库/meta-tspi/recipes-multimedia/gstreamer/gstreamer1.0-plugins-base_1.22.9/0001-Revert-decodebin-only-emit-drained-signal-when-top-c.patch","local","","local","generated","1009","8e6fd2f0075079e1e257add961cd66c6dd95d934e56fef9858a3f84426a571f9","2026-07-19 18:08:46 +08:00"
"04_SDK与镜像/公开仓库/meta-tspi/recipes-multimedia/gstreamer/gstreamer1.0-plugins-base_1.22.9/0002-playbin2-send-one-about-to-finish-per-group.patch","local","","local","generated","2238","596461619ec0225056930d488cb130d27bfa9ad8b66d757c9fc97ed42aed2417","2026-07-19 18:08:46 +08:00"
"04_SDK与镜像/公开仓库/meta-tspi/recipes-multimedia/gstreamer/gstreamer1.0-plugins-base_1.22.9/0003-playbin-do-not-drain-on-first-EOS.patch","local","","local","generated","9930","b8a2391da2dc4dcd53cad3466d851edcf73c663d7f3fab16df0e19737e623f9e","2026-07-19 18:08:46 +08:00"
"04_SDK与镜像/公开仓库/meta-tspi/recipes-multimedia/gstreamer/gstreamer1.0-plugins-base_1.22.9/0004-playbin2-Fix-deadlock-when-hooking-about-to-finish-s.patch","local","","local","generated","2977","155fb6c01ed11cf521956315e2af6423c1080fb5746ba814df0920ded8fb0064","2026-07-19 18:08:46 +08:00"
"04_SDK与镜像/公开仓库/meta-tspi/recipes-multimedia/gstreamer/gstreamer1.0-plugins-base_1.22.9/0005-playbin3-Fix-Qt-videoplayer-cannot-change-video-stat.patch","local","","local","generated","12783","301190e410c474c2d09e8c188a5610e82d0ca064878c787f6b66b414aa69bc72","2026-07-19 18:08:46 +08:00"
"04_SDK与镜像/公开仓库/meta-tspi/recipes-multimedia/gstreamer/gstreamer1.0-plugins-base_1.22.9/0006-playbin2-Add-preferred-audio-video-sink.patch","local","","local","generated","2659","cb0c08fb651bf9a576fc64cff6071b2bee924ee5fc891d20e52171587a1a84ae","2026-07-19 18:08:46 +08:00"
"04_SDK与镜像/公开仓库/meta-tspi/recipes-multimedia/gstreamer/gstreamer1.0-plugins-base_1.22.9/0007-HACK-xvimagesink-Support-dma-buffer-rendering.patch","local","","local","generated","18734","4e87578c731600537bc91aa8d8bf5faa890578cf47c0a5d1555a40d783f09dad","2026-07-19 18:08:46 +08:00"
"04_SDK与镜像/公开仓库/meta-tspi/recipes-multimedia/gstreamer/gstreamer1.0-plugins-base_1.22.9/0008-video-converter-Support-rockchip-RGA-2D-accel.patch","local","","local","generated","7517","350a265c8596bf2b75a14b49f82bbf885a489e68fe6ce6b962286dfcf30c8253","2026-07-19 18:08:46 +08:00"
"04_SDK与镜像/公开仓库/meta-tspi/recipes-multimedia/gstreamer/gstreamer1.0-plugins-base_1.22.9/0009-HACK-gl-egl-allow-direct-dmabuf-import-when-unable-t.patch","local","","local","generated","1393","c9aa97f6575661249096c7d6b258eba173216ca2fba6e55877e882c6b46e4100","2026-07-19 18:08:46 +08:00"
"04_SDK与镜像/公开仓库/meta-tspi/recipes-multimedia/gstreamer/gstreamer1.0-plugins-base_1.22.9/0010-glupload-dmabuf-prefer-DirectDmabufExternal-uploader.patch","local","","local","generated","906","20c54d42e538e19ba936b5f5d31f123a45cb7604348537fb328fc690fc72db32","2026-07-19 18:08:46 +08:00"
"04_SDK与镜像/公开仓库/meta-tspi/recipes-multimedia/gstreamer/gstreamer1.0-plugins-base_1.22.9/0011-videoconvert-Support-preferred-formats.patch","local","","local","generated","1590","313ea52d74dfd0c6a829c815a542547ea3552603e0da197b96ce2201e030be39","2026-07-19 18:08:46 +08:00"
"04_SDK与镜像/公开仓库/meta-tspi/recipes-multimedia/gstreamer/gstreamer1.0-plugins-base_1.22.9/0012-glupload-Support-NV12_10LE40-and-NV12-NV12_10LE40-NV.patch","local","","local","generated","10522","405424b70ad4995123e24fa1bc211458308bf2c381aa2dcdedd3ea171fbbf7db","2026-07-19 18:08:46 +08:00"
"04_SDK与镜像/公开仓库/meta-tspi/recipes-multimedia/gstreamer/gstreamer1.0-plugins-base_1.22.9/0013-xvimagesink-Defer-prepare-window-when-getting-zero-w.patch","local","","local","generated","3636","6983d3651a6ea8a1b9772764ff2d3764867c841326e1d2c1eeea75650958c52c","2026-07-19 18:08:46 +08:00"
"04_SDK与镜像/公开仓库/meta-tspi/recipes-multimedia/gstreamer/gstreamer1.0-plugins-base_1.22.9/0014-riff-Fix-bps-caculation-error-for-ADPCM.patch","local","","local","generated","1948","7764fc49ed77d02ecb41e734015a9cf34ac3183329874775ddc5b6862f3c97db","2026-07-19 18:08:46 +08:00"
"04_SDK与镜像/公开仓库/meta-tspi/recipes-multimedia/gstreamer/gstreamer1.0-plugins-base_1.22.9/0015-xvimagesink-Allow-disabling-decorations.patch","local","","local","generated","4872","0236583753890cf0ce4668b74acb687d1c7bd291d6c11f55ba68b10295e872d5","2026-07-19 18:08:46 +08:00"
"04_SDK与镜像/公开仓库/meta-tspi/recipes-multimedia/gstreamer/gstreamer1.0-plugins-base_1.22.9/0016-xvimagesink-Apply-toplevel-window-s-position.patch","local","","local","generated","8170","603750bd9b1bd799d6ff9fea51a7d414189e633e81ae1a0f8b613331c9f0d013","2026-07-19 18:08:46 +08:00"
"04_SDK与镜像/公开仓库/meta-tspi/recipes-multimedia/gstreamer/gstreamer1.0-plugins-base_1.22.9/0017-xvimagesink-Ignore-expose-redraw-when-video-not-read.patch","local","","local","generated","970","0b2d37aa4673434667c223361ddaa705a304fdb5a9455205b109c1da6d3fb2e3","2026-07-19 18:08:46 +08:00"
"04_SDK与镜像/公开仓库/meta-tspi/recipes-multimedia/gstreamer/gstreamer1.0-plugins-base_1.22.9/0018-gl-x11-Honor-render-rectangle-for-toplevel-window.patch","local","","local","generated","1780","a613fa96a28ec782cad90cc63bcb337eed300eca1d6483b80c168abb965ebf84","2026-07-19 18:08:46 +08:00"
"04_SDK与镜像/公开仓库/meta-tspi/recipes-multimedia/gstreamer/gstreamer1.0-plugins-base_1.22.9/0019-gl-wayland-Honor-render-rectangle-for-toplevel-windo.patch","local","","local","generated","1238","d948107b094f04a08687c097f6c3db61d3b47eaa3efe4822f78b40e216c5d1f5","2026-07-19 18:08:46 +08:00"
"04_SDK与镜像/公开仓库/meta-tspi/recipes-multimedia/gstreamer/gstreamer1.0-plugins-base_1.22.9/0020-gl-x11-Allow-disabling-decorations-for-toplevel-wind.patch","local","","local","generated","2294","10eb01067d24717346060cbea95bd94df8b847163411fbd1df15ba01c5da3d44","2026-07-19 18:08:46 +08:00"
"04_SDK与镜像/公开仓库/meta-tspi/recipes-multimedia/gstreamer/gstreamer1.0-plugins-base_1.22.9/0021-gst-libs-Support-NV16_10LE40.patch","local","","local","generated","11166","ca26b45c734a6942741c2626adf940511d0829b6065d97d280258c77eae3c488","2026-07-19 18:08:46 +08:00"
"04_SDK与镜像/公开仓库/meta-tspi/recipes-multimedia/gstreamer/gstreamer1.0-plugins-base_1.22.9/0022-videodecoder-Allow-disabling-QoS-by-default.patch","local","","local","generated","1738","a1e8a6fdf80c59738ae610b323e3f45b4f6b0836baaeb0341c1413210273a794","2026-07-19 18:08:46 +08:00"
"04_SDK与镜像/公开仓库/meta-tspi/recipes-multimedia/gstreamer/gstreamer1.0-plugins-good_%.bbappend","local","","local","generated","312","9c6d4f9272aee9ed3df7db24085526d3095f7a095880d99af98b1fc3b0f7a3a6","2026-07-19 18:08:46 +08:00"
"04_SDK与镜像/公开仓库/meta-tspi/recipes-multimedia/gstreamer/gstreamer1.0-plugins-good_1.20.7/0001-qtdemux-don-t-skip-the-stream-duration-longer-than-3.patch","local","","local","generated","1318","793e3a39b4821284f4276b428b757d0b356456d16b0a95bb11d555dd60f9a0f3","2026-07-19 18:08:46 +08:00"
"04_SDK与镜像/公开仓库/meta-tspi/recipes-multimedia/gstreamer/gstreamer1.0-plugins-good_1.20.7/0002-HACK-flacparse-Handle-metadata-127.patch","local","","local","generated","1118","b0f996a522d6acf36b1be6d53b71eebd5c726a21a983956f6f659602e50d02ad","2026-07-19 18:08:46 +08:00"
"04_SDK与镜像/公开仓库/meta-tspi/recipes-multimedia/gstreamer/gstreamer1.0-plugins-good_1.20.7/0003-autodetect-Add-preferred-for-autovideosink-autoaudio.patch","local","","local","generated","3209","0dfabf923e423d10c5fbbc587093583fa489ed534166e98ee16dab7b6d42d762","2026-07-19 18:08:46 +08:00"
"04_SDK与镜像/公开仓库/meta-tspi/recipes-multimedia/gstreamer/gstreamer1.0-plugins-good_1.20.7/0004-v4l2-Support-preferred-formats.patch","local","","local","generated","2913","d157be0f71bcdd4edeaf805d885f9c1eb292360dd3a49f4703b8fe13fe1b03d2","2026-07-19 18:08:46 +08:00"
"04_SDK与镜像/公开仓库/meta-tspi/recipes-multimedia/gstreamer/gstreamer1.0-plugins-good_1.20.7/0005-video-flip-Support-rockchip-RGA-2D-accel.patch","local","","local","generated","9380","403c86053bbc58e35f3c98cef2564086ec438ecf61a5505b40583b9424f683e3","2026-07-19 18:08:46 +08:00"
"04_SDK与镜像/公开仓库/meta-tspi/recipes-multimedia/gstreamer/gstreamer1.0-plugins-good_1.20.7/0006-v4l2src-Support-setting-default-device.patch","local","","local","generated","1238","4e764c1e86449e50098371adc004fcca2a4dd985b14aeba10fe9e2b6d20b060e","2026-07-19 18:08:46 +08:00"
"04_SDK与镜像/公开仓库/meta-tspi/recipes-multimedia/gstreamer/gstreamer1.0-plugins-good_1.20.7/0007-v4l2src-Filter-out-unavailable-RK-sources.patch","local","","local","generated","2045","b1df1491f32400e13c76bc478f77070c531443b7e54ed4b649ffb24beec9a48d","2026-07-19 18:08:46 +08:00"
"04_SDK与镜像/公开仓库/meta-tspi/recipes-multimedia/gstreamer/gstreamer1.0-plugins-good_1.20.7/0008-v4l2src-Support-setting-max-resolution.patch","local","","local","generated","2917","4f18649bcf8e3761a8154a5fb59eacf0fe566358a5111f22dfe1dcc9983439c7","2026-07-19 18:08:46 +08:00"
"04_SDK与镜像/公开仓库/meta-tspi/recipes-multimedia/gstreamer/gstreamer1.0-plugins-good_1.20.7/0009-matroska-demux-parse-Disable-QoS-lace-skipping-by-de.patch","local","","local","generated","3083","618267b450a774df438f044695ac1b13b76b7f5e8749670f49384ef44fcd8460","2026-07-19 18:08:46 +08:00"
"04_SDK与镜像/公开仓库/meta-tspi/recipes-multimedia/gstreamer/gstreamer1.0-plugins-good_1.20.7/0010-v4l2-Increase-VIDEO_MAX_FRAME-to-64.patch","local","","local","generated","880","1a8066832276da9cba83d9ad294544d349b3fa0e876d0fe002db72803fc23893","2026-07-19 18:08:46 +08:00"
"04_SDK与镜像/公开仓库/meta-tspi/recipes-multimedia/gstreamer/gstreamer1.0-plugins-good_1.20.7/0011-v4l2-Support-setting-v4l2-min-buffers.patch","local","","local","generated","3778","6e82460e265367d63ca2f60828c968d40ac8dc92649d0a3bc8b944a98956daf3","2026-07-19 18:08:46 +08:00"
"04_SDK与镜像/公开仓库/meta-tspi/recipes-multimedia/gstreamer/gstreamer1.0-plugins-good_1.20.7/0012-v4l2-Support-disabling-buffer-sharing.patch","local","","local","generated","4219","b06e5a0b87bc656bc9be915f03cd57aee6814578df2c29b44bc1ca29835ef626","2026-07-19 18:08:46 +08:00"
"04_SDK与镜像/公开仓库/meta-tspi/recipes-multimedia/gstreamer/gstreamer1.0-plugins-good_1.22.11","local","","local","generated","32","4cd324cf022bc543e86796658322f9fe9063a7cb388a015d75b7cdc051955509","2026-07-19 18:08:46 +08:00"
"04_SDK与镜像/公开仓库/meta-tspi/recipes-multimedia/gstreamer/gstreamer1.0-plugins-good_1.22.7/0001-qtdemux-don-t-skip-the-stream-duration-longer-than-3.patch","local","","local","generated","1318","7bc3e7a91b996621dbd0cc81ea4e17e80f2d3f0811695c1a3033ad3e6afc6126","2026-07-19 18:08:46 +08:00"
"04_SDK与镜像/公开仓库/meta-tspi/recipes-multimedia/gstreamer/gstreamer1.0-plugins-good_1.22.7/0002-HACK-flacparse-Handle-metadata-127.patch","local","","local","generated","1118","2ec57484d67cb62b7aaad65b99ba9c05e1b31d05702f3ab360475e6ca0e90645","2026-07-19 18:08:46 +08:00"
"04_SDK与镜像/公开仓库/meta-tspi/recipes-multimedia/gstreamer/gstreamer1.0-plugins-good_1.22.7/0003-autodetect-Add-preferred-for-autovideosink-autoaudio.patch","local","","local","generated","3209","e4446070f1ecdf643f9abc05840a45003d0a22681e132d507e7a5d2ade5cc88a","2026-07-19 18:08:46 +08:00"
"04_SDK与镜像/公开仓库/meta-tspi/recipes-multimedia/gstreamer/gstreamer1.0-plugins-good_1.22.7/0004-v4l2-Support-preferred-formats.patch","local","","local","generated","2838","b71c1efa1d0152310dab2daea2525a9e97f3f435ef4280592ce317d1b1b1ed5e","2026-07-19 18:08:46 +08:00"
"04_SDK与镜像/公开仓库/meta-tspi/recipes-multimedia/gstreamer/gstreamer1.0-plugins-good_1.22.7/0005-video-flip-Support-rockchip-RGA-2D-accel.patch","local","","local","generated","9631","b1af4f976885d60902fb1716479e48d41749ce7a63754f463115f386b48bfcc0","2026-07-19 18:08:46 +08:00"
"04_SDK与镜像/公开仓库/meta-tspi/recipes-multimedia/gstreamer/gstreamer1.0-plugins-good_1.22.7/0006-v4l2src-Support-setting-default-device.patch","local","","local","generated","1238","e8490095681029b5dd8570cae248afed6871bdad70babac8b3473b1bfc8eba26","2026-07-19 18:08:46 +08:00"
"04_SDK与镜像/公开仓库/meta-tspi/recipes-multimedia/gstreamer/gstreamer1.0-plugins-good_1.22.7/0007-v4l2src-Filter-out-unavailable-RK-sources.patch","local","","local","generated","2045","2e4b99678733ea3ca97c9251bac63c823cb7f35fa4b313a608c966f52f75709a","2026-07-19 18:08:46 +08:00"
"04_SDK与镜像/公开仓库/meta-tspi/recipes-multimedia/gstreamer/gstreamer1.0-plugins-good_1.22.7/0008-v4l2src-Support-setting-max-resolution.patch","local","","local","generated","2957","202ccc42a3b916ec7a3e59c0dd6628b962a6514b7cced8e2f77dcc5f21f5a833","2026-07-19 18:08:46 +08:00"
"04_SDK与镜像/公开仓库/meta-tspi/recipes-multimedia/gstreamer/gstreamer1.0-plugins-good_1.22.7/0009-matroska-demux-parse-Disable-QoS-lace-skipping-by-de.patch","local","","local","generated","3083","9cbf1bc8d72d60b58ea293fe633b9f22d386605ab4fdf070ece8dfd361309e57","2026-07-19 18:08:46 +08:00"
"04_SDK与镜像/公开仓库/meta-tspi/recipes-multimedia/gstreamer/gstreamer1.0-plugins-good_1.22.7/0010-v4l2-Increase-VIDEO_MAX_FRAME-to-64.patch","local","","local","generated","880","aabe4766bb7988c87f3ee78c9aaefd828dad87c4590a49852ff75ba426d24611","2026-07-19 18:08:46 +08:00"
"04_SDK与镜像/公开仓库/meta-tspi/recipes-multimedia/gstreamer/gstreamer1.0-plugins-good_1.22.7/0011-v4l2-Support-setting-v4l2-min-buffers.patch","local","","local","generated","3807","0436211af64be98d7aca3ccd40879b62e0f2f2ef30abb554b8468046234c803c","2026-07-19 18:08:46 +08:00"
"04_SDK与镜像/公开仓库/meta-tspi/recipes-multimedia/gstreamer/gstreamer1.0-plugins-good_1.22.7/0012-v4l2-Support-disabling-buffer-sharing.patch","local","","local","generated","4205","3c1b9c4b1f259b919405352adc9f9f27a9a3704c26f6a494e79766fd2e126cf2","2026-07-19 18:08:46 +08:00"
"04_SDK与镜像/公开仓库/meta-tspi/recipes-multimedia/gstreamer/gstreamer1.0-plugins-good_1.22.9/0001-qtdemux-don-t-skip-the-stream-duration-longer-than-3.patch","local","","local","generated","1318","ce9c5522fda1f82de298fd45786513a2a59d49d72e972b3375c93f7d4683ef9d","2026-07-19 18:08:46 +08:00"
"04_SDK与镜像/公开仓库/meta-tspi/recipes-multimedia/gstreamer/gstreamer1.0-plugins-good_1.22.9/0002-HACK-flacparse-Handle-metadata-127.patch","local","","local","generated","1118","4d6255e6a7863a2855796832d9bd94926b1d45473c0019b993f34625ba5da708","2026-07-19 18:08:46 +08:00"
"04_SDK与镜像/公开仓库/meta-tspi/recipes-multimedia/gstreamer/gstreamer1.0-plugins-good_1.22.9/0003-autodetect-Add-preferred-for-autovideosink-autoaudio.patch","local","","local","generated","3209","97a3240688983867759abdb89c4b0bf613d24fb71e18a5a4b6ff61f5787fc648","2026-07-19 18:08:46 +08:00"
"04_SDK与镜像/公开仓库/meta-tspi/recipes-multimedia/gstreamer/gstreamer1.0-plugins-good_1.22.9/0004-v4l2-Support-preferred-formats.patch","local","","local","generated","3046","52eac1a5c8754bcad95c8bfb6c22d586731a0b9d6292303da944ad1ed1eaefad","2026-07-19 18:08:46 +08:00"
"04_SDK与镜像/公开仓库/meta-tspi/recipes-multimedia/gstreamer/gstreamer1.0-plugins-good_1.22.9/0005-video-flip-Support-rockchip-RGA-2D-accel.patch","local","","local","generated","9631","7b8c883fa2515bae94550391ca1eb22cdef40335d7a0feef0cd3827a064aec3b","2026-07-19 18:08:46 +08:00"
"04_SDK与镜像/公开仓库/meta-tspi/recipes-multimedia/gstreamer/gstreamer1.0-plugins-good_1.22.9/0006-v4l2src-Support-setting-default-device.patch","local","","local","generated","1238","e18854ab4c6d5a145ea041e3d1e474f6a443041a93414d695546359e6c19330b","2026-07-19 18:08:46 +08:00"
"04_SDK与镜像/公开仓库/meta-tspi/recipes-multimedia/gstreamer/gstreamer1.0-plugins-good_1.22.9/0007-v4l2src-Filter-out-unavailable-RK-sources.patch","local","","local","generated","2045","ac09f1ae21f0c6f0a0cb233b4a3570764f94cfa43240021b6e4737de0d4932f5","2026-07-19 18:08:46 +08:00"
"04_SDK与镜像/公开仓库/meta-tspi/recipes-multimedia/gstreamer/gstreamer1.0-plugins-good_1.22.9/0008-v4l2src-Support-setting-max-resolution.patch","local","","local","generated","2957","7b7c4e7bba984720d0ba73c4b2542049c097449342ce8a30a51a223f2ad4dd1b","2026-07-19 18:08:46 +08:00"
"04_SDK与镜像/公开仓库/meta-tspi/recipes-multimedia/gstreamer/gstreamer1.0-plugins-good_1.22.9/0009-matroska-demux-parse-Disable-QoS-lace-skipping-by-de.patch","local","","local","generated","3083","573402faebaf9d966f6da757f86eeea14984f19cc0217a679654a1245d0ee2e9","2026-07-19 18:08:46 +08:00"
"04_SDK与镜像/公开仓库/meta-tspi/recipes-multimedia/gstreamer/gstreamer1.0-plugins-good_1.22.9/0010-v4l2-Increase-VIDEO_MAX_FRAME-to-64.patch","local","","local","generated","880","8334800171a70a6835efdf04c22ff206e359d9adf7e031ffd8560d2a563e18f0","2026-07-19 18:08:46 +08:00"
"04_SDK与镜像/公开仓库/meta-tspi/recipes-multimedia/gstreamer/gstreamer1.0-plugins-good_1.22.9/0011-v4l2-Support-setting-v4l2-min-buffers.patch","local","","local","generated","3807","625bb8fd9563999023ff4b21c0ef75eb9df518569f84ffd94bc91f27e4d30e7f","2026-07-19 18:08:46 +08:00"
"04_SDK与镜像/公开仓库/meta-tspi/recipes-multimedia/gstreamer/gstreamer1.0-plugins-good_1.22.9/0012-v4l2-Support-disabling-buffer-sharing.patch","local","","local","generated","4205","d6999c900b1df827d117bf73c6517e985cc46fcb23a862b15b9acd5dee10a64e","2026-07-19 18:08:46 +08:00"
"04_SDK与镜像/公开仓库/meta-tspi/recipes-multimedia/gstreamer-rockchip/gstreamer1.0-rockchip.bb","local","","local","generated","1152","b9366d1b366af9d2de417835ca28db6ce70b07f7a6d12fffa0b1a32de6c1fd67","2026-07-19 18:08:46 +08:00"
"04_SDK与镜像/公开仓库/meta-tspi/recipes-multimedia/rockchip-mpp/rockchip-mpp.bb","local","","local","generated","1169","71c81e68bd94f76fd9bc9209245b4086986e195a1d49ed97656c6e207efe0708","2026-07-19 18:08:46 +08:00"
"04_SDK与镜像/公开仓库/meta-tspi/recipes-multimedia/rockchip-rkaiq/files/rkaiq_daemons.sh","local","","local","generated","865","c05c8c029fbbab73e35dd91141b4c3273d5ec31385059805a6beb0b7465b7964","2026-07-19 18:08:46 +08:00"
"04_SDK与镜像/公开仓库/meta-tspi/recipes-multimedia/rockchip-rkaiq/rockchip-rkaiq.bb","local","","local","generated","2797","bc0a54809eb2cf268baf88eef9b512692b4977feb4fbfbded789285417ec3f99","2026-07-19 18:08:46 +08:00"
"04_SDK与镜像/公开仓库/meta-tspi/recipes-multimedia/rockchip-rkisp/files/rkisp_daemons.sh","local","","local","generated","1033","a7010184e2f338f4ad85d19a5c09a3b16392466d0a5e24ce92f30534eeb881d5","2026-07-19 18:08:46 +08:00"
"04_SDK与镜像/公开仓库/meta-tspi/recipes-multimedia/rockchip-rkisp/rockchip-rkisp.bb","local","","local","generated","3130","48f24d6f85c517b8d422b6fc862b18ede22f83428d00f8870efc18ef3b2c63e2","2026-07-19 18:08:46 +08:00"
"04_SDK与镜像/公开仓库/meta-tspi/recipes-multimedia/v4l2apps/v4l-rkmpp.bb","local","","local","generated","616","532f1ee59b04718a7079ccfe671869db92054e9c3277eefd3c814f15a2402e8d","2026-07-19 18:08:46 +08:00"
"04_SDK与镜像/公开仓库/meta-tspi/recipes-multimedia/v4l2apps/v4l-utils/0001-libv4l2-Support-mmap-to-libv4l-plugin.patch","local","","local","generated","1982","baa37e9e4bdbfa69c2f3ec4c9503a3f76ed0747632ef2292230385fccf116380","2026-07-19 18:08:46 +08:00"
"04_SDK与镜像/公开仓库/meta-tspi/recipes-multimedia/v4l2apps/v4l-utils/0002-libv4l-mplane-Filter-out-multiplane-formats.patch","local","","local","generated","8350","e06f068df148d923f8f8505e0abc01433ba6b701e3752604becce243a3d2b0b0","2026-07-19 18:08:46 +08:00"
"04_SDK与镜像/公开仓库/meta-tspi/recipes-multimedia/v4l2apps/v4l-utils/0003-libv4l-Disallow-conversion-by-default.patch","local","","local","generated","1007","2bb9f155161d3f521addc58c910858c15c79200e747a395912e02035b902f2bf","2026-07-19 18:08:46 +08:00"
"04_SDK与镜像/公开仓库/meta-tspi/recipes-multimedia/v4l2apps/v4l-utils_%.bbappend","local","","local","generated","303","8abeb0890076265216f632be820b45b457b73c60021e9136b9a568e18e17fb14","2026-07-19 18:08:46 +08:00"
"04_SDK与镜像/公开仓库/meta-tspi/wic/generic-gptdisk.wks.in","local","","local","generated","654","430d29117c313520ef1f845dc223b057a8e2d6b4e932e589c64f1f5e30d84010","2026-07-19 18:08:46 +08:00"
"04_SDK与镜像/公开仓库/TaishanPi-manifests/taishanpi_rk3566_linux5.10_release.xml","local","","local","generated","1159","c7d5e25122674176404bc84cdd393d3218cb6f35db54eb0210b8aadb01f0a870","2026-07-19 15:18:45 +08:00"
"04_SDK与镜像/需登录下载/百度网盘总资料.txt","archive","https://pan.baidu.com/s/5m1jN3xFWAu_8qbUbidNeMw","manual_index","manual_required_indexed","294","dbcaf11c7921d1eb4d551808ffb461592bb0bcc0f47fd9030ea7ddb2ad61d082","2026-07-19 15:13:23 +08:00"
"05_开发工具/DriverAssitant_v5.11.zip","local","","local","generated","9864755","2514f022d547114571114490d6420774754a414f66064a45eade7de15b463f70","2026-07-19 18:05:56 +08:00"
"05_开发工具/platform-tools_r33.0.3-linux.zip","local","","local","generated","7505569","ab885c20f1a9cb528eb145b9208f53540efa3d26258ac3ce4363570a0846f8f7","2026-07-19 18:04:38 +08:00"
"05_开发工具/platform-tools_r33.0.3-windows.zip","local","","local","generated","5642796","1e59afd40a74c5c0eab0a9fad3f0faf8a674267106e0b19921be9f67081808c2","2026-07-19 18:04:39 +08:00"
"05_开发工具/README.md","local","","local","generated","1194","81af7a675edb1a51a9782e977ad54f54f4e30797636b7510abb58a6005b916bf","2026-07-19 18:11:08 +08:00"
"05_开发工具/research/android-tools.json","local","","local","generated","2733","29115c82bc0337a3b6536efc7132aeec2c74ea9bf60734e406c5335938dec06c","2026-07-25 10:12:22 +08:00"
"05_开发工具/research/mobaxterm.json","local","","local","generated","2721","03a15d93dae5a2ea1b104dd99f1da867c02f10869b3d93e6d42f9e20a759d251","2026-07-25 10:12:18 +08:00"
"05_开发工具/research/rockchip.json","local","","local","generated","2717","ac4149408dc509e051b5b736d5c94b5cc51a019b90198b475a13ceaef2faf6cd","2026-07-25 10:12:11 +08:00"
"05_开发工具/research/scrcpy.json","local","","local","generated","2727","a6d1a5d123c1066facf962a3ce219f062200c13b4b7bd0e180dfe3d29a4e0bb1","2026-07-25 10:12:31 +08:00"
"05_开发工具/research/src-7zip.md","local","","local","generated","4030","3f0f0d0b0bd9027345e5702ac2651446d6c5c29ff8c938558dcf81536055e27b","2026-07-25 10:13:47 +08:00"
"05_开发工具/research/src-adb.md","local","","local","generated","141198","c8ecf76deb3de3d1f989799017e7a6e9f8c678b111fc17286a4df0ae372df91c","2026-07-25 10:13:02 +08:00"
"05_开发工具/research/src-ch340.md","local","","local","generated","6001","cd8c7b3bb164cf3fe7ed0edde2e161bd05d2c7d50aa478772639a2b8bc546938","2026-07-25 10:13:41 +08:00"
"05_开发工具/research/src-mobaxterm.md","local","","local","generated","80484","bb540a5b274d92be2e012b81c7699393f1f0bfcd7db9c9dbba82820a4ec4ad48","2026-07-25 10:12:57 +08:00"
"05_开发工具/research/src-platform-tools.md","local","","local","generated","9265","d8cbe3ab00fa7c0073f205c31b8900dae2604e1b8c4cf259d25c1ea8dbc5d19f","2026-07-25 10:12:59 +08:00"
"05_开发工具/research/src-repo.md","local","","local","generated","3224","de2c3ac1af3a257ea9b754a29c7a41e5de1640d8e1cea8cc073184192a1eb148","2026-07-25 10:13:07 +08:00"
"05_开发工具/research/src-rkdeveloptool.md","local","","local","generated","9372","4a49e0556c41068e9f1b6b41db3948620a243ccf115ac3eebd96a4721a6f0051","2026-07-25 10:12:54 +08:00"
"05_开发工具/research/src-rndis.md","local","","local","generated","1823","45e8cd904bc2eb0fa9ac5b6c393b307157e9d3f14d4e97313f61bcd4d1c4561a","2026-07-25 10:13:55 +08:00"
"05_开发工具/research/src-scrcpy-windows.md","local","","local","generated","4452","9c58de8edf8b73a4ed056befe18736759fe538f0151da2954751a7b6332fe293","2026-07-25 10:13:05 +08:00"
"05_开发工具/research/src-sdformatter.md","local","","local","generated","15157","d35b425e9bcd5cb1b88af341fd100802f39edb854ce68949271536380d03cb53","2026-07-25 10:13:23 +08:00"
"05_开发工具/research/src-win32diskimager.md","local","","local","generated","8728","84cad0cbf42d920193f878101de5b265f80c4035443f3f19c1cfb484aad4e979","2026-07-25 10:13:45 +08:00"
"05_开发工具/research/src-wsl.md","local","","local","generated","17933","1f5d76875880cbc1850b24022be867ef6e81d043606cd6aac92c026c90ad7fe0","2026-07-25 10:13:25 +08:00"
"05_开发工具/rkdeveloptool/.gitignore","local","","local","generated","135","baca7c5c83f81304248f1f385ee6bbc73e4158c66fc9728e3e79622959ee18c7","2026-07-19 18:06:33 +08:00"
"05_开发工具/rkdeveloptool/99-rk-rockusb.rules","local","","local","generated","771","dd5b1cb78f2440baeef177252e44e9d7ee17713aada426b0bb418dd4742e95fd","2026-07-19 18:06:33 +08:00"
"05_开发工具/rkdeveloptool/autogen.sh","local","","local","generated","43","06339bdac9e01dfd68a3af02ecb23aa5569f92f8eb2900c7329d38d800942903","2026-07-19 18:06:33 +08:00"
"05_开发工具/rkdeveloptool/boot_merger.h","local","","local","generated","4124","2fb4489003f043c91b47f7cf8a0bc72515b5ec9476f157e0ad8b206829997360","2026-07-19 18:06:33 +08:00"
"05_开发工具/rkdeveloptool/cfg/.gitignore","local","","local","generated","54","11a297edf01e1ee427d14918e8d061e2344ecf7d36f1c72258748072fed6fad2","2026-07-19 18:06:33 +08:00"
"05_开发工具/rkdeveloptool/cfg/Makefile.am","local","","local","generated","145","8785c16244f39eadb60badd35100a7daaad3bebc220b950a64b2334fa92e631e","2026-07-19 18:06:33 +08:00"
"05_开发工具/rkdeveloptool/CMakeLists.txt","local","","local","generated","1446","412553e27b405c8bea5933cb23bdb4792a02687d702fae1c4bbdc6f06bb7a65e","2026-07-19 18:06:33 +08:00"
"05_开发工具/rkdeveloptool/config.h.in","local","","local","generated","125","8c1cdbeadf7b58fddd7f8ccabcdae2616cc93f39a3e3462335e9c9cebc12619f","2026-07-19 18:06:33 +08:00"
"05_开发工具/rkdeveloptool/config.ini","local","","local","generated","0","e3b0c44298fc1c149afbf4c8996fb92427ae41e4649b934ca495991b7852b855","2026-07-19 18:06:33 +08:00"
"05_开发工具/rkdeveloptool/configure.ac","local","","local","generated","772","030d3df9262620404cfb462cc60fdcab66fb2c299d8938d8f674d99d5d5504f3","2026-07-19 18:06:33 +08:00"
"05_开发工具/rkdeveloptool/crc.cpp","local","","local","generated","17535","eb6bf0b6509087ddfb60c53e24fa46920b29b2e24bff2ba9aea1a87eef5e8312","2026-07-19 18:06:33 +08:00"
"05_开发工具/rkdeveloptool/DefineHeader.h","local","","local","generated","6377","1596e89e99441d00c319fecbf7b81114470477134fd497c38f5dd0b41b670791","2026-07-19 18:06:33 +08:00"
"05_开发工具/rkdeveloptool/Endian.h","local","","local","generated","1071","66d0e1e77ed4334b97a8cde81af1394cd83386e4deeb116828ef6783a21b59c3","2026-07-19 18:06:33 +08:00"
"05_开发工具/rkdeveloptool/gpt.h","local","","local","generated","4597","08d32cfa07a89c8b99ab9c13d23602b25897b3e902cfe6ae167140adf9c0a712","2026-07-19 18:06:33 +08:00"
"05_开发工具/rkdeveloptool/license.txt","local","","local","generated","18409","f3d0f98935410a5196f0df27c4928a86a1822e6b9f49f9312fefb08b35e1e07c","2026-07-19 18:06:33 +08:00"
"05_开发工具/rkdeveloptool/main.cpp","local","","local","generated","97336","e230a559b0b013dc3f480508fd5578854ef788a3f74743be9a9d8b20a1b059f2","2026-07-19 18:06:33 +08:00"
"05_开发工具/rkdeveloptool/Makefile.am","local","","local","generated","579","a3e320a73fa2c2a4666428cffdac3bd5560e13827c9f26d02eddf0feff7b733b","2026-07-19 18:06:33 +08:00"
"05_开发工具/rkdeveloptool/parameter_gpt.txt","local","","local","generated","587","66e25afe048b9d87eef37b69ab15504710ce36c266fb1fbed115c73061bf9d00","2026-07-19 18:06:33 +08:00"
"05_开发工具/rkdeveloptool/Property.hpp","local","","local","generated","2629","729cab52ca5c30ae2e45eb08c250d900113f3116084588e223d100e0f8529c2d","2026-07-19 18:06:33 +08:00"
"05_开发工具/rkdeveloptool/Readme.txt","local","","local","generated","890","05c28d7acd9a100035292f67d12089c60af5a79b5092e3e0acba06cc8c4e6b8f","2026-07-19 18:06:33 +08:00"
"05_开发工具/rkdeveloptool/RKBoot.cpp","local","","local","generated","7097","0062744e8dca3845a88b15ec35086eb04c964f909bc0e06028fbcc2e6d5ab6bb","2026-07-19 18:06:33 +08:00"
"05_开发工具/rkdeveloptool/RKBoot.h","local","","local","generated","2673","1f4b1158f882e428d28cb6599048a3070f363f29ab6c501c9f78072045a0d1f9","2026-07-19 18:06:33 +08:00"
"05_开发工具/rkdeveloptool/RKComm.cpp","local","","local","generated","21641","94da3672dc6572fd127b974e2e709af48a7093f57b1a12f3c1bf08c7d3432072","2026-07-19 18:06:33 +08:00"
"05_开发工具/rkdeveloptool/RKComm.h","local","","local","generated","5811","45b88e38edfb6c7295bfc75f631b111967d8e7527710bd86e13cd1c13cf44005","2026-07-19 18:06:33 +08:00"
"05_开发工具/rkdeveloptool/RKDevice.cpp","local","","local","generated","17733","2acada75ae3eeaf9dcae8f9d31a0c696501d00896438b8c0b39e7f62c7d76b9a","2026-07-19 18:06:33 +08:00"
"05_开发工具/rkdeveloptool/RKDevice.h","local","","local","generated","3555","62a14c87703c81b29794555ced671286521e7bb42a3527c37b223c85128476ff","2026-07-19 18:06:33 +08:00"
"05_开发工具/rkdeveloptool/RKImage.cpp","local","","local","generated","7256","f435d9fd4f5b80689a3ef1c08fddf9bbbfef4a510f3a5cc39ef31fe910ec1ad5","2026-07-19 18:06:33 +08:00"
"05_开发工具/rkdeveloptool/RKImage.h","local","","local","generated","2177","ddf1d4fffbc3698e332b001ad7a074c490b83058a5117375367a81c5e38cc598","2026-07-19 18:06:33 +08:00"
"05_开发工具/rkdeveloptool/RKLog.cpp","local","","local","generated","2843","451f369b94de7cfb9f3a9ed1a089f59af8c3b4e1594894312a55a3e7514f85f2","2026-07-19 18:06:33 +08:00"
"05_开发工具/rkdeveloptool/RKLog.h","local","","local","generated","986","ffc6086999a99d50e8be8d3228d267073f19b14002e5121b577808b7f7e04bb3","2026-07-19 18:06:33 +08:00"
"05_开发工具/rkdeveloptool/RKScan.cpp","local","","local","generated","15970","df2eaaa3f87af20f0295c0f72b411105f2d262886dd26b2dc3bc4ed64700eafd","2026-07-19 18:06:33 +08:00"
"05_开发工具/rkdeveloptool/RKScan.h","local","","local","generated","1975","98a665c2688cdaac12b70b68578d3a0b12fcc676621ec3c0b520e53942c9e832","2026-07-19 18:06:33 +08:00"
"05_开发工具/RKDevTool_Release_v2.96_zh.zip","local","","local","generated","2480708","9778640d5f7c5aa98c1cf6413a380a74e61186c5b512bdb4fe3ac07cd8a368fb","2026-07-19 18:05:55 +08:00"
"05_开发工具/RKDevTool_Release_v2.96_zh/RKDevTool_Release_v2.96/bin/adb.exe","local","","local","generated","1850368","b40abda76f72462483a95321caf431b752b7988de0f92bcb0ba27bf6e3b86bfc","2019-06-24 09:13:16 +08:00"
"05_开发工具/RKDevTool_Release_v2.96_zh/RKDevTool_Release_v2.96/bin/AdbWinApi.dll","local","","local","generated","97792","d60103a5e99bc9888f786ee916f5d6e45493c3247972cb053833803de7e95cf9","2019-06-24 09:13:16 +08:00"
"05_开发工具/RKDevTool_Release_v2.96_zh/RKDevTool_Release_v2.96/bin/AdbWinUsbApi.dll","local","","local","generated","62976","25207c506d29c4e8dceb61b4bd50e8669ba26012988a43fbf26a890b1e60fc97","2019-06-24 09:13:16 +08:00"
"05_开发工具/RKDevTool_Release_v2.96_zh/RKDevTool_Release_v2.96/bin/AFPTool.exe","local","","local","generated","894976","c858ebf4ae5ff0453fb70e387640faa01cd69f713412f7b8260db164e8728aad","2021-08-23 09:04:32 +08:00"
"05_开发工具/RKDevTool_Release_v2.96_zh/RKDevTool_Release_v2.96/bin/RKImageMaker.exe","local","","local","generated","890368","b53ab573890363d2028c77d0322a2faddfc83730d5692bf7f85dd2f8b2092f29","2021-08-16 14:05:18 +08:00"
"05_开发工具/RKDevTool_Release_v2.96_zh/RKDevTool_Release_v2.96/config.cfg","local","","local","generated","1249","62dafa66e15d97b295c52c3ccaa296670392a8ba7f9c93ae377bb167cac23ef8","2026-07-30 16:31:14 +08:00"
"05_开发工具/RKDevTool_Release_v2.96_zh/RKDevTool_Release_v2.96/config.ini","local","","local","generated","1572","38d6a1db9399deed380bbc7269aa0f7e696a5e5ef273aa5bd434583dc0ecff9f","2023-06-12 19:56:12 +08:00"
"05_开发工具/RKDevTool_Release_v2.96_zh/RKDevTool_Release_v2.96/Language/Chinese.ini","local","","local","generated","16924","580c4c9c4554e963af312a628bba8730cd260f45dfbcf65f8114c8cf20fdebf3","2021-11-10 11:13:36 +08:00"
"05_开发工具/RKDevTool_Release_v2.96_zh/RKDevTool_Release_v2.96/Language/English.ini","local","","local","generated","24680","0c42ed832a4aa2875e4dfffbaa9a31f1979882d29b09c6f12963c04da546df0d","2021-11-12 14:21:42 +08:00"
"05_开发工具/RKDevTool_Release_v2.96_zh/RKDevTool_Release_v2.96/Log/Log2022-10-20.txt","local","","local","generated","342","d3d0d20b84c4a7cac69ec40eea02f04b8ceb2d66510198e8f6fa6cff9e14a663","2022-10-20 19:01:52 +08:00"
"05_开发工具/RKDevTool_Release_v2.96_zh/RKDevTool_Release_v2.96/Log/Log2026-07-23.txt","local","","local","generated","2864","2057dd09cc5f7f6690fadd0e5cc7750600d99ee81c531c15c4598ef56ff6f3db","2026-07-23 20:15:11 +08:00"
"05_开发工具/RKDevTool_Release_v2.96_zh/RKDevTool_Release_v2.96/Log/Log2026-07-30.txt","local","","local","generated","84","e8af3383a72f3c114489723eb9f5f9d9ea3492dc45bcb5b021b3a6b2c9e5fac3","2026-07-30 16:28:58 +08:00"
"05_开发工具/RKDevTool_Release_v2.96_zh/RKDevTool_Release_v2.96/revision.txt","local","","local","generated","2129","99167b27602e1686a72d15e1373a0fee632a8ea6281567150df9fac7c3f33608","2022-05-27 09:09:54 +08:00"
"05_开发工具/RKDevTool_Release_v2.96_zh/RKDevTool_Release_v2.96/RKDevTool.exe","local","","local","generated","1240576","df831f7bbfd8c31d14c7ce8e98ae4e566db51b1ac51154caac3647ebc70aa470","2022-05-27 09:06:46 +08:00"
"05_开发工具/RKDevTool_Release_v2.96_zh/RKDevTool_Release_v2.96/rock-5b-emmc.cfg","local","","local","generated","1249","dd0f47a15629cf8baedc0ec73f30e528d3466aacb47238a21d76318b4626bec3","2022-10-20 16:20:48 +08:00"
"05_开发工具/RKDevTool_Release_v2.96_zh/RKDevTool_Release_v2.96/rock-5b-spinor.cfg","local","","local","generated","1249","b2ac8a276fa29b292dd1851a509de301115a1a90d9dd4fbea34263fdcacf1a1c","2022-10-20 19:01:14 +08:00"
"05_开发工具/RKDevTool_Release_v2.96_zh/RKDevTool_Release_v2.96/开发工具使用文档_v1.0.pdf","local","","local","generated","460320","be6d064c5f70a7edc28a9f47a05db97aa7c3e3d9cd99cd46426b364bad7e919a","2021-08-27 10:28:22 +08:00"
"05_开发工具/scrcpy-win64-v2.3.1.zip","local","","local","generated","6048800","f1f78ac98214078425804e524a1bed515b9d4b8a05b78d210a4ced2b910b262d","2026-07-19 18:04:39 +08:00"
"05_开发工具/SDDiskTool_cn_v1.74.zip","local","","local","generated","663843","48c543792d051ea1c7ff3cd73c032aa6b73ab99e85d9a85a04c729348a193e3c","2026-07-19 18:05:54 +08:00"
"05_开发工具/wiki/adb-install-use.md","tool","https://wiki.lckfb.com/zh-hans/tspi-rk3566/tool-use/adb-install-use.html","public","downloaded","80813","12e2f5263497c7a42897bd19c3186bd1a7059f88a699b7d5f1c840ffa75284ca","2026-07-19 15:17:54 +08:00"
"05_开发工具/wiki/debug-tools-use.md","tool","https://wiki.lckfb.com/zh-hans/tspi-rk3566/tool-use/debug-tools-use.html","public","downloaded","11912","0db7e6cf1344e33d99b16a1852234b04eb1a8480828766fb74aca737e61265da","2026-07-19 15:17:54 +08:00"
"05_开发工具/wiki/scrcpy-tool-use.md","tool","https://wiki.lckfb.com/zh-hans/tspi-rk3566/tool-use/scrcpy-tool-use.html","public","downloaded","9268","8c477df404f0c38f62cbbd6019919d003409ae3ea7be24f0bd8a3511660d7f2c","2026-07-19 15:17:54 +08:00"
"05_开发工具/第2课-创建WiFi自动脚本.ps1","local","","local","generated","1799","4e540cd1ca8014396833b682199ac15955d5f47f35f634e8a0903daffa0c679e","2026-07-24 16:18:00 +08:00"
"05_开发工具/交叉工具链/arm-gnu-toolchain-15.2.rel1-mingw-w64-i686-aarch64-none-linux-gnu.zip.partial","local","","local","generated","41549824","68a6aefc35a63addecdd0c0605c28503807e879b6c19b00067a8861c8151e350","2026-07-26 23:44:34 +08:00"
"05_开发工具/开发工具完整使用手册.md","local","","local","generated","29398","e6b7151a86d9fa265d2ff728804020c7326ab9e35bf44866b70e5c0daf9a201d","2026-07-25 10:20:19 +08:00"
"06_项目案例/open-source-project-recommendations.md","project","https://wiki.lckfb.com/zh-hans/tspi-rk3566/project-case/open-source-project-recommendations.html","public","downloaded","6823","064a50bc7885f117fe311b4de5219c8028c8fae34a9081fd436abf3d160c4483","2026-07-19 15:17:54 +08:00"
"06_项目案例/公开仓库/README.md","local","","local","generated","589","b7f88e948be004a167feef9f3427220f0edc3e18f9915937830e442150b4e965","2026-07-19 15:27:58 +08:00"
"06_项目案例/项目计划-胖妞智能小手机.md","local","","local","generated","10519","61a36e0a12658c5f71b72dbdafdc500dd8ca0c5739cfe6fa8b21e84fa6c92ba1","2026-08-03 20:59:00 +08:00"
"06_项目案例/学习实验/第6课-hello-c/build-rk3566.ps1","local","","local","generated","1115","a253d45d1ad4f5230874dea06cbf77a1dedb00d4232cbffa2c60ace62e267a3d","2026-07-26 23:38:39 +08:00"
"06_项目案例/学习实验/第6课-hello-c/hello.c","local","","local","generated","220","b8f47218ea065fba62b79b5f6581df6cba9d3f04c5f92fc4e6cb78abaa065382","2026-07-26 23:38:39 +08:00"
"06_项目案例/学习实验/第6课-hello-c/README.md","local","","local","generated","3435","462224b5de2a6398037daa2ea3f1d41217e56e9d66505ceb2f596012456c51e2","2026-08-03 20:59:00 +08:00"
"assets/atta.szlcsc.com/upload/public/pdf/source/20160903/1472896628181.pdf","local","","local","generated","180869","516aabddc0e56eb8e57278d0ac553c6393300f77f37590aa66e7bc936a007bfc","2026-07-19 15:17:31 +08:00"
"assets/image.lceda.cn/avatars/2021/9/nnSyFy3gG5tO9ptzWVIr8deACxi2EutG5O2Lvs5v.png","local","","local","generated","2840","22722698376421f24c8d521f791ea718dbbcda491e62e39cc2a75799226c9115","2026-07-19 15:17:32 +08:00"
"assets/image.lceda.cn/oshwhub/afbf931766024be29bdeb4ac5e61fd82.jpg","local","","local","generated","59654","d67df000488f65bf74ba6af045ac5dbf624e6d9afc521353d947e8ea9e297d0e","2026-07-19 15:17:32 +08:00"
"assets/image.lceda.cn/oshwhub/pullImage/1a9bfee7efe0421c9becf785a5b0ceb6.jpg","local","","local","generated","2162","0af6d13de2479a018f0c79c6b1d35c38218b359d2254fe43e9f917443f58bedc","2026-07-19 15:17:32 +08:00"
"assets/image.lceda.cn/oshwhub/pullImage/5ee42ac35d2c4d768fa8e8437c05adae.jpg","local","","local","generated","2938","da1e4aca8d75ff215e5eab4c66f246fe08c009e439d92a9f372b9bf0a3e638ff","2026-07-19 15:17:32 +08:00"
"assets/image.lceda.cn/oshwhub/pullImage/6405212506984be38c38d38f1881b8e2.jpg","local","","local","generated","3012","315d43af39277ee6cee0b50e456e78133f675c87207253aacb808f998b8b7158","2026-07-19 15:17:32 +08:00"
"assets/image.lceda.cn/oshwhub/pullImage/a8c1387b8e034b488e9349b1c90e573d.png","local","","local","generated","3052","8a2b3617d78dbdda32076c394ab0dafba7d3cdc64d4d76964a8dcf3d53d2edf9","2026-07-19 15:17:33 +08:00"
"assets/image.lceda.cn/oshwhub/pullImage/b750215210ea441084bf3b1466ba2f3d.jpg","local","","local","generated","3596","ed1632c8cf9ebf74e42724d9ae4e7dde22e86a854015df3603de6e745ba6d89a","2026-07-19 15:17:33 +08:00"
"assets/image.lceda.cn/oshwhub/pullImage/b9559fa74a904e8f9cbaa41fa630bfd3.jpg","local","","local","generated","3000","9bae718cd24aac031b005b66b0124df9686919b3fbc89f6a2986ac3e29441e35","2026-07-19 15:17:33 +08:00"
"assets/image.lceda.cn/oshwhub/pullImage/c62d7c61ab294896883da8e510e9b712.png","local","","local","generated","1812","f2ae31dc9992479d6b042f2dc3d372f567f3465e854353c396d161e9f5062bc7","2026-07-19 15:17:33 +08:00"
"assets/image.lceda.cn/oshwhub/pullImage/ca38c09a2a854bfb866e69e932f10f63.jpg","local","","local","generated","3958","bc28ad231714906aff3e736cae890c5bd169a132a46c081108d77981017f3910","2026-07-19 15:17:33 +08:00"
"assets/image.lceda.cn/pullimage/icx0AddXJapD5SG3cqt6RkMWRtvNFoWfjKfI6k4B.png","local","","local","generated","2574","faddbf4ecca2e8346042a859316af36ebe2759c6d31b4b66f89d9c573c10dbdc","2026-07-19 15:17:33 +08:00"
"assets/wiki.lckfb.com/storage/images/zh-hans/tspi-rk3566/documentation/gj-run-c-c-plus-program/gj-run-c-c-plus-program_20240830_190517.png","local","","local","generated","43552","814c106e690f1f8359d30047e8843c2f435f279eba0583590990220caa4079fa","2026-07-19 15:17:34 +08:00"
"assets/wiki.lckfb.com/storage/images/zh-hans/tspi-rk3566/documentation/transplant-qt5/transplant-qt5_20240830_021253.png","local","","local","generated","18157","438059ce33fc53edaab25ca43dce0f640ee13dc712eebc728ad49dd45a3058ca","2026-07-19 15:17:35 +08:00"
"assets/wiki.lckfb.com/storage/images/zh-hans/tspi-rk3566/project-case/fat-little-cell-phone/programming-environment-setup/programming-environment-setup_20240830_164441.png","local","","local","generated","7214","27da614c3c168b47cc400fbf95d18b3d5f17f50b247e2b940ed497d89c892799","2026-07-19 15:17:35 +08:00"
"assets/wiki.lckfb.com/storage/images/zh-hans/tspi-rk3566/project-case/fat-little-cell-phone/sdk-compile/sdk-compile_20240830_170300.png","local","","local","generated","15618","42dc60ca849baa3f7d949704ac0520134bafb3236d317bbc2f3e7115a7fe84f1","2026-07-19 15:17:36 +08:00"
"assets/wiki.lckfb.com/storage/images/zh-hans/tspi-rk3566/sdk-compilation/android-13-sdk-compilation/android-13-sdk-compilation_20260402_154224.png","local","","local","generated","116674","e25ec07e04951acfed3553f9c02688c78ae464f6f6868c7c52d0caa187df257f","2026-07-19 15:17:37 +08:00"
"assets/wiki.lckfb.com/storage/images/zh-hans/tspi-rk3566/sdk-compilation/android-13-sdk-compilation/android-13-sdk-compilation_20260402_154817.png","local","","local","generated","11225","5c19215c63b8e8dd72b8778a82bd188ca16967bbd91d76de96c68113cb5ea662","2026-07-19 15:17:38 +08:00"
"assets/wiki.lckfb.com/storage/images/zh-hans/tspi-rk3566/sdk-compilation/android-sdk-compilation/android-sdk-compilation_20240829_043857.png","local","","local","generated","28741","8ad7ed6cbb74ed60a5237aff7604a0985fb74e88ddee50cabdd915c80debc998","2026-07-19 15:17:38 +08:00"
"assets/wiki.lckfb.com/storage/images/zh-hans/tspi-rk3566/sdk-compilation/android-sdk-compilation/android-sdk-compilation_20240829_113603.png","local","","local","generated","7577","a34479d59344d5d83577791a8788ac262d86d5c6f9bb317de342fedbd5d632a5","2026-07-19 15:17:39 +08:00"
"assets/wiki.lckfb.com/storage/images/zh-hans/tspi-rk3566/system-usage/android-system-usage/android-system-usage_20240829_000624.png","local","","local","generated","69195","c750f85984ef1c0f3d33a42d6a130028c1a76fad39be985bc4f7be07a4adba5c","2026-07-19 15:17:40 +08:00"
"assets/wiki.lckfb.com/storage/images/zh-hans/tspi-rk3566/system-usage/android-system-usage/android-system-usage_20240829_013927.png","local","","local","generated","284175","603004939771d0001f8cc956f554e355a18b76b68fd758944a00029bace1c91b","2026-07-19 15:17:40 +08:00"
"assets/wiki.lckfb.com/storage/images/zh-hans/tspi-rk3566/system-usage/android-system-usage/android-system-usage_20240829_092922.png","local","","local","generated","204621","18570a8687edb8544ce05b3519bbda3eb8e3701dcd59f44df90120485bfbf68f","2026-07-19 15:17:41 +08:00"
"assets/wiki.lckfb.com/storage/images/zh-hans/tspi-rk3566/system-usage/android-system-usage/android-system-usage_20240829_102133.png","local","","local","generated","161084","0740aa1764ba1be03e40be154c76bbdd1dd445112d3f3a39d65c20cc26fd809a","2026-07-19 15:17:42 +08:00"
"assets/wiki.lckfb.com/storage/images/zh-hans/tspi-rk3566/system-usage/android-system-usage/android-system-usage_20240829_104132.png","local","","local","generated","102778","a4fd14e9723f2e03f714c6af5da3510475cac91d353b1a108b8bcff6b09caaa9","2026-07-19 15:17:42 +08:00"
"assets/wiki.lckfb.com/storage/images/zh-hans/tspi-rk3566/system-usage/img-download/img-download_20240829_090938.png","local","","local","generated","94627","2ec8fe1182c3fe88fd33fdfa44268437c624a015f9479541de76850aee58afab","2026-07-19 15:17:43 +08:00"
"assets/wiki.lckfb.com/storage/images/zh-hans/tspi-rk3566/tool-use/scrcpy-tool-use/scrcpy-tool-use_20240829_192302.png","local","","local","generated","527213","84d2a2761612571e3177a6381800c52278f3a2bc1e0b0acf2a5bcc41dad73c27","2026-07-19 15:17:44 +08:00"
"assets/wiki.lckfb.com/storage/images/zh-hans/tspi-rk3566/tool-use/scrcpy-tool-use/scrcpy-tool-use_20240829_192305.png","local","","local","generated","376909","cbf870586416dbad36e0ec29326662b3b6d9ac9145a3ffd11dd612d89a4345e0","2026-07-19 15:17:45 +08:00"
"assets/wiki.lckfb.com/storage/images/zh-hans/tspi-rk3566/tool-use/scrcpy-tool-use/scrcpy-tool-use_20240829_192309.png","local","","local","generated","99265","9ec4456d4113d59310191e91268909732314ce555e56b3d9b7fe75bfb8d06570","2026-07-19 15:17:45 +08:00"
"assets/wiki.lckfb.com/storage/images/zh-hans/tspi-rk3566/tool-use/scrcpy-tool-use/scrcpy-tool-use_20240829_192312.png","local","","local","generated","234293","2a31e83d6a1d2ca941f6775b567626479d97781d3303126e3ef056e2240ed98c","2026-07-19 15:17:46 +08:00"
"assets/wiki.lckfb.com/storage/images/zh-hans/tspi-rk3566/tool-use/scrcpy-tool-use/scrcpy-tool-use_20240829_192348.png","local","","local","generated","48207","0c19fc91c80aa29811ca383eed79d7f2005693cd7a3e7cc57f84fb50aeb66335","2026-07-19 15:17:47 +08:00"
"assets/wiki.lckfb.com/storage/images/zh-hans/tspi-rk3566/tool-use/scrcpy-tool-use/scrcpy-tool-use_20240829_192437.png","local","","local","generated","28741","8ad7ed6cbb74ed60a5237aff7604a0985fb74e88ddee50cabdd915c80debc998","2026-07-19 15:17:48 +08:00"
"assets/wiki.lckfb.com/storage/images/zh-hans/tspi-rk3566/tool-use/scrcpy-tool-use/scrcpy-tool-use_20240829_193213.png","local","","local","generated","47090","0790c0af8901e9278e422d878732fe3c5141b732d8fed943f0e37d159c553c27","2026-07-19 15:17:48 +08:00"
"assets/wiki.lckfb.com/storage/images/zh-hans/tspi-rk3566/tool-use/scrcpy-tool-use/scrcpy-tool-use_20240829_193241.png","local","","local","generated","249733","8429c230c15d673434b29d7a70dd3318b7508e58cf5e9e38f4007759817d55b8","2026-07-19 15:17:50 +08:00"
"assets/wiki.lckfb.com/storage/images/zh-hans/tspi-rk3566/tool-use/scrcpy-tool-use/scrcpy-tool-use_20240829_193302.png","local","","local","generated","45349","6d063c56fc693ff63422947b1d23b19983d82703a738d75f6b53d7feba3a09c1","2026-07-19 15:17:50 +08:00"
"assets/wiki.lckfb.com/storage/images/zh-hans/tspi-rk3566/tool-use/scrcpy-tool-use/scrcpy-tool-use_20240829_193321.png","local","","local","generated","27508","47b687b036c418f230e6df7442a01318b446116296284f8fe4deb04761ebebae","2026-07-19 15:17:51 +08:00"
"assets/wiki.lckfb.com/storage/images/zh-hans/tspi-rk3566/tool-use/scrcpy-tool-use/scrcpy-tool-use_20240829_193411.png","local","","local","generated","482264","0106e2098f0468ef1254c79d685384a0d0a67c915dbad140a6580e20c1fc4b1b","2026-07-19 15:17:52 +08:00"
"assets/wiki.lckfb.com/storage/images/zh-hans/tspi-rk3566/tool-use/scrcpy-tool-use/scrcpy-tool-use_20240829_193437.png","local","","local","generated","207814","3c45871f13e0b36837170343d97411d4447029fe2ed98cac36a74afe4a38c83a","2026-07-19 15:17:52 +08:00"
"assets/wiki.lckfb.com/storage/images/zh-hans/tspi-rk3566/tool-use/scrcpy-tool-use/scrcpy-tool-use_20240829_193506.gif","local","","local","generated","1372097","6701b26bf62d3dc0d1bc4bc2f194c72b8e9f5a774634a6398be07d427a04c075","2026-07-19 15:17:54 +08:00"
"assets/wiki.lckfb.com/storage/logo/logo_cn_dark.svg","local","","local","generated","10864","5fc2c89eaca1b22ae6fc3279490ef7cd87e3e5ec71b69788f852c8692c851681","2026-07-19 15:17:54 +08:00"
"assets/wiki.lckfb.com/storage/logo/logo_cn_light.svg","local","","local","generated","10864","f7fce263bbf6d59833fdbf79149ca445ce21973ef98eb6a321fa769c690845b0","2026-07-19 15:17:54 +08:00"
"README.md","local","","local","generated","7303","e045c080bf8feddc649be1825b2d62fd351f17194b99c8f73db946948d5be2d7","2026-08-03 20:59:00 +08:00"
"scripts/Build-Manifest.ps1","local","","local","generated","2200","7815effa6c2c35a2b799125ab87730a6949458d8024c9916ac8a77f6ed3ea627","2026-07-26 22:51:53 +08:00"
"scripts/Download-ReferencedAssets.ps1","local","","local","generated","4463","0ba5c6dfb3e3538548de0a3dd61ac7f9468c633487c9e03dbdfddf067a9ba06d","2026-07-19 15:29:20 +08:00"
"scripts/Index-BaiduPublicShare.ps1","local","","local","generated","3255","7d113b3fcf30fda4ee53af6cecbad69018970a0bdc17e883219f235fd372b9f0","2026-07-19 17:45:30 +08:00"
"scripts/Update-PublicMaterials.ps1","local","","local","generated","4505","b2336631a7c9c6ccfb1fd6ce92df05591836234affc5c25c99049cbc8da51d78","2026-07-19 15:24:40 +08:00"
"scripts/Verify-Materials.ps1","local","","local","generated","4380","530d634406a279aeed3019612c53084d90a2a30cf8d8a26e414a0781a3302ba5","2026-07-26 22:44:12 +08:00"
"网盘资料/第01章.【立创·泰山派】简介/立创·泰山派开发板简介.pdf","local","","local","generated","6997201","9c4883f12cf92185e27b4cd4be75710ebf4df58b72fe884d235ca9f8de1802b1","2026-07-23 16:37:56 +08:00"
"网盘资料/第02章.【立创·泰山派】开源硬件/立创·泰山派开发板项目工程/必读.txt","local","","local","generated","432","710c210609731390e5f13cffe05f56a6c87e846238aaa9218cbab9b223e4de14","2026-07-23 16:21:25 +08:00"
"网盘资料/第02章.【立创·泰山派】开源硬件/立创·泰山派开发板项目工程/立创·泰山派开发板项目工程源文件_2023-12-01.epro","local","","local","generated","20336959","e5419a1f7997db6483a72ee429ce09792b50258f6f3faf44d6f104d6795ad67f","2026-07-23 16:38:23 +08:00"
"网盘资料/第02章.【立创·泰山派】开源硬件/立创·泰山派开发板项目工程/立创·泰山派开发板原理图.pdf","local","","local","generated","11760429","ee3a1591a56115238666124312830e5e5e59ba42177d0a84427ea22af0178bd4","2026-07-23 16:21:27 +08:00"
"网盘资料/第03章.【立创·泰山派】文档手册/【Android】系统SDK编译.pdf","local","","local","generated","1364695","896f6cf6eda6a7f5b450a5577a8898bf9c6e49ab5d880982b7655e6d79077ca1","2026-07-23 16:21:52 +08:00"
"网盘资料/第03章.【立创·泰山派】文档手册/【Android】系统使用文档.pdf","local","","local","generated","39858138","6c4a17460e4512b30423198c679c7946197fda26bc6b08e98495549f1fe2288d","2026-07-23 16:22:16 +08:00"
"网盘资料/第03章.【立创·泰山派】文档手册/【Buildroot】系统使用文档.pdf","local","","local","generated","19622825","c7b97824df4c7bc345f36f40717e2209e479335df7e1b0c5448f2cae16712508","2026-07-23 16:21:55 +08:00"
"网盘资料/第03章.【立创·泰山派】文档手册/【Docker】编译环境搭建.pdf","local","","local","generated","879416","e1bf08fbe87bf6036ee767213dc8fa69914dc60664a4ff90c2fe4e196e949117","2026-07-23 16:21:52 +08:00"
"网盘资料/第03章.【立创·泰山派】文档手册/【Linux】系统SDK编译.pdf","local","","local","generated","1501707","85958e06dd1085d122a80cbccb159423f1c7b37de1e743ceb176e4d5586b9821","2026-07-23 16:21:53 +08:00"
"网盘资料/第03章.【立创·泰山派】文档手册/【工具】ADB安装与使用.pdf","local","","local","generated","1732119","dec8c5ba0f4a9344bce912b576200e15a119c05e9dd0129085e6e4f8a2b4a99d","2026-07-23 16:21:54 +08:00"
"网盘资料/第03章.【立创·泰山派】文档手册/【工具】调试工具使用.pdf","local","","local","generated","1098199","768db2aa5350b4dd857cd3c5fa12bcdee1310137b1282f5a3efe9cd9c60a5c07","2026-07-23 16:21:54 +08:00"
"网盘资料/第03章.【立创·泰山派】文档手册/【工具】虚拟机安装.pdf","local","","local","generated","2190819","cc40115cd79ee20932121d4bf0be6298b6784b3517987a35d09bc21668017fb4","2026-07-23 16:21:55 +08:00"
"网盘资料/第03章.【立创·泰山派】文档手册/【共建】文档附件/【共建】debian13-linux6.1/archive.7z","local","","local","generated","877501829","756e5be5076718888bc1c7c3c45cd8a2e78d500b3d0e30b8fa405969374dda6a","2026-07-23 16:30:59 +08:00"
"网盘资料/第03章.【立创·泰山派】文档手册/【共建】文档附件/【共建】debian13-linux6.1/updateimg_md5.txt","local","","local","generated","47","4a40782779574313c01daa77fe928feb356ab215f39f7a30a82e3609468bfdfd","2026-07-23 16:21:57 +08:00"
"网盘资料/第03章.【立创·泰山派】文档手册/【共建】文档附件/【共建】MIPI 4寸长屏转接板/Android_All_Config.cfg","local","","local","generated","6129","f3cf8e893b6bad92fc23ee54c31dfdc5692a77f4bb9db9ad1ff7666ad5335bf4","2026-07-23 16:21:58 +08:00"
"网盘资料/第03章.【立创·泰山派】文档手册/【共建】文档附件/【共建】MIPI 4寸长屏转接板/ProDocument_H0400S001_2024-04-08.epro","local","","local","generated","92317","f112d79b8ac427a17b589844c22fa3954690efe5f3576445b57210225527c149","2026-07-23 16:21:59 +08:00"
"网盘资料/第03章.【立创·泰山派】文档手册/【共建】文档附件/【共建】SPI转CAN/mcp251x.c","local","","local","generated","39378","8f4c7b0fd2f91815ea54bd52021789ccff8d48580d69323ad2ecb28665b8dfd4","2026-07-23 16:21:59 +08:00"
"网盘资料/第03章.【立创·泰山派】文档手册/【共建】文档附件/【共建】Ubuntu 22.04LTS编译/help.py","local","","local","generated","5489","beb401b6f837059ccec4d9e79e4732ef014200580c4cb65b48cbbce9a2da6a13","2026-07-23 16:21:59 +08:00"
"网盘资料/第03章.【立创·泰山派】文档手册/【下载】镜像烧入.pdf","local","","local","generated","1949742","aaf91c0ee31f6e5314b9f59b6f1a95109ca1afeff32f9ee87c800c71e8314551","2026-07-23 16:21:55 +08:00"
"网盘资料/第03章.【立创·泰山派】文档手册/【硬件】IO口分配表.xlsx","local","","local","generated","14493","efc52efce7f8a348bb808c9b0b92b29235d4383048fd72bdfc9a4ce615494224","2026-07-23 16:21:56 +08:00"
"网盘资料/第03章.【立创·泰山派】文档手册/【硬件】手册.pdf","local","","local","generated","10707693","a4bb3c1ebcfe753743571006b5e4c1d243bc38c920ac388e271b024e18f88e5b","2026-07-23 16:21:58 +08:00"
"网盘资料/第03章.【立创·泰山派】文档手册/必读.txt","local","","local","generated","224","9e7be27e7c2f3721310400f7cbd3302e5e9b1663b1a7ebb682c10502a59569f7","2026-07-23 16:21:56 +08:00"
"网盘资料/第05章.【立创·泰山派】系统SDK/【SDK】Linux-kernel6.1/ProPrj_立创开发板3.1寸MIPI屏幕扩展板.epro","local","","local","generated","361393","331fdb00ec2b5abe22fe71cf11c69bc80ffd6876cbccd41ee0bdd13b01884cc5","2026-07-26 17:18:41 +08:00"
"网盘资料/第05章.【立创·泰山派】系统SDK/【SDK】Linux-kernel6.1/tSpi-1M-lInux-kernel6.1-sdk-20260403/extract_sdk.sh","local","","local","generated","3435","7eac13189e4704025697f5230c93300bdfb6eb5df9fb6cd707043a5f69c755fb","2026-07-26 13:59:52 +08:00"
"网盘资料/第05章.【立创·泰山派】系统SDK/【SDK】Linux-kernel6.1/tSpi-1M-lInux-kernel6.1-sdk-20260403/file_checksums.sha256","local","","local","generated","417434","f1f06f21e3ef2522e58c777177c74d24221512e0eb8f15d6def4dd3661c478a2","2026-07-26 13:59:51 +08:00"
"网盘资料/第05章.【立创·泰山派】系统SDK/【SDK】Linux-kernel6.1/tSpi-1M-lInux-kernel6.1-sdk-20260403/file_list.txt","local","","local","generated","215936","83b183cea80c965aa2d55f691b3775684a8b55591f02a19a7a99880a75383c8c","2026-07-26 13:59:51 +08:00"
"网盘资料/第05章.【立创·泰山派】系统SDK/【SDK】Linux-kernel6.1/tSpi-1M-lInux-kernel6.1-sdk-20260403/PACKAGE_REPORT.txt","local","","local","generated","1510","18533ac5230377613b5869e96f6e4e55a38a09294d7da408119211a0e4a57508","2026-07-26 13:59:51 +08:00"
"网盘资料/第05章.【立创·泰山派】系统SDK/【SDK】Linux-kernel6.1/tSpi-1M-lInux-kernel6.1-sdk-20260403/packaging.log","local","","local","generated","2340","63f8c9756c943b3998943d803773db61498d46d80435c90f8198b9f8ca470a71","2026-07-26 13:59:52 +08:00"
"网盘资料/第05章.【立创·泰山派】系统SDK/【SDK】Linux-kernel6.1/tSpi-1M-lInux-kernel6.1-sdk-20260403/QUICK_START.txt","local","","local","generated","259","528c887bf0d63fbdd265752afe27038e23f8b63f223eaeb60e1a5025e204fccc","2026-07-26 13:59:52 +08:00"
"网盘资料/第05章.【立创·泰山派】系统SDK/【SDK】Linux-kernel6.1/tSpi-1M-lInux-kernel6.1-sdk-20260403/README.md","local","","local","generated","2486","34a8b29c728b8c78848461a175cf6b754c2abf884b9d40016987cb41d4f15ce2","2026-07-26 13:59:52 +08:00"
"网盘资料/第05章.【立创·泰山派】系统SDK/【SDK】Linux-kernel6.1/tSpi-1M-lInux-kernel6.1-sdk-20260403/rk3566_linux_sdk_20260403.tar.xz.part.00","local","","local","generated","2147483648","6fba4faca063d5716deafe0cc1ec3c7a8014f2bf14080a7b05ce8df434b5122f","2026-07-26 16:50:04 +08:00"
"网盘资料/第05章.【立创·泰山派】系统SDK/【SDK】Linux-kernel6.1/tSpi-1M-lInux-kernel6.1-sdk-20260403/rk3566_linux_sdk_20260403.tar.xz.part.01","local","","local","generated","2147483648","148d5333c7412dab09e14d4144aab209af06bc4165915dfee50cc99f4e31a851","2026-07-26 15:01:37 +08:00"
"网盘资料/第05章.【立创·泰山派】系统SDK/【SDK】Linux-kernel6.1/tSpi-1M-lInux-kernel6.1-sdk-20260403/rk3566_linux_sdk_20260403.tar.xz.part.02","local","","local","generated","2147483648","a98a8fb3a3ba4c2f242ae7575c85965f7bc008dceb13126c1a5f65c7c4f6808a","2026-07-26 18:12:06 +08:00"
"网盘资料/第05章.【立创·泰山派】系统SDK/【SDK】Linux-kernel6.1/tSpi-1M-lInux-kernel6.1-sdk-20260403/rk3566_linux_sdk_20260403.tar.xz.part.03","local","","local","generated","2147483648","183753f5088f4e5f39da293f30d6431d2e543c3231f5780bbf2e1210ae3f2283","2026-07-26 14:51:43 +08:00"
"网盘资料/第05章.【立创·泰山派】系统SDK/【SDK】Linux-kernel6.1/tSpi-1M-lInux-kernel6.1-sdk-20260403/rk3566_linux_sdk_20260403.tar.xz.part.04","local","","local","generated","2147483648","4231af40d598b6f3b626f9b968d12b38f6a50350cd311e3cb4deca52739cbef8","2026-07-26 16:11:01 +08:00"
"网盘资料/第05章.【立创·泰山派】系统SDK/【SDK】Linux-kernel6.1/tSpi-1M-lInux-kernel6.1-sdk-20260403/rk3566_linux_sdk_20260403.tar.xz.part.05","local","","local","generated","2147483648","9883285a93d77c09e3e1ac1ec30c1993137b9c99a1a5bf7bc63fca9407507d59","2026-07-26 15:36:24 +08:00"
"网盘资料/第05章.【立创·泰山派】系统SDK/【SDK】Linux-kernel6.1/tSpi-1M-lInux-kernel6.1-sdk-20260403/rk3566_linux_sdk_20260403.tar.xz.part.06","local","","local","generated","2147483648","f84c5801645c4dd3d7b8f3682cb96a9288592c3746b5d35855da23993a51a77d","2026-07-26 16:30:02 +08:00"
"网盘资料/第05章.【立创·泰山派】系统SDK/【SDK】Linux-kernel6.1/tSpi-1M-lInux-kernel6.1-sdk-20260403/rk3566_linux_sdk_20260403.tar.xz.part.07","local","","local","generated","2147483648","589f0f4db5ca49b05ce6c4ca28462828a4f14f706d6232de266c4bb4d0b9c1bc","2026-07-26 17:01:45 +08:00"
"网盘资料/第05章.【立创·泰山派】系统SDK/【SDK】Linux-kernel6.1/tSpi-1M-lInux-kernel6.1-sdk-20260403/rk3566_linux_sdk_20260403.tar.xz.part.08","local","","local","generated","2147483648","f00cc1421f0c988b4876b48c8a5c5f08da663bbf72914765ba30c58969e40dc4","2026-07-26 17:18:37 +08:00"
"网盘资料/第05章.【立创·泰山派】系统SDK/【SDK】Linux-kernel6.1/tSpi-1M-lInux-kernel6.1-sdk-20260403/rk3566_linux_sdk_20260403.tar.xz.part.09","local","","local","generated","2147483648","201706dd6c890397d09284d57f432dfb120f998c5234af97534664fef306a92b","2026-07-26 17:48:24 +08:00"
"网盘资料/第05章.【立创·泰山派】系统SDK/【SDK】Linux-kernel6.1/tSpi-1M-lInux-kernel6.1-sdk-20260403/rk3566_linux_sdk_20260403.tar.xz.part.10","local","","local","generated","2147483648","b6caf0544be91559802fb6d2e65ddfde3f8519fb972feca06047bf915a9d2336","2026-07-26 17:47:31 +08:00"
"网盘资料/第05章.【立创·泰山派】系统SDK/【SDK】Linux-kernel6.1/tSpi-1M-lInux-kernel6.1-sdk-20260403/rk3566_linux_sdk_20260403.tar.xz.part.11","local","","local","generated","1941583384","08e7515f36502edbb7e9dd4ed1575033fd9e07c14743264795f7376fc0fb9365","2026-07-26 17:56:01 +08:00"
"网盘资料/第05章.【立创·泰山派】系统SDK/【SDK】Linux-kernel6.1/tSpi-1M-lInux-kernel6.1-sdk-20260403/sdk_parts_checksums.md5","local","","local","generated","900","a2f232900c3514f95f72651ab54714939a6100917631fa85f6a72ba8e58e5b86","2026-07-26 17:18:39 +08:00"
"网盘资料/第05章.【立创·泰山派】系统SDK/【SDK】Linux-kernel6.1/tSpi-1M-lInux-kernel6.1-sdk-20260403/sdk_parts_checksums.sha256","local","","local","generated","1284","eab006c9586b218edbee5e3c1a7d758b1497e1cd685aa0d5f234f341408b60a0","2026-07-26 17:18:40 +08:00"
"网盘资料/第05章.【立创·泰山派】系统SDK/【SDK】Linux-kernel6.1/扩展板fpc排线.zip","local","","local","generated","184208","be0fa6965b16fdbdb919a4462910ba3c0caf125d5d4a69b4a2de17e4fbb1c7f6","2026-07-26 17:18:41 +08:00"
"网盘资料/第06章.【立创·泰山派】系统镜像/kernel6.1/【镜像】Buildroot-kernel6.1/buildroot_kernel6.1_img/tspi-1m-kernel6.1-buildroot-hdmi-20260320.img","local","","local","generated","1064036938","522ea236b200f0719c7195215dc5419c63ea0cc4749921c59eada71ad74400e2","2026-07-23 17:10:51 +08:00"
"网盘资料/第06章.【立创·泰山派】系统镜像/kernel6.1/【镜像】Debian12/debian_kernel6.1_img/tspi-1m-kernel6.1-debian-3.1inch-mipi-20260331.img","local","","local","generated","4787677770","9d20e2b33ccac515ac9206d6a91069fc7b0933d72baa59756ba09e63282318cf","2026-07-26 17:03:44 +08:00"
"网盘资料/第07章.【立创·泰山派】开发工具/7z2201-x64.exe","local","","local","generated","1575742","b055fee85472921575071464a97a79540e489c1c3a14b9bdfbdbab60e17f36e4","2026-07-23 16:22:32 +08:00"
"网盘资料/第07章.【立创·泰山派】开发工具/DriverAssitant_v5.11.zip","local","","local","generated","9813168","d9c020c544bf449b2114ace11678e8d2f532f88954239f82a8552ea7252cfd63","2026-07-23 16:31:40 +08:00"
"网盘资料/第07章.【立创·泰山派】开发工具/DriverAssitant_v5.11/DriverAssitant_v5.1.1/ADBDriver/amd64/NOTICE.txt","local","","local","generated","236","a19b767b9ddda7306c78232e4a223d0ba966471b74dce3c0c995307cab5bf7b7","2014-09-16 04:08:42 +08:00"
"网盘资料/第07章.【立创·泰山派】开发工具/DriverAssitant_v5.11/DriverAssitant_v5.1.1/ADBDriver/amd64/WdfCoInstaller01009.dll","local","","local","generated","1721576","18487b4ff94edccc98ed59d9fca662d4a1331c5f1e14df8db3093256dd9f1c3e","2014-09-16 04:08:42 +08:00"
"网盘资料/第07章.【立创·泰山派】开发工具/DriverAssitant_v5.11/DriverAssitant_v5.1.1/ADBDriver/amd64/winusbcoinstaller2.dll","local","","local","generated","1002728","981a17effddbc20377512ddaec9f22c2b7067e17a3e2a8ccf82bb7bb7b2420b6","2014-09-16 04:08:42 +08:00"
"网盘资料/第07章.【立创·泰山派】开发工具/DriverAssitant_v5.11/DriverAssitant_v5.1.1/ADBDriver/amd64/WUDFUpdate_01009.dll","local","","local","generated","2152176","015f26bbcd619a0b67b5eaa985b69582bac27d5cbca99ce747a76532fcde4aff","2014-09-16 04:08:42 +08:00"
"网盘资料/第07章.【立创·泰山派】开发工具/DriverAssitant_v5.11/DriverAssitant_v5.1.1/ADBDriver/android_winusb.inf","local","","local","generated","3176","8930b68964456af9521ea6542e2f7fc2fd3fdfd7d069088bc8549c26a54a300a","2018-12-18 16:05:40 +08:00"
"网盘资料/第07章.【立创·泰山派】开发工具/DriverAssitant_v5.11/DriverAssitant_v5.1.1/ADBDriver/androidwinusb86.cat","local","","local","generated","26687","95a2ae2e04db41845ca27eeb8fbb857281ac3e6d876cf90a8684b900ec75da75","2018-12-19 10:28:02 +08:00"
"网盘资料/第07章.【立创·泰山派】开发工具/DriverAssitant_v5.11/DriverAssitant_v5.1.1/ADBDriver/androidwinusba64.cat","local","","local","generated","26575","8997b012b13161978d9b447b665f6ca431a47cdfb4b3caa6496a1f7c5a2e6e23","2018-12-19 10:28:04 +08:00"
"网盘资料/第07章.【立创·泰山派】开发工具/DriverAssitant_v5.11/DriverAssitant_v5.1.1/ADBDriver/i386/NOTICE.txt","local","","local","generated","236","a19b767b9ddda7306c78232e4a223d0ba966471b74dce3c0c995307cab5bf7b7","2014-09-16 04:08:42 +08:00"
"网盘资料/第07章.【立创·泰山派】开发工具/DriverAssitant_v5.11/DriverAssitant_v5.1.1/ADBDriver/i386/WdfCoInstaller01009.dll","local","","local","generated","1461992","7a6bf1f950684381205c717a51af2d9c81b203cb1f3db0006a4602e2df675c77","2014-09-16 04:08:42 +08:00"
"网盘资料/第07章.【立创·泰山派】开发工具/DriverAssitant_v5.11/DriverAssitant_v5.1.1/ADBDriver/i386/winusbcoinstaller2.dll","local","","local","generated","851176","ebe3b7708dd974ee87efed3113028d266af87ca8dbae77c47c6f7612824d3d6c","2014-09-16 04:08:42 +08:00"
"网盘资料/第07章.【立创·泰山派】开发工具/DriverAssitant_v5.11/DriverAssitant_v5.1.1/ADBDriver/i386/WUDFUpdate_01009.dll","local","","local","generated","1837296","a902bb3bff785faaeb6432be76f798627a80b2cc45441e16440e46e6d7340f2c","2014-09-16 04:08:42 +08:00"
"网盘资料/第07章.【立创·泰山派】开发工具/DriverAssitant_v5.11/DriverAssitant_v5.1.1/bin/x64/DIFxAPI.dll","local","","local","generated","519232","bf0798d3a4540b15f45c5b329798a2ac532ff693764948b9b4757265e145216e","2009-07-13 19:12:40 +08:00"
"网盘资料/第07章.【立创·泰山派】开发工具/DriverAssitant_v5.11/DriverAssitant_v5.1.1/bin/x64/RKDrvPreinst_x64.exe","local","","local","generated","301056","04bcc6aedb104b38560592b45b86701dbe50b6b061237bc1f9b0bcff786f2832","2019-02-01 15:33:58 +08:00"
"网盘资料/第07章.【立创·泰山派】开发工具/DriverAssitant_v5.11/DriverAssitant_v5.1.1/bin/x86/DIFxAPI.dll","local","","local","generated","323648","34998dc12e70cd7ddbf9a190ee52835dbe73488eab37c0be7916e0931a754feb","2009-07-13 18:47:06 +08:00"
"网盘资料/第07章.【立创·泰山派】开发工具/DriverAssitant_v5.11/DriverAssitant_v5.1.1/bin/x86/RKDrvPreinst_x86.exe","local","","local","generated","245248","86d87fcb2fb1173a18e498bac18d7f0cdc20dd1405a0ec3f6377bc85004ea3d7","2019-02-01 15:33:12 +08:00"
"网盘资料/第07章.【立创·泰山派】开发工具/DriverAssitant_v5.11/DriverAssitant_v5.1.1/config.ini","local","","local","generated","246","3c1aadda775825eafecff1d704078626d678a2c62046b6f9f8dd5469114ac083","2014-06-03 15:38:28 +08:00"
"网盘资料/第07章.【立创·泰山派】开发工具/DriverAssitant_v5.11/DriverAssitant_v5.1.1/Driver/x64/win10/rockusb.cat","local","","local","generated","20872","54f6fef3d13694450de7271492f088ef3c26f227ccf549d5411c1ab48fe48a41","2020-11-09 19:39:56 +08:00"
"网盘资料/第07章.【立创·泰山派】开发工具/DriverAssitant_v5.11/DriverAssitant_v5.1.1/Driver/x64/win10/rockusb.inf","local","","local","generated","18049","6d2b6dbbe7a679b45bb2040f196c1b9855ee49897eb2a9463e3b7b7d3d005ea7","2020-11-10 10:51:28 +08:00"
"网盘资料/第07章.【立创·泰山派】开发工具/DriverAssitant_v5.11/DriverAssitant_v5.1.1/Driver/x64/win10/rockusb.sys","local","","local","generated","47328","42d4a476b82b4ebb8f901bc2be36c8b4a731ff2821490415f62ba6d9dca3e7b6","2020-11-09 19:39:58 +08:00"
"网盘资料/第07章.【立创·泰山派】开发工具/DriverAssitant_v5.11/DriverAssitant_v5.1.1/Driver/x64/win7/rockusb.cat","local","","local","generated","23785","8d58531bb79c5918852d1532c1fa8695ad253d182652738e73104199a19f95ec","2020-11-10 11:10:42 +08:00"
"网盘资料/第07章.【立创·泰山派】开发工具/DriverAssitant_v5.11/DriverAssitant_v5.1.1/Driver/x64/win7/rockusb.inf","local","","local","generated","18049","6d2b6dbbe7a679b45bb2040f196c1b9855ee49897eb2a9463e3b7b7d3d005ea7","2020-11-10 10:53:10 +08:00"
"网盘资料/第07章.【立创·泰山派】开发工具/DriverAssitant_v5.11/DriverAssitant_v5.1.1/Driver/x64/win7/rockusb.sys","local","","local","generated","37872","708fdc3db4c32750b6b80fe24d9c31bfd0d1a27ad59020204b7ebeb0373aeced","2020-11-10 11:10:44 +08:00"
"网盘资料/第07章.【立创·泰山派】开发工具/DriverAssitant_v5.11/DriverAssitant_v5.1.1/Driver/x64/win8/rockusb.cat","local","","local","generated","23866","f993657c30e2992b3d563c576c793ec70c7c81535df22c6531b5d46124cb0e0b","2020-11-10 11:10:44 +08:00"
"网盘资料/第07章.【立创·泰山派】开发工具/DriverAssitant_v5.11/DriverAssitant_v5.1.1/Driver/x64/win8/rockusb.inf","local","","local","generated","18049","6d2b6dbbe7a679b45bb2040f196c1b9855ee49897eb2a9463e3b7b7d3d005ea7","2020-11-10 10:52:36 +08:00"
"网盘资料/第07章.【立创·泰山派】开发工具/DriverAssitant_v5.11/DriverAssitant_v5.1.1/Driver/x64/win8/rockusb.sys","local","","local","generated","37872","6e5154149293927aaf98820af29ec67a0a97fb2a48b8f6696101601021243a95","2020-11-10 11:10:44 +08:00"
"网盘资料/第07章.【立创·泰山派】开发工具/DriverAssitant_v5.11/DriverAssitant_v5.1.1/Driver/x64/win81/rockusb.cat","local","","local","generated","23874","c0e150b7407ebc220af29c90bc93c72171d70a92758ed421ed0b902cb7f4c2f3","2020-11-10 11:10:44 +08:00"
"网盘资料/第07章.【立创·泰山派】开发工具/DriverAssitant_v5.11/DriverAssitant_v5.1.1/Driver/x64/win81/rockusb.inf","local","","local","generated","18049","6d2b6dbbe7a679b45bb2040f196c1b9855ee49897eb2a9463e3b7b7d3d005ea7","2020-11-10 10:52:08 +08:00"
"网盘资料/第07章.【立创·泰山派】开发工具/DriverAssitant_v5.11/DriverAssitant_v5.1.1/Driver/x64/win81/rockusb.sys","local","","local","generated","37872","ccbf13af0b2d96d38a9d03ab3ce7c8d7eff3765887da2b09958dbc8b29099635","2020-11-10 11:10:46 +08:00"
"网盘资料/第07章.【立创·泰山派】开发工具/DriverAssitant_v5.11/DriverAssitant_v5.1.1/Driver/x86/win10/rockusb.cat","local","","local","generated","20838","0ea9c8b2348015f786ded9dd698a7e72ee99a6d287b7db99698eee4adbc374ad","2020-11-09 19:35:20 +08:00"
"网盘资料/第07章.【立创·泰山派】开发工具/DriverAssitant_v5.11/DriverAssitant_v5.1.1/Driver/x86/win10/rockusb.inf","local","","local","generated","18049","6d2b6dbbe7a679b45bb2040f196c1b9855ee49897eb2a9463e3b7b7d3d005ea7","2020-11-10 10:54:18 +08:00"
"网盘资料/第07章.【立创·泰山派】开发工具/DriverAssitant_v5.11/DriverAssitant_v5.1.1/Driver/x86/win10/rockusb.sys","local","","local","generated","40160","c6fe9cafc4f739cc3468ccc8ecc2cc747590e76513450f9103a5ae941b01cb23","2020-11-09 19:35:20 +08:00"
"网盘资料/第07章.【立创·泰山派】开发工具/DriverAssitant_v5.11/DriverAssitant_v5.1.1/Driver/x86/win7/rockusb.cat","local","","local","generated","23785","a6f5b2196159cfb95ab89b3c5d45228da7d76379e2f5c32925f8a6aac07da97c","2020-11-10 11:10:46 +08:00"
"网盘资料/第07章.【立创·泰山派】开发工具/DriverAssitant_v5.11/DriverAssitant_v5.1.1/Driver/x86/win7/rockusb.inf","local","","local","generated","18049","6d2b6dbbe7a679b45bb2040f196c1b9855ee49897eb2a9463e3b7b7d3d005ea7","2020-11-10 10:55:48 +08:00"
"网盘资料/第07章.【立创·泰山派】开发工具/DriverAssitant_v5.11/DriverAssitant_v5.1.1/Driver/x86/win7/rockusb.sys","local","","local","generated","30704","760edb4c18a364a0de6686b78ae02199fc3acd7272a2d57d137b4d020cbea768","2020-11-10 11:10:46 +08:00"
"网盘资料/第07章.【立创·泰山派】开发工具/DriverAssitant_v5.11/DriverAssitant_v5.1.1/Driver/x86/win8/rockusb.cat","local","","local","generated","23866","154358e5b6ea33eed80ea3cc1f01f2785531c1f0aa660f657ad5d0fad0126f0e","2020-11-10 11:10:46 +08:00"
"网盘资料/第07章.【立创·泰山派】开发工具/DriverAssitant_v5.11/DriverAssitant_v5.1.1/Driver/x86/win8/rockusb.inf","local","","local","generated","18049","6d2b6dbbe7a679b45bb2040f196c1b9855ee49897eb2a9463e3b7b7d3d005ea7","2020-11-10 10:55:16 +08:00"
"网盘资料/第07章.【立创·泰山派】开发工具/DriverAssitant_v5.11/DriverAssitant_v5.1.1/Driver/x86/win8/rockusb.sys","local","","local","generated","30704","0c10e045350ce754c158dd1456a44c1cd9c7ecc4bb3897f8fb08cdbef1bf7742","2020-11-10 11:10:46 +08:00"
"网盘资料/第07章.【立创·泰山派】开发工具/DriverAssitant_v5.11/DriverAssitant_v5.1.1/Driver/x86/win81/rockusb.cat","local","","local","generated","23866","9692649d91aeec18ad6a632ad951b8deb68be8e0c6f31c38a532826d23a3f3fb","2020-11-10 11:10:46 +08:00"
"网盘资料/第07章.【立创·泰山派】开发工具/DriverAssitant_v5.11/DriverAssitant_v5.1.1/Driver/x86/win81/rockusb.inf","local","","local","generated","18049","6d2b6dbbe7a679b45bb2040f196c1b9855ee49897eb2a9463e3b7b7d3d005ea7","2020-11-10 10:54:48 +08:00"
"网盘资料/第07章.【立创·泰山派】开发工具/DriverAssitant_v5.11/DriverAssitant_v5.1.1/Driver/x86/win81/rockusb.sys","local","","local","generated","30704","d6d9be1f6d66530114aa16605025bfcfe8920f58646e5e9460f390fb76ddc6f2","2020-11-10 11:10:48 +08:00"
"网盘资料/第07章.【立创·泰山派】开发工具/DriverAssitant_v5.11/DriverAssitant_v5.1.1/Driver/x86/xp/DriverCoInstaller.dll","local","","local","generated","118784","0d025495809b2688145e07e58ba44137d8807d114d1eb58e1bed42a7208e75d7","2011-08-23 16:02:16 +08:00"
"网盘资料/第07章.【立创·泰山派】开发工具/DriverAssitant_v5.11/DriverAssitant_v5.1.1/Driver/x86/xp/rockusb.cat","local","","local","generated","11120","410ebb87f09ee3496409f6cb539a3eb883711c8e0f79d63a647bf6cba7b4844e","2020-11-10 10:57:28 +08:00"
"网盘资料/第07章.【立创·泰山派】开发工具/DriverAssitant_v5.11/DriverAssitant_v5.1.1/Driver/x86/xp/rockusb.inf","local","","local","generated","18049","6d2b6dbbe7a679b45bb2040f196c1b9855ee49897eb2a9463e3b7b7d3d005ea7","2020-11-10 10:55:48 +08:00"
"网盘资料/第07章.【立创·泰山派】开发工具/DriverAssitant_v5.11/DriverAssitant_v5.1.1/Driver/x86/xp/rockusb.sys","local","","local","generated","19072","e77a3cccc9d18b90c37abb19fff43a3aebddf96ea8f0a1011e6b636eae0f57c5","2018-09-27 15:26:22 +08:00"
"网盘资料/第07章.【立创·泰山派】开发工具/DriverAssitant_v5.11/DriverAssitant_v5.1.1/DriverInstall.exe","local","","local","generated","501760","4719964a651dc8c621779e820ac8455707374253d567c4a92d537fbc54e1fd0d","2020-11-10 14:15:22 +08:00"
"网盘资料/第07章.【立创·泰山派】开发工具/DriverAssitant_v5.11/DriverAssitant_v5.1.1/Log/Log2026-07-23.txt","local","","local","generated","1078","bb433c1f42b8cb31c2e1f7e43e8d4685b37fa7b78204cb1085dbe3fe584059c8","2026-07-23 20:02:09 +08:00"
"网盘资料/第07章.【立创·泰山派】开发工具/DriverAssitant_v5.11/DriverAssitant_v5.1.1/Readme.txt","local","","local","generated","413","0518161f163a63d320441059d54780657db3f9270479d1e685522f158cc86a4b","2018-01-31 17:44:22 +08:00"
"网盘资料/第07章.【立创·泰山派】开发工具/EfuseTool_v1.42.zip","local","","local","generated","731921","abb81d072ad6a7cec31d7a7c5a3f72d9bfe57544ee4d8715e4c031b4bd780fc9","2026-07-23 16:22:32 +08:00"
"网盘资料/第07章.【立创·泰山派】开发工具/FactoryTool-1.71.200.rar","local","","local","generated","1038912","b118941b8888355c6d30f7dd80b8be774d6ad75cd43b883a47f2d8cd1cc795e9","2026-07-23 16:22:33 +08:00"
"网盘资料/第07章.【立创·泰山派】开发工具/Linux_Pack_Firmware.zip","local","","local","generated","1987732","1b8d75724b1fe18f90769ee2b32de20e2b88f793c34ac26d7cc5671d2c28a052","2026-07-23 16:22:34 +08:00"
"网盘资料/第07章.【立创·泰山派】开发工具/Linux_Upgrade_Tool_v1.65.zip","local","","local","generated","2640232","0f1297236f43a607dfc44ab38f66948ea5891d564d5f31fe9331a7bb5e477d4a","2026-07-23 16:25:16 +08:00"
"网盘资料/第07章.【立创·泰山派】开发工具/Linux_Upgrade_Tool_v2.1.zip","local","","local","generated","2387520","9933b6df351b666c107a9f5c4589cf9f047bc6a59893e637158c8f5352e74cf9","2026-07-23 16:25:00 +08:00"
"网盘资料/第07章.【立创·泰山派】开发工具/MobaXterm_Portable_v20.3.zip","local","","local","generated","26102254","5c4c6f3098c3e802657b27ff4e56eda8af7d33830450be8d3c950d3469388439","2026-07-23 16:25:23 +08:00"
"网盘资料/第07章.【立创·泰山派】开发工具/MobaXterm_Portable_v20.3/CygUtils.plugin","local","","local","generated","15942848","2280b33b6b9acac2d2c777f48fb326786b8166cd9d614b9434ff3ac970468f6f","2020-05-20 22:06:16 +08:00"
"网盘资料/第07章.【立创·泰山派】开发工具/MobaXterm_Portable_v20.3/MobaXterm backup.zip","local","","local","generated","10573","28e0b85f20b2dac5dd3ae4e2e33ebb06c2f832c0a0ef24398035f959cb9042ca","2026-08-03 18:01:17 +08:00"
"网盘资料/第07章.【立创·泰山派】开发工具/MobaXterm_Portable_v20.3/MobaXterm.ini","local","","local","generated","6083","6a3644454cc43cbecaed2d19b791aec45a1d26980974544c97516c2f36d5954d","2026-08-03 18:01:17 +08:00"
"网盘资料/第07章.【立创·泰山派】开发工具/MobaXterm_Portable_v20.3/MobaXterm_Personal_20.3.exe","local","","local","generated","14442000","93513b739c304079171018663448ae2228c7c9a4a46609328c2d835af9b943a4","2020-06-04 22:30:38 +08:00"
"网盘资料/第07章.【立创·泰山派】开发工具/platform-tools_r33.0.3-linux.zip","local","","local","generated","7505569","ab885c20f1a9cb528eb145b9208f53540efa3d26258ac3ce4363570a0846f8f7","2026-07-23 16:32:26 +08:00"
"网盘资料/第07章.【立创·泰山派】开发工具/platform-tools_r33.0.3-windows.zip","local","","local","generated","5642796","1e59afd40a74c5c0eab0a9fad3f0faf8a674267106e0b19921be9f67081808c2","2026-07-23 16:31:00 +08:00"
"网盘资料/第07章.【立创·泰山派】开发工具/repo工具/2025-07-07/repo","local","","local","generated","44956","64ac114c57bb29feff3750feebfab82654c94e1d44aa37388f6c609cc4b85904","2026-07-23 16:37:53 +08:00"
"网盘资料/第07章.【立创·泰山派】开发工具/RKDevTool_Release_v2.86.zip","local","","local","generated","3213241","f7dd955be11650df1fec16621494c847ff83f65fa3d0f96a150e6e7e6f6a90fc","2026-07-23 16:34:09 +08:00"
"网盘资料/第07章.【立创·泰山派】开发工具/RKDevTool_Release_v2.92(1).zip","local","","local","generated","2745366","432f99cd752706d8afdeadec14fa524890dcb4425ca3096fb7f727a78da070c8","2026-07-23 16:37:48 +08:00"
"网盘资料/第07章.【立创·泰山派】开发工具/RKDevTool_Release_v2.92.zip","local","","local","generated","2745366","432f99cd752706d8afdeadec14fa524890dcb4425ca3096fb7f727a78da070c8","2026-07-23 16:33:58 +08:00"
"网盘资料/第07章.【立创·泰山派】开发工具/RNDIS驱动.rar","local","","local","generated","11693","ddf25335fcdb50b9360b3d3f3b7e59adfe3daf366ad741269e5cf1dcce383260","2026-07-23 16:31:41 +08:00"
"网盘资料/第07章.【立创·泰山派】开发工具/scrcpy-win64-v2.3.1.zip","local","","local","generated","6048800","f1f78ac98214078425804e524a1bed515b9d4b8a05b78d210a4ced2b910b262d","2026-07-23 16:36:17 +08:00"
"网盘资料/第07章.【立创·泰山派】开发工具/SDCardFormatterv5_WinEN.zip","local","","local","generated","6319151","4a3e7018af14681100c17d0e71464113a2f4dd4bc6eaa45b8aeed4ce6c67bfba","2026-07-23 16:37:52 +08:00"
"网盘资料/第07章.【立创·泰山派】开发工具/SDDiskTool_v1.7.zip","local","","local","generated","486838","2470f6344688d92820b9e5ea2aff824e03bdff655e735271871fb3362881b6af","2026-07-23 16:33:33 +08:00"
"网盘资料/第07章.【立创·泰山派】开发工具/SecureBootTool_v2.2.zip","local","","local","generated","3011296","24f6accf45bd48e76290d096dbc1d2af228aacb369768bb54b414622d073aebd","2026-07-23 16:37:08 +08:00"
"网盘资料/第07章.【立创·泰山派】开发工具/upgrade_tool_v2.3_mac.zip","local","","local","generated","474878","98dc1d556cc0c4de3f9f3863a6f2da5617d22543fc764697b1775cd5c144f91c","2026-07-23 16:34:30 +08:00"
"网盘资料/第07章.【立创·泰山派】开发工具/usb_driver_r13-windows.zip","local","","local","generated","8682039","360b01d3dfb6c41621a3a64ae570dfac2c9a40cca1b5a1f136ae90d02f5e9e0b","2026-07-23 16:40:06 +08:00"
"网盘资料/第07章.【立创·泰山派】开发工具/USB转串口驱动-CH340.zip","local","","local","generated","183443","14f092d9423c251bcc205dd9efae60fceb6d2f316e660b12a55aa85cda917f28","2026-07-23 16:37:09 +08:00"
"网盘资料/第07章.【立创·泰山派】开发工具/win32diskimager-1.0.0-install.exe.zip","local","","local","generated","12499461","fd0967c9e0b9ee3df18bd10631ae126e689c23fea962f5fcad5fa7e29c89d377","2026-07-23 16:41:52 +08:00"
"网盘资料/第07章.【立创·泰山派】开发工具/wsl_update_x64.zip","local","","local","generated","16635059","f52634866d6e411de85250da033207b101fbf222d8c637482def1e034a4c4cb6","2026-07-23 16:42:58 +08:00"
"网盘资料/第09章.【立创·泰山派】项目案例/【智能小手机】项目资料/7.手机综合项目/代码补丁/3.1寸大显MIPI补丁.zip","local","","local","generated","13199","1a56e66ff6d53611bfae8cc1950646028d16a8c5e9c2ccf3c451e6a17880dbda","2026-07-29 17:50:24 +08:00"
"网盘资料/第09章.【立创·泰山派】项目案例/【智能小手机】项目资料/7.手机综合项目/代码补丁/3.1寸屏幕背光驱动Linux补丁.zip","local","","local","generated","20435","06314a9f27223a6d29689aa396fd697b6759e2c409b8f31ed292e8e01a45f130","2026-07-29 17:50:24 +08:00"
"网盘资料/第09章.【立创·泰山派】项目案例/【智能小手机】项目资料/7.手机综合项目/代码补丁/3.1寸屏幕背光驱动补丁.zip","local","","local","generated","100931","efe4af575fc70701ab6fa47aff1fd74787f69d1e20a341991bd0789f8ecd7b38","2026-07-29 17:50:24 +08:00"
"网盘资料/第09章.【立创·泰山派】项目案例/【智能小手机】项目资料/7.手机综合项目/代码补丁/3.1寸屏幕触摸Linxu驱动补丁.zip","local","","local","generated","27831","a741e3d4e283d6764e6c6afdf503bf06c417ac67b423e1c20cbe8589dd232d16","2026-07-29 17:50:24 +08:00"
"网盘资料/第09章.【立创·泰山派】项目案例/【智能小手机】项目资料/7.手机综合项目/代码补丁/3.1寸屏幕触摸驱动补丁.zip","local","","local","generated","26845","63d9e9237b892999dd64b16f1cd128ee0b7386fdd86213f85286e5e7898ebd43","2026-07-29 17:50:24 +08:00"
"网盘资料/第09章.【立创·泰山派】项目案例/【智能小手机】项目资料/7.手机综合项目/代码补丁/胖妞手机安卓版代码补丁（默认横屏）.zip","local","","local","generated","32608828","0204deac6c479f0471c349425ce5c7c0e04daaec8cb96eb670a934e38de66164","2026-07-29 17:50:35 +08:00"
"网盘资料/第09章.【立创·泰山派】项目案例/【智能小手机】项目资料/7.手机综合项目/代码补丁/胖妞手机安卓版代码补丁（默认竖屏）.zip","local","","local","generated","40999968","1c6f51475fb3e3a2efbb8dfbc3abb06e06ca2d7eb00eb2bd211993edb21f3b89","2026-07-29 17:50:33 +08:00"
