"fs_id","name","path","is_directory","size_bytes","md5","category","server_mtime"
"684495092568842","第01章.【立创·泰山派】简介","/立创·泰山派开发板资料/第01章.【立创·泰山派】简介","True","0",,"6","1715653033"
"522538489829336","第02章.【立创·泰山派】开源硬件","/立创·泰山派开发板资料/第02章.【立创·泰山派】开源硬件","True","0",,"6","1715653033"
"290345423706617","第03章.【立创·泰山派】文档手册","/立创·泰山派开发板资料/第03章.【立创·泰山派】文档手册","True","0",,"6","1724934910"
"285926541608897","第04章.【立创·泰山派】参考资料","/立创·泰山派开发板资料/第04章.【立创·泰山派】参考资料","True","0",,"6","1724904548"
"644813591668853","第05章.【立创·泰山派】系统SDK","/立创·泰山派开发板资料/第05章.【立创·泰山派】系统SDK","True","0",,"6","1775123017"
"46876711289868","第06章.【立创·泰山派】系统镜像","/立创·泰山派开发板资料/第06章.【立创·泰山派】系统镜像","True","0",,"6","1779250164"
"940278327144189","第07章.【立创·泰山派】开发工具","/立创·泰山派开发板资料/第07章.【立创·泰山派】开发工具","True","0",,"6","1751851760"
"1093964871412530","第08章.【立创·泰山派】模块移植","/立创·泰山派开发板资料/第08章.【立创·泰山派】模块移植","True","0",,"6","1715653033"
"1016980975787378","第09章.【立创·泰山派】项目案例","/立创·泰山派开发板资料/第09章.【立创·泰山派】项目案例","True","0",,"6","1716977984"
"869349509794766","第11章.【立创·泰山派】常见问题","/立创·泰山派开发板资料/第11章.【立创·泰山派】常见问题","True","0",,"6","1725263598"
"499541322268538","第12章.【立创·泰山派】训练营活动","/立创·泰山派开发板资料/第12章.【立创·泰山派】训练营活动","True","0",,"6","1715653033"
"186123531732130","立创·泰山派开发板简介.pdf","/立创·泰山派开发板资料/第01章.【立创·泰山派】简介/立创·泰山派开发板简介.pdf","False","6997201","94daee146m4020b97c419e49dc0515f5","4","1715653033"
"880939970025104","立创·泰山派开发板39Pin_Hub2.0_以太网扩展板","/立创·泰山派开发板资料/第02章.【立创·泰山派】开源硬件/立创·泰山派开发板39Pin_Hub2.0_以太网扩展板","True","0",,"6","1715653033"
"487456707502709","立创·泰山派开发板CNC外壳A版","/立创·泰山派开发板资料/第02章.【立创·泰山派】开源硬件/立创·泰山派开发板CNC外壳A版","True","0",,"6","1715653033"
"720728163328404","立创·泰山派开发板电源PD诱骗小板","/立创·泰山派开发板资料/第02章.【立创·泰山派】开源硬件/立创·泰山派开发板电源PD诱骗小板","True","0",,"6","1734490304"
"643188686693959","立创·泰山派开发板项目工程","/立创·泰山派开发板资料/第02章.【立创·泰山派】开源硬件/立创·泰山派开发板项目工程","True","0",,"6","1715653033"
"780408385684896","立创·泰山派开发板音频小板","/立创·泰山派开发板资料/第02章.【立创·泰山派】开源硬件/立创·泰山派开发板音频小板","True","0",,"6","1715653033"
"1120759677177663","【共建】文档附件","/立创·泰山派开发板资料/第03章.【立创·泰山派】文档手册/【共建】文档附件","True","0",,"6","1754984746"
"55472869897871","【Android】系统SDK编译.pdf","/立创·泰山派开发板资料/第03章.【立创·泰山派】文档手册/【Android】系统SDK编译.pdf","False","1364695","821a546ccp7d4f2054112a631283b44a","4","1715653033"
"946771975969022","【Android】系统使用文档.pdf","/立创·泰山派开发板资料/第03章.【立创·泰山派】文档手册/【Android】系统使用文档.pdf","False","39858138","a2696457dp5984fb1e76d49654909dd5","4","1715653033"
"1105236760515784","【Buildroot】系统使用文档.pdf","/立创·泰山派开发板资料/第03章.【立创·泰山派】文档手册/【Buildroot】系统使用文档.pdf","False","19622825","965e16511l9d3c45161ddcdf62bf84ff","4","1715653033"
"860267914510488","【Docker】编译环境搭建.pdf","/立创·泰山派开发板资料/第03章.【立创·泰山派】文档手册/【Docker】编译环境搭建.pdf","False","879416","77293c716o96d7ec8446dc476ed5e53a","4","1715653033"
"542808036487290","【Linux】系统SDK编译.pdf","/立创·泰山派开发板资料/第03章.【立创·泰山派】文档手册/【Linux】系统SDK编译.pdf","False","1501707","a11d47780k51c516c1d2da4812f08f8e","4","1715653033"
"467017238799831","【工具】ADB安装与使用.pdf","/立创·泰山派开发板资料/第03章.【立创·泰山派】文档手册/【工具】ADB安装与使用.pdf","False","1732119","b1121f23eqdabad43032b974d1afc6da","4","1715653033"
"754446374775288","【工具】调试工具使用.pdf","/立创·泰山派开发板资料/第03章.【立创·泰山派】文档手册/【工具】调试工具使用.pdf","False","1098199","b7d5bfa15qf78f210c38769bcd612840","4","1715653033"
"563228131235226","【工具】虚拟机安装.pdf","/立创·泰山派开发板资料/第03章.【立创·泰山派】文档手册/【工具】虚拟机安装.pdf","False","2190819","d14937ba9mb34e034d0421983b4ee4f3","4","1715653033"
"780225833237826","【下载】镜像烧入.pdf","/立创·泰山派开发板资料/第03章.【立创·泰山派】文档手册/【下载】镜像烧入.pdf","False","1949742","73733224ch7077ade9ae4d8d44340607","4","1715653033"
"413055423426862","【硬件】IO口分配表.xlsx","/立创·泰山派开发板资料/第03章.【立创·泰山派】文档手册/【硬件】IO口分配表.xlsx","False","14493","73eb888cao94e9f48f6b44dc5ddd533b","4","1715653033"
"832388456584121","【硬件】手册.pdf","/立创·泰山派开发板资料/第03章.【立创·泰山派】文档手册/【硬件】手册.pdf","False","10707693","0ef09bc44s5e8bed203b7b2af78784b4","4","1715653033"
"652056480527758","必读.txt","/立创·泰山派开发板资料/第03章.【立创·泰山派】文档手册/必读.txt","False","224","36d842a7bnb327bf1c9cff32ad1aec23","4","1724934910"
"200316095722678","ScreenParameter","/立创·泰山派开发板资料/第04章.【立创·泰山派】参考资料/ScreenParameter","True","0",,"6","1724904548"
"1054883846344123","【瑞芯微】官方资料","/立创·泰山派开发板资料/第04章.【立创·泰山派】参考资料/【瑞芯微】官方资料","True","0",,"6","1715653033"
"425325174701848","【SDK】Android11","/立创·泰山派开发板资料/第05章.【立创·泰山派】系统SDK/【SDK】Android11","True","0",,"6","1775122983"
"740806447959187","【SDK】Android13","/立创·泰山派开发板资料/第05章.【立创·泰山派】系统SDK/【SDK】Android13","True","0",,"6","1775123071"
"126698126072755","【SDK】Linux-kernel4.9","/立创·泰山派开发板资料/第05章.【立创·泰山派】系统SDK/【SDK】Linux-kernel4.9","True","0",,"6","1775123016"
"503834313139270","【SDK】Linux-kernel6.1","/立创·泰山派开发板资料/第05章.【立创·泰山派】系统SDK/【SDK】Linux-kernel6.1","True","0",,"6","1776045102"
"710468025032305","【SDK】Openharmony","/立创·泰山派开发板资料/第05章.【立创·泰山派】系统SDK/【SDK】Openharmony","True","0",,"6","1729649026"
"738122029538895","kernel4.9","/立创·泰山派开发板资料/第06章.【立创·泰山派】系统镜像/kernel4.9","True","0",,"6","1779250142"
"1082540222991993","kernel6.1","/立创·泰山派开发板资料/第06章.【立创·泰山派】系统镜像/kernel6.1","True","0",,"6","1779250164"
"801017379838696","repo工具","/立创·泰山派开发板资料/第07章.【立创·泰山派】开发工具/repo工具","True","0",,"6","1751851773"
"681616329553747","7z2201-x64.exe","/立创·泰山派开发板资料/第07章.【立创·泰山派】开发工具/7z2201-x64.exe","False","1575742","722a0aea2v0b3a2e56565ba82644548e","5","1715653033"
"601334619996408","DriverAssitant_v5.11.zip","/立创·泰山派开发板资料/第07章.【立创·泰山派】开发工具/DriverAssitant_v5.11.zip","False","9813168","98e19649dr72dfb84808b03229439b33","6","1715653033"
"616658214426484","EfuseTool_v1.42.zip","/立创·泰山派开发板资料/第07章.【立创·泰山派】开发工具/EfuseTool_v1.42.zip","False","731921","1c5184b40uf48453cda5dadf00587f68","6","1715653033"
"158629852474996","FactoryTool-1.71.200.rar","/立创·泰山派开发板资料/第07章.【立创·泰山派】开发工具/FactoryTool-1.71.200.rar","False","1038912","780e22a2bv742a882106d69c4aacbb1e","6","1715653033"
"625132720263428","Linux_Pack_Firmware.zip","/立创·泰山派开发板资料/第07章.【立创·泰山派】开发工具/Linux_Pack_Firmware.zip","False","1987732","2f397eae4m09c95dca453da190347db5","6","1715653033"
"1076007591763559","Linux_Upgrade_Tool_v1.65.zip","/立创·泰山派开发板资料/第07章.【立创·泰山派】开发工具/Linux_Upgrade_Tool_v1.65.zip","False","2640232","7a200638dgdbcd5d20478fae36662abe","6","1724900891"
"581196157655666","Linux_Upgrade_Tool_v2.1.zip","/立创·泰山派开发板资料/第07章.【立创·泰山派】开发工具/Linux_Upgrade_Tool_v2.1.zip","False","2387520","e9009bab3vc5afd3e7890cba505c5bdb","6","1715653033"
"795431356933406","MobaXterm_Portable_v20.3.zip","/立创·泰山派开发板资料/第07章.【立创·泰山派】开发工具/MobaXterm_Portable_v20.3.zip","False","26102254","c7d63bc06nde11d1df82cf09668b7fdc","6","1715653033"
"988142164468292","platform-tools_r33.0.3-linux.zip","/立创·泰山派开发板资料/第07章.【立创·泰山派】开发工具/platform-tools_r33.0.3-linux.zip","False","7505569","f52c5dd8fj85ddda4a3952069a595e19","6","1715653033"
"406418064687211","platform-tools_r33.0.3-windows.zip","/立创·泰山派开发板资料/第07章.【立创·泰山派】开发工具/platform-tools_r33.0.3-windows.zip","False","5642796","cb581f61fs3f3228ef894a089624b379","6","1715653033"
"747147022910529","RKDevTool_Release_v2.86.zip","/立创·泰山派开发板资料/第07章.【立创·泰山派】开发工具/RKDevTool_Release_v2.86.zip","False","3213241","1583dc0a6t05cb2b1a6c4c34ba69b30c","6","1715653033"
"420970772026348","RKDevTool_Release_v2.92.zip","/立创·泰山派开发板资料/第07章.【立创·泰山派】开发工具/RKDevTool_Release_v2.92.zip","False","2745366","79e36c990v0c6839be11a58200c72f7e","6","1715653033"
"1093927814452867","RNDIS驱动.rar","/立创·泰山派开发板资料/第07章.【立创·泰山派】开发工具/RNDIS驱动.rar","False","11693","1b7d339b0r18d0d694c165ecc38ee104","6","1715653033"
"1084429683821112","scrcpy-win64-v2.3.1.zip","/立创·泰山派开发板资料/第07章.【立创·泰山派】开发工具/scrcpy-win64-v2.3.1.zip","False","6048800","066f95af4k344588c5c72d3a24729e9e","6","1724930978"
"84005471347013","SDCardFormatterv5_WinEN.zip","/立创·泰山派开发板资料/第07章.【立创·泰山派】开发工具/SDCardFormatterv5_WinEN.zip","False","6319151","f436af662l7dec0f0561a056a3b4a7dc","6","1715653033"
"610681525961615","SDDiskTool_v1.7.zip","/立创·泰山派开发板资料/第07章.【立创·泰山派】开发工具/SDDiskTool_v1.7.zip","False","486838","869538ffasfa35bf234711db32576883","6","1715653033"
"790058091947818","SecureBootTool_v2.2.zip","/立创·泰山派开发板资料/第07章.【立创·泰山派】开发工具/SecureBootTool_v2.2.zip","False","3011296","d83412643m67d05504192292024d56ef","6","1715653033"
"142393451083194","upgrade_tool_v2.3_mac.zip","/立创·泰山派开发板资料/第07章.【立创·泰山派】开发工具/upgrade_tool_v2.3_mac.zip","False","474878","99c4a5080k7465c0cfb00705210c48b9","6","1724900891"
"1118514432747446","usb_driver_r13-windows.zip","/立创·泰山派开发板资料/第07章.【立创·泰山派】开发工具/usb_driver_r13-windows.zip","False","8682039","5778560b9rcf089d5b595a20c3f09318","6","1747994830"
"315972386722062","USB转串口驱动-CH340.zip","/立创·泰山派开发板资料/第07章.【立创·泰山派】开发工具/USB转串口驱动-CH340.zip","False","183443","460cf9637t52a2751d709c5d83014e94","6","1715653033"
"813508713408852","win32diskimager-1.0.0-install.exe.zip","/立创·泰山派开发板资料/第07章.【立创·泰山派】开发工具/win32diskimager-1.0.0-install.exe.zip","False","12499461","f1422b24aq2eee0504793adf76410d20","6","1715653033"
"307463083497143","wsl_update_x64.zip","/立创·泰山派开发板资料/第07章.【立创·泰山派】开发工具/wsl_update_x64.zip","False","16635059","172ab10b9i823bf10ab192e853e7a8c7","6","1725006955"
"197742120630107","H0400S001.zip","/立创·泰山派开发板资料/第08章.【立创·泰山派】模块移植/H0400S001.zip","False","23949325","bd3a5abfbuf96297f37dd0c7aa386b29","6","1715653033"
"292731310861148","TODO.txt","/立创·泰山派开发板资料/第08章.【立创·泰山派】模块移植/TODO.txt","False","0","8e23f7635tb64136eddb0719602bc477","4","1715653033"
"162823140277477","【底部扩展板】项目资料","/立创·泰山派开发板资料/第09章.【立创·泰山派】项目案例/【底部扩展板】项目资料","True","0",,"6","1716977984"
"295498145211439","【智能小手机】项目资料","/立创·泰山派开发板资料/第09章.【立创·泰山派】项目案例/【智能小手机】项目资料","True","0",,"6","1715653033"
"935049206564739","Qt5.12.10-arm(已经交叉编译)【RK3566】","/立创·泰山派开发板资料/第11章.【立创·泰山派】常见问题/Qt5.12.10-arm(已经交叉编译)【RK3566】","True","0",,"6","1718698193"
"527006932781369","ubuntu系统摄像头发绿","/立创·泰山派开发板资料/第11章.【立创·泰山派】常见问题/ubuntu系统摄像头发绿","True","0",,"6","1725263605"
"661653280403235","TODO.txt","/立创·泰山派开发板资料/第11章.【立创·泰山派】常见问题/TODO.txt","False","0","8e23f7635tb64136eddb0719602bc477","4","1715653033"
"367357211304700","任何问题都可以直接联系我们备明来意.jpg","/立创·泰山派开发板资料/第11章.【立创·泰山派】常见问题/任何问题都可以直接联系我们备明来意.jpg","False","220825","22430121emf3cd435c72330c1766360d","3","1715653033"
"728007918093436","TODO.txt","/立创·泰山派开发板资料/第12章.【立创·泰山派】训练营活动/TODO.txt","False","0","8e23f7635tb64136eddb0719602bc477","4","1715653033"
"127676145715770","必读.txt","/立创·泰山派开发板资料/第02章.【立创·泰山派】开源硬件/立创·泰山派开发板39Pin_Hub2.0_以太网扩展板/必读.txt","False","759","ab9fc2177m646ca006044e2fd25b43c3","4","1715653033"
"622325432842213","反面.png","/立创·泰山派开发板资料/第02章.【立创·泰山派】开源硬件/立创·泰山派开发板39Pin_Hub2.0_以太网扩展板/反面.png","False","762360","5f5c04aebrf270abd2706a7307551a0f","3","1715653033"
"275663645751325","立创.泰山派底部39Pin_Hub2.0_Ethernet扩展板_2023-12-26.epro","/立创·泰山派开发板资料/第02章.【立创·泰山派】开源硬件/立创·泰山派开发板39Pin_Hub2.0_以太网扩展板/立创.泰山派底部39Pin_Hub2.0_Ethernet扩展板_2023-12-26.epro","False","1584019","49d26e661k9ac27bfcfd854e3e9a90e7","6","1715653033"
"523643654178310","正面.png","/立创·泰山派开发板资料/第02章.【立创·泰山派】开源硬件/立创·泰山派开发板39Pin_Hub2.0_以太网扩展板/正面.png","False","1023759","e2af80df9vc175b655806812259c194f","3","1715653033"
"669327757790554","组合方式.jpg","/立创·泰山派开发板资料/第02章.【立创·泰山派】开源硬件/立创·泰山派开发板39Pin_Hub2.0_以太网扩展板/组合方式.jpg","False","228745","89fddfa8ahfe032ca124aa1fac877016","3","1715653033"
"771235449941790","20230918上壳.STEP","/立创·泰山派开发板资料/第02章.【立创·泰山派】开源硬件/立创·泰山派开发板CNC外壳A版/20230918上壳.STEP","False","295770","5ceccf262i5350a9d619518ba72d297f","6","1715653033"
"428930092356673","20230918上壳.STL","/立创·泰山派开发板资料/第02章.【立创·泰山派】开源硬件/立创·泰山派开发板CNC外壳A版/20230918上壳.STL","False","3074684","f6cecfa77p6433a5bab841aa614705bc","6","1715653033"
"518336931618742","20230918下壳.STEP","/立创·泰山派开发板资料/第02章.【立创·泰山派】开源硬件/立创·泰山派开发板CNC外壳A版/20230918下壳.STEP","False","2550043","af6081e41sc98ebb408996e12f371948","6","1715653033"
"380288209353827","20230918下壳.STL","/立创·泰山派开发板资料/第02章.【立创·泰山派】开源硬件/立创·泰山派开发板CNC外壳A版/20230918下壳.STL","False","2473484","a6471f90el5c2ec222bef624cc54c801","6","1715653033"
"199250510762580","3D打印测试1.jpg","/立创·泰山派开发板资料/第02章.【立创·泰山派】开源硬件/立创·泰山派开发板CNC外壳A版/3D打印测试1.jpg","False","12883520","14318e0f1v7999e1e52722274f5ff9ef","3","1715653033"
"873072934519922","3D打印测试2.jpg","/立创·泰山派开发板资料/第02章.【立创·泰山派】开源硬件/立创·泰山派开发板CNC外壳A版/3D打印测试2.jpg","False","14967373","9d0328f07l658c39cfd7deca8f90bd15","3","1715653033"
"830135569145069","3D打印测试3.jpg","/立创·泰山派开发板资料/第02章.【立创·泰山派】开源硬件/立创·泰山派开发板CNC外壳A版/3D打印测试3.jpg","False","4180145","5ed79ea45qd93d20a47314ce1525e40a","3","1715653033"
"254425110780781","必读.txt","/立创·泰山派开发板资料/第02章.【立创·泰山派】开源硬件/立创·泰山派开发板CNC外壳A版/必读.txt","False","2105","71d93b397gd3b3c25517beb5526d35ec","4","1715653033"
"793490258698576","导光柱.png","/立创·泰山派开发板资料/第02章.【立创·泰山派】开源硬件/立创·泰山派开发板CNC外壳A版/导光柱.png","False","102975","a578320e6u262cb13ab99cee12d479e2","3","1715653033"
"839422872169421","固定螺丝.png","/立创·泰山派开发板资料/第02章.【立创·泰山派】开源硬件/立创·泰山派开发板CNC外壳A版/固定螺丝.png","False","303379","b00604aebm7439f9007513e23132c5d2","3","1715653033"
"215737769891348","效果图.jpg","/立创·泰山派开发板资料/第02章.【立创·泰山派】开源硬件/立创·泰山派开发板CNC外壳A版/效果图.jpg","False","207304","112c1b943rc72b46e8fdee43924407e9","3","1715653033"
"697227873988861","必读.txt","/立创·泰山派开发板资料/第02章.【立创·泰山派】开源硬件/立创·泰山派开发板电源PD诱骗小板/必读.txt","False","1263","83ea50d70r99d00c7e2ae9e90b77142d","4","1715653033"
"324994499723684","电源板反面.png","/立创·泰山派开发板资料/第02章.【立创·泰山派】开源硬件/立创·泰山派开发板电源PD诱骗小板/电源板反面.png","False","280173","66fae922dr2e2fde1c1f9051eb60092c","3","1734490295"
"49978630138498","电源板正面.png","/立创·泰山派开发板资料/第02章.【立创·泰山派】开源硬件/立创·泰山派开发板电源PD诱骗小板/电源板正面.png","False","311134","5376e2d76l901dd21ed3438d9908e259","3","1734490223"
"499245723636251","立创·泰山派开发板PD诱骗小板2024-12-18.epro","/立创·泰山派开发板资料/第02章.【立创·泰山派】开源硬件/立创·泰山派开发板电源PD诱骗小板/立创·泰山派开发板PD诱骗小板2024-12-18.epro","False","149255","a1af4f808h47e133c354cf619f32928d","6","1734489952"
"90401642773438","必读.txt","/立创·泰山派开发板资料/第02章.【立创·泰山派】开源硬件/立创·泰山派开发板项目工程/必读.txt","False","432","1ae3dee50hd083dd4906768dbba66feb","4","1715653033"
"613013148351217","立创·泰山派开发板项目工程源文件_2023-12-01.epro","/立创·泰山派开发板资料/第02章.【立创·泰山派】开源硬件/立创·泰山派开发板项目工程/立创·泰山派开发板项目工程源文件_2023-12-01.epro","False","20336959","7877eb524k6152916ac199c54f6904dd","6","1715653033"
"362536098542837","立创·泰山派开发板原理图.pdf","/立创·泰山派开发板资料/第02章.【立创·泰山派】开源硬件/立创·泰山派开发板项目工程/立创·泰山派开发板原理图.pdf","False","11760429","3f543fa28v141e0d480a1d3aacdbc912","4","1715653033"
"611700015279921","背面.png","/立创·泰山派开发板资料/第02章.【立创·泰山派】开源硬件/立创·泰山派开发板音频小板/背面.png","False","379580","68fe2a288n55b03faf5cfa496c9ff1c9","3","1715653033"
"635134660419225","必读.txt","/立创·泰山派开发板资料/第02章.【立创·泰山派】开源硬件/立创·泰山派开发板音频小板/必读.txt","False","335","c65331ef0h303f66c9380b85a0745ba6","4","1715653033"
"396084410717405","立创·泰山派开发板音频小板_2023-12-05.epro","/立创·泰山派开发板资料/第02章.【立创·泰山派】开源硬件/立创·泰山派开发板音频小板/立创·泰山派开发板音频小板_2023-12-05.epro","False","53027","38a13657fj25122d6a61e9cb592d4c38","6","1715653033"
"527127466299954","正面.png","/立创·泰山派开发板资料/第02章.【立创·泰山派】开源硬件/立创·泰山派开发板音频小板/正面.png","False","333038","d73fd43e2q297bbde575abdfcc68de8e","3","1715653033"
"973177390473792","【共建】debian13-linux6.1","/立创·泰山派开发板资料/第03章.【立创·泰山派】文档手册/【共建】文档附件/【共建】debian13-linux6.1","True","0",,"6","1755074206"
"209875140428633","【共建】MIPI 4寸长屏转接板","/立创·泰山派开发板资料/第03章.【立创·泰山派】文档手册/【共建】文档附件/【共建】MIPI 4寸长屏转接板","True","0",,"6","1724997146"
"679280170337740","【共建】SPI转CAN","/立创·泰山派开发板资料/第03章.【立创·泰山派】文档手册/【共建】文档附件/【共建】SPI转CAN","True","0",,"6","1724991538"
"277406528209265","【共建】Ubuntu 22.04LTS编译","/立创·泰山派开发板资料/第03章.【立创·泰山派】文档手册/【共建】文档附件/【共建】Ubuntu 22.04LTS编译","True","0",,"6","1724989852"
"331561693665377","ScreenParameter.zip","/立创·泰山派开发板资料/第04章.【立创·泰山派】参考资料/ScreenParameter/ScreenParameter.zip","False","8304","e687c122bsce4611e6c3c008ab1f46bc","6","1724904548"
"507184711948502","Android.zip","/立创·泰山派开发板资料/第04章.【立创·泰山派】参考资料/【瑞芯微】官方资料/Android.zip","False","310585201","73f7c0f0bid5e137baf987df01a98ce2","6","1715653033"
"197747425849146","Linux.zip","/立创·泰山派开发板资料/第04章.【立创·泰山派】参考资料/【瑞芯微】官方资料/Linux.zip","False","653554074","814013569vdc64765268b70dfd4228da","6","1715653033"
"129992871203114","RK356x数据手册.zip","/立创·泰山派开发板资料/第04章.【立创·泰山派】参考资料/【瑞芯微】官方资料/RK356x数据手册.zip","False","62337178","b037d0fdcie8cc642ff8d38d7a7f8334","6","1715653033"
"350883906318233","tspi_android_sdk_20230909.tar.gz","/立创·泰山派开发板资料/第05章.【立创·泰山派】系统SDK/【SDK】Android11/tspi_android_sdk_20230909.tar.gz","False","28162468926","ed49b69f9h6c45cbfd9541f947445df0","6","1775122983"
"190368191936958","tspi_android_sdk_repo_20240202.tar.gz","/立创·泰山派开发板资料/第05章.【立创·泰山派】系统SDK/【SDK】Android11/tspi_android_sdk_repo_20240202.tar.gz","False","46447172709","1227aea4fkcace7eba2b312f4a34d18b","6","1775122983"
"129771567944849","tspi_android_sdk_repo_20240202_md5sum.txt","/立创·泰山派开发板资料/第05章.【立创·泰山派】系统SDK/【SDK】Android11/tspi_android_sdk_repo_20240202_md5sum.txt","False","72","00622690bi74a4cfdd2441b17b8bef5e","4","1775122983"
"527058377351169","下载编译前必读.txt","/立创·泰山派开发板资料/第05章.【立创·泰山派】系统SDK/【SDK】Android11/下载编译前必读.txt","False","1259","b43440f0fu01020917e23f895dc8f7d8","4","1775122983"
"176173544049252","tspi_1m_android13_kernel5.10_sdk_20260311","/立创·泰山派开发板资料/第05章.【立创·泰山派】系统SDK/【SDK】Android13/tspi_1m_android13_kernel5.10_sdk_20260311","True","0",,"6","1775123071"
"525954808037099","buildroot_dl_4c7c9df616fb.tar.gz","/立创·泰山派开发板资料/第05章.【立创·泰山派】系统SDK/【SDK】Linux-kernel4.9/buildroot_dl_4c7c9df616fb.tar.gz","False","472576874","6531c04c7n05b432a05bd46a7a16f694","6","1775123016"
"1000042634406435","buildroot_dl_4c7c9df616fb_md5sum.txt","/立创·泰山派开发板资料/第05章.【立创·泰山派】系统SDK/【SDK】Linux-kernel4.9/buildroot_dl_4c7c9df616fb_md5sum.txt","False","67","50d429e9bk5d320ad9a231ef92e5d95e","4","1775123016"
"922983533612495","Tspi_Linux_config.cfg","/立创·泰山派开发板资料/第05章.【立创·泰山派】系统SDK/【SDK】Linux-kernel4.9/Tspi_Linux_config.cfg","False","6129","c9bb10875p841deb292702bc25e71549","6","1775123016"
"86177399400671","tspi_linux_sdk_20230916.tar.gz","/立创·泰山派开发板资料/第05章.【立创·泰山派】系统SDK/【SDK】Linux-kernel4.9/tspi_linux_sdk_20230916.tar.gz","False","14373950740","fe16e038ctfff0bdc797323b3b46ec57","6","1775123016"
"1027561852081582","tspi_linux_sdk_repo_20240131.tar.gz","/立创·泰山派开发板资料/第05章.【立创·泰山派】系统SDK/【SDK】Linux-kernel4.9/tspi_linux_sdk_repo_20240131.tar.gz","False","16435497971","4bdc2be62l21447ecf55139b4cebd7aa","6","1775123016"
"704209964851469","tspi_linux_sdk_repo_20240131_md5sum.txt","/立创·泰山派开发板资料/第05章.【立创·泰山派】系统SDK/【SDK】Linux-kernel4.9/tspi_linux_sdk_repo_20240131_md5sum.txt","False","70","f90aeea43uc1ab1bf58b4f6d3b05fdd6","4","1775123016"
"316876701902536","下载前必读.txt","/立创·泰山派开发板资料/第05章.【立创·泰山派】系统SDK/【SDK】Linux-kernel4.9/下载前必读.txt","False","1082","792e126a8lb4324dbe745a9f36d789b9","4","1775123016"
"1027876591495652","tSpi-1M-lInux-kernel6.1-sdk-20260403","/立创·泰山派开发板资料/第05章.【立创·泰山派】系统SDK/【SDK】Linux-kernel6.1/tSpi-1M-lInux-kernel6.1-sdk-20260403","True","0",,"6","1775171392"
"909131260835578","v4.0","/立创·泰山派开发板资料/第05章.【立创·泰山派】系统SDK/【SDK】Openharmony/v4.0","True","0",,"6","1729649049"
"659485665797743","【国际版镜像】Android","/立创·泰山派开发板资料/第06章.【立创·泰山派】系统镜像/kernel4.9/【国际版镜像】Android","True","0",,"6","1779250142"
"527240879942033","【国际版镜像】Buildroot","/立创·泰山派开发板资料/第06章.【立创·泰山派】系统镜像/kernel4.9/【国际版镜像】Buildroot","True","0",,"6","1779250143"
"761807397658018","【国际版镜像】Debian","/立创·泰山派开发板资料/第06章.【立创·泰山派】系统镜像/kernel4.9/【国际版镜像】Debian","True","0",,"6","1779250144"
"847125083443462","【国际版镜像】Ubuntu","/立创·泰山派开发板资料/第06章.【立创·泰山派】系统镜像/kernel4.9/【国际版镜像】Ubuntu","True","0",,"6","1779250145"
"927063720511105","【国际版镜像】底板固件","/立创·泰山派开发板资料/第06章.【立创·泰山派】系统镜像/kernel4.9/【国际版镜像】底板固件","True","0",,"6","1779250146"
"526657410848056","【国际版镜像】智能小手机综合项目","/立创·泰山派开发板资料/第06章.【立创·泰山派】系统镜像/kernel4.9/【国际版镜像】智能小手机综合项目","True","0",,"6","1779250147"
"288309357386496","【镜像】Android","/立创·泰山派开发板资料/第06章.【立创·泰山派】系统镜像/kernel4.9/【镜像】Android","True","0",,"6","1779250148"
"29953882846234","【镜像】Buildroot","/立创·泰山派开发板资料/第06章.【立创·泰山派】系统镜像/kernel4.9/【镜像】Buildroot","True","0",,"6","1779250149"
"43509985127321","【镜像】Debian","/立创·泰山派开发板资料/第06章.【立创·泰山派】系统镜像/kernel4.9/【镜像】Debian","True","0",,"6","1779250150"
"107255437314632","【镜像】OpenHarmony","/立创·泰山派开发板资料/第06章.【立创·泰山派】系统镜像/kernel4.9/【镜像】OpenHarmony","True","0",,"6","1779250151"
"340678343005713","【镜像】OpenKylin","/立创·泰山派开发板资料/第06章.【立创·泰山派】系统镜像/kernel4.9/【镜像】OpenKylin","True","0",,"6","1779250152"
"606721262381177","【镜像】Ubuntu20","/立创·泰山派开发板资料/第06章.【立创·泰山派】系统镜像/kernel4.9/【镜像】Ubuntu20","True","0",,"6","1779250153"
"543968223108683","【镜像】Android13","/立创·泰山派开发板资料/第06章.【立创·泰山派】系统镜像/kernel6.1/【镜像】Android13","True","0",,"6","1779250164"
"959796854299522","【镜像】Buildroot-kernel6.1","/立创·泰山派开发板资料/第06章.【立创·泰山派】系统镜像/kernel6.1/【镜像】Buildroot-kernel6.1","True","0",,"6","1779250165"
"847998939929639","【镜像】Debian12","/立创·泰山派开发板资料/第06章.【立创·泰山派】系统镜像/kernel6.1/【镜像】Debian12","True","0",,"6","1779250166"
"281285156662752","【镜像】Ubuntu22","/立创·泰山派开发板资料/第06章.【立创·泰山派】系统镜像/kernel6.1/【镜像】Ubuntu22","True","0",,"6","1779440234"
"590248009591728","2025-07-07","/立创·泰山派开发板资料/第07章.【立创·泰山派】开发工具/repo工具/2025-07-07","True","0",,"6","1751851781"
"853506893921875","【底部39脚】4G_HUB2.0_ET100_HS扩展板","/立创·泰山派开发板资料/第09章.【立创·泰山派】项目案例/【底部扩展板】项目资料/【底部39脚】4G_HUB2.0_ET100_HS扩展板","True","0",,"6","1718879396"
"917145498882850","1.环境搭建","/立创·泰山派开发板资料/第09章.【立创·泰山派】项目案例/【智能小手机】项目资料/1.环境搭建","True","0",,"6","1715653033"
"871043558974155","2.SDK编译","/立创·泰山派开发板资料/第09章.【立创·泰山派】项目案例/【智能小手机】项目资料/2.SDK编译","True","0",,"6","1715653033"
"536264605281827","3.Linux常用命令","/立创·泰山派开发板资料/第09章.【立创·泰山派】项目案例/【智能小手机】项目资料/3.Linux常用命令","True","0",,"6","1715653033"
"295458386573658","4.Linux设备树","/立创·泰山派开发板资料/第09章.【立创·泰山派】项目案例/【智能小手机】项目资料/4.Linux设备树","True","0",,"6","1715653033"
"465852728458562","5.屏幕选型与调试","/立创·泰山派开发板资料/第09章.【立创·泰山派】项目案例/【智能小手机】项目资料/5.屏幕选型与调试","True","0",,"6","1715653033"
"979440612888973","6.触摸驱动","/立创·泰山派开发板资料/第09章.【立创·泰山派】项目案例/【智能小手机】项目资料/6.触摸驱动","True","0",,"6","1715653033"
"901706427968486","7.手机综合项目","/立创·泰山派开发板资料/第09章.【立创·泰山派】项目案例/【智能小手机】项目资料/7.手机综合项目","True","0",,"6","1715653033"
"819669213452135","qt5.12.10.tar.gz","/立创·泰山派开发板资料/第11章.【立创·泰山派】常见问题/Qt5.12.10-arm(已经交叉编译)【RK3566】/qt5.12.10.tar.gz","False","53447079","e033ca1bejb2e71dab5140c17632be8f","6","1718698193"
"355090231687990","camera_engine_rkaiq_rk3566.deb","/立创·泰山派开发板资料/第11章.【立创·泰山派】常见问题/ubuntu系统摄像头发绿/camera_engine_rkaiq_rk3566.deb","False","1846440","1d512a8c6ta7cfbb0beb9527f55d9f05","6","1725263605"
"706528512291042","archive.7z","/立创·泰山派开发板资料/第03章.【立创·泰山派】文档手册/【共建】文档附件/【共建】debian13-linux6.1/archive.7z","False","877501829","7fe6132b9j31216c338360f4d5aba824","6","1755074148"
"798261750568020","updateimg_md5.txt","/立创·泰山派开发板资料/第03章.【立创·泰山派】文档手册/【共建】文档附件/【共建】debian13-linux6.1/updateimg_md5.txt","False","47","3feec3bbfl2b90ff4a58364e608cac5a","4","1755074206"
"979991200956049","Android_All_Config.cfg","/立创·泰山派开发板资料/第03章.【立创·泰山派】文档手册/【共建】文档附件/【共建】MIPI 4寸长屏转接板/Android_All_Config.cfg","False","6129","00f55c219u369bc42fcd176b7ec64442","6","1724997146"
"559545614557513","ProDocument_H0400S001_2024-04-08.epro","/立创·泰山派开发板资料/第03章.【立创·泰山派】文档手册/【共建】文档附件/【共建】MIPI 4寸长屏转接板/ProDocument_H0400S001_2024-04-08.epro","False","92317","3c5250b43t306820c20dc565e7cde12b","6","1724997120"
"543470933703700","mcp251x.c","/立创·泰山派开发板资料/第03章.【立创·泰山派】文档手册/【共建】文档附件/【共建】SPI转CAN/mcp251x.c","False","39378","76244e083g70aca58e32e9997b3d5c80","6","1724991538"
"124223691352085","help.py","/立创·泰山派开发板资料/第03章.【立创·泰山派】文档手册/【共建】文档附件/【共建】Ubuntu 22.04LTS编译/help.py","False","5489","e55c886ffu68f1bb31a905681d9c3144","6","1724989852"
"858259516553793","extract_sdk.sh","/立创·泰山派开发板资料/第05章.【立创·泰山派】系统SDK/【SDK】Android13/tspi_1m_android13_kernel5.10_sdk_20260311/extract_sdk.sh","False","3459","b1ce5d132h75ec58f672f6799d22570e","6","1775123071"
"98350083000633","file_checksums.sha256","/立创·泰山派开发板资料/第05章.【立创·泰山派】系统SDK/【SDK】Android13/tspi_1m_android13_kernel5.10_sdk_20260311/file_checksums.sha256","False","5773553","93365b903n509b1e3f64b159ffa5b9c3","6","1775123071"
"648175345309079","file_list.txt","/立创·泰山派开发板资料/第05章.【立创·泰山派】系统SDK/【SDK】Android13/tspi_1m_android13_kernel5.10_sdk_20260311/file_list.txt","False","3087617","ac8f51d34kb56cb514febe57ee4ca5fa","4","1775123071"
"788736615992415","PACKAGE_REPORT.txt","/立创·泰山派开发板资料/第05章.【立创·泰山派】系统SDK/【SDK】Android13/tspi_1m_android13_kernel5.10_sdk_20260311/PACKAGE_REPORT.txt","False","2939","e895177bcs2824da187159da01353b7d","4","1775123071"
"222968144196118","packaging.log","/立创·泰山派开发板资料/第05章.【立创·泰山派】系统SDK/【SDK】Android13/tspi_1m_android13_kernel5.10_sdk_20260311/packaging.log","False","2419","7bc286542g2e82f95ef2922f72743971","6","1775123071"
"497201825753428","QUICK_START.txt","/立创·泰山派开发板资料/第05章.【立创·泰山派】系统SDK/【SDK】Android13/tspi_1m_android13_kernel5.10_sdk_20260311/QUICK_START.txt","False","259","050e6d411sb3b7e260eeddfec2939033","4","1775123071"
"133065287604433","README.md","/立创·泰山派开发板资料/第05章.【立创·泰山派】系统SDK/【SDK】Android13/tspi_1m_android13_kernel5.10_sdk_20260311/README.md","False","4737","b4c65649ar723095fede0afec886b43d","6","1775123071"
"612456291604591","rk3566_tspi_1m_android13_sdk_20260311.tar.xz.part.00","/立创·泰山派开发板资料/第05章.【立创·泰山派】系统SDK/【SDK】Android13/tspi_1m_android13_kernel5.10_sdk_20260311/rk3566_tspi_1m_android13_sdk_20260311.tar.xz.part.00","False","2147483648","9967e752cu2b3d3cafbeeb575c8242f6","6","1775123071"
"76418218769202","rk3566_tspi_1m_android13_sdk_20260311.tar.xz.part.01","/立创·泰山派开发板资料/第05章.【立创·泰山派】系统SDK/【SDK】Android13/tspi_1m_android13_kernel5.10_sdk_20260311/rk3566_tspi_1m_android13_sdk_20260311.tar.xz.part.01","False","2147483648","1853780bdv43bde111fdba6f78330578","6","1775123071"
"481425992551708","rk3566_tspi_1m_android13_sdk_20260311.tar.xz.part.02","/立创·泰山派开发板资料/第05章.【立创·泰山派】系统SDK/【SDK】Android13/tspi_1m_android13_kernel5.10_sdk_20260311/rk3566_tspi_1m_android13_sdk_20260311.tar.xz.part.02","False","2147483648","8f5527bcdv82f3e5d09f2a7bad655934","6","1775123071"
"868058763533519","rk3566_tspi_1m_android13_sdk_20260311.tar.xz.part.03","/立创·泰山派开发板资料/第05章.【立创·泰山派】系统SDK/【SDK】Android13/tspi_1m_android13_kernel5.10_sdk_20260311/rk3566_tspi_1m_android13_sdk_20260311.tar.xz.part.03","False","2147483648","1c1b717d3k5382300561cf7948ed5bcc","6","1775123071"
"142793877999590","rk3566_tspi_1m_android13_sdk_20260311.tar.xz.part.04","/立创·泰山派开发板资料/第05章.【立创·泰山派】系统SDK/【SDK】Android13/tspi_1m_android13_kernel5.10_sdk_20260311/rk3566_tspi_1m_android13_sdk_20260311.tar.xz.part.04","False","2147483648","50e7f6e59m7325f0e3a0bb9aeedd4768","6","1775123071"
"555939982011850","rk3566_tspi_1m_android13_sdk_20260311.tar.xz.part.05","/立创·泰山派开发板资料/第05章.【立创·泰山派】系统SDK/【SDK】Android13/tspi_1m_android13_kernel5.10_sdk_20260311/rk3566_tspi_1m_android13_sdk_20260311.tar.xz.part.05","False","2147483648","0d9dca789gfaa9bf6c61d03a4b6e7343","6","1775123071"
"1119525716747719","rk3566_tspi_1m_android13_sdk_20260311.tar.xz.part.06","/立创·泰山派开发板资料/第05章.【立创·泰山派】系统SDK/【SDK】Android13/tspi_1m_android13_kernel5.10_sdk_20260311/rk3566_tspi_1m_android13_sdk_20260311.tar.xz.part.06","False","2147483648","5eda9ec54l6de9e238aa7cfd78afb4b0","6","1775123071"
"770929245485376","rk3566_tspi_1m_android13_sdk_20260311.tar.xz.part.07","/立创·泰山派开发板资料/第05章.【立创·泰山派】系统SDK/【SDK】Android13/tspi_1m_android13_kernel5.10_sdk_20260311/rk3566_tspi_1m_android13_sdk_20260311.tar.xz.part.07","False","2147483648","a68e5cbe5l501889e949673dc20c1794","6","1775123071"
"251118893075240","rk3566_tspi_1m_android13_sdk_20260311.tar.xz.part.08","/立创·泰山派开发板资料/第05章.【立创·泰山派】系统SDK/【SDK】Android13/tspi_1m_android13_kernel5.10_sdk_20260311/rk3566_tspi_1m_android13_sdk_20260311.tar.xz.part.08","False","2147483648","69e6aea91g0bd244784e6b78a3cd77d3","6","1775123071"
"352248438725216","rk3566_tspi_1m_android13_sdk_20260311.tar.xz.part.09","/立创·泰山派开发板资料/第05章.【立创·泰山派】系统SDK/【SDK】Android13/tspi_1m_android13_kernel5.10_sdk_20260311/rk3566_tspi_1m_android13_sdk_20260311.tar.xz.part.09","False","2147483648","87ea31e64lb2fe3fd33b8778301f0beb","6","1775123071"
"436452302384363","rk3566_tspi_1m_android13_sdk_20260311.tar.xz.part.10","/立创·泰山派开发板资料/第05章.【立创·泰山派】系统SDK/【SDK】Android13/tspi_1m_android13_kernel5.10_sdk_20260311/rk3566_tspi_1m_android13_sdk_20260311.tar.xz.part.10","False","2147483648","bcd9ad3e8t6fd9d10355bfcd5e845daa","6","1775123071"
"334833218412788","rk3566_tspi_1m_android13_sdk_20260311.tar.xz.part.11","/立创·泰山派开发板资料/第05章.【立创·泰山派】系统SDK/【SDK】Android13/tspi_1m_android13_kernel5.10_sdk_20260311/rk3566_tspi_1m_android13_sdk_20260311.tar.xz.part.11","False","2147483648","3063ea9ear5f67f33d3e272d2e2f5995","6","1775123071"
"689412422227026","rk3566_tspi_1m_android13_sdk_20260311.tar.xz.part.12","/立创·泰山派开发板资料/第05章.【立创·泰山派】系统SDK/【SDK】Android13/tspi_1m_android13_kernel5.10_sdk_20260311/rk3566_tspi_1m_android13_sdk_20260311.tar.xz.part.12","False","2147483648","9f0eee6d8vd7b62212a95ca7c9b5c36e","6","1775123071"
"128699802118414","rk3566_tspi_1m_android13_sdk_20260311.tar.xz.part.13","/立创·泰山派开发板资料/第05章.【立创·泰山派】系统SDK/【SDK】Android13/tspi_1m_android13_kernel5.10_sdk_20260311/rk3566_tspi_1m_android13_sdk_20260311.tar.xz.part.13","False","2147483648","0535e03d6vfb5ba8bb7f054577bd1d81","6","1775123071"
"410423410918092","rk3566_tspi_1m_android13_sdk_20260311.tar.xz.part.14","/立创·泰山派开发板资料/第05章.【立创·泰山派】系统SDK/【SDK】Android13/tspi_1m_android13_kernel5.10_sdk_20260311/rk3566_tspi_1m_android13_sdk_20260311.tar.xz.part.14","False","2147483648","be5c5eadfl90142bb238d6caf0be60ac","6","1775123071"
"710603193093134","rk3566_tspi_1m_android13_sdk_20260311.tar.xz.part.15","/立创·泰山派开发板资料/第05章.【立创·泰山派】系统SDK/【SDK】Android13/tspi_1m_android13_kernel5.10_sdk_20260311/rk3566_tspi_1m_android13_sdk_20260311.tar.xz.part.15","False","2147483648","b55f7a8b4l83b0c12b8908a39737bd8f","6","1775123071"
"1012083465107757","rk3566_tspi_1m_android13_sdk_20260311.tar.xz.part.16","/立创·泰山派开发板资料/第05章.【立创·泰山派】系统SDK/【SDK】Android13/tspi_1m_android13_kernel5.10_sdk_20260311/rk3566_tspi_1m_android13_sdk_20260311.tar.xz.part.16","False","2147483648","b1049bd35pa24f63188b31e2fb283716","6","1775123071"
"155903488726776","rk3566_tspi_1m_android13_sdk_20260311.tar.xz.part.17","/立创·泰山派开发板资料/第05章.【立创·泰山派】系统SDK/【SDK】Android13/tspi_1m_android13_kernel5.10_sdk_20260311/rk3566_tspi_1m_android13_sdk_20260311.tar.xz.part.17","False","2147483648","ca06d6164vde1d1370c8311f948152cc","6","1775123071"
"259367767733032","rk3566_tspi_1m_android13_sdk_20260311.tar.xz.part.18","/立创·泰山派开发板资料/第05章.【立创·泰山派】系统SDK/【SDK】Android13/tspi_1m_android13_kernel5.10_sdk_20260311/rk3566_tspi_1m_android13_sdk_20260311.tar.xz.part.18","False","2147483648","b419aed97kdb094fadd31434afa3b6de","6","1775123071"
"695573524144392","rk3566_tspi_1m_android13_sdk_20260311.tar.xz.part.19","/立创·泰山派开发板资料/第05章.【立创·泰山派】系统SDK/【SDK】Android13/tspi_1m_android13_kernel5.10_sdk_20260311/rk3566_tspi_1m_android13_sdk_20260311.tar.xz.part.19","False","2147483648","631def89dld208a63fdad867a4bc95cd","6","1775123071"
"737139117933150","rk3566_tspi_1m_android13_sdk_20260311.tar.xz.part.20","/立创·泰山派开发板资料/第05章.【立创·泰山派】系统SDK/【SDK】Android13/tspi_1m_android13_kernel5.10_sdk_20260311/rk3566_tspi_1m_android13_sdk_20260311.tar.xz.part.20","False","2147483648","59198c371j3b4bf83e582811249c0d29","6","1775123071"
"654787162755364","rk3566_tspi_1m_android13_sdk_20260311.tar.xz.part.21","/立创·泰山派开发板资料/第05章.【立创·泰山派】系统SDK/【SDK】Android13/tspi_1m_android13_kernel5.10_sdk_20260311/rk3566_tspi_1m_android13_sdk_20260311.tar.xz.part.21","False","2147483648","f24264c68sc87a16e7c614ab933ffc39","6","1775123071"
"588645630246273","rk3566_tspi_1m_android13_sdk_20260311.tar.xz.part.22","/立创·泰山派开发板资料/第05章.【立创·泰山派】系统SDK/【SDK】Android13/tspi_1m_android13_kernel5.10_sdk_20260311/rk3566_tspi_1m_android13_sdk_20260311.tar.xz.part.22","False","2147483648","ed649ceebr48c8f49ab44b9acc3458b5","6","1775123071"
"907538045026854","rk3566_tspi_1m_android13_sdk_20260311.tar.xz.part.23","/立创·泰山派开发板资料/第05章.【立创·泰山派】系统SDK/【SDK】Android13/tspi_1m_android13_kernel5.10_sdk_20260311/rk3566_tspi_1m_android13_sdk_20260311.tar.xz.part.23","False","2147483648","586c0a0f0rdbb81db8aaef9d94d378c4","6","1775123071"
"56886014117285","rk3566_tspi_1m_android13_sdk_20260311.tar.xz.part.24","/立创·泰山派开发板资料/第05章.【立创·泰山派】系统SDK/【SDK】Android13/tspi_1m_android13_kernel5.10_sdk_20260311/rk3566_tspi_1m_android13_sdk_20260311.tar.xz.part.24","False","2147483648","9d82ab479o3f2ec2d47a2cd2d11e7866","6","1775123071"
"566204898021078","rk3566_tspi_1m_android13_sdk_20260311.tar.xz.part.25","/立创·泰山派开发板资料/第05章.【立创·泰山派】系统SDK/【SDK】Android13/tspi_1m_android13_kernel5.10_sdk_20260311/rk3566_tspi_1m_android13_sdk_20260311.tar.xz.part.25","False","2147483648","d8bbc40feg2e694352a7a192244bbc98","6","1775123071"
"445288793508521","rk3566_tspi_1m_android13_sdk_20260311.tar.xz.part.26","/立创·泰山派开发板资料/第05章.【立创·泰山派】系统SDK/【SDK】Android13/tspi_1m_android13_kernel5.10_sdk_20260311/rk3566_tspi_1m_android13_sdk_20260311.tar.xz.part.26","False","2147483648","01793a46dj8e026a57d2bae0526d57dd","6","1775123071"
"936208232817917","rk3566_tspi_1m_android13_sdk_20260311.tar.xz.part.27","/立创·泰山派开发板资料/第05章.【立创·泰山派】系统SDK/【SDK】Android13/tspi_1m_android13_kernel5.10_sdk_20260311/rk3566_tspi_1m_android13_sdk_20260311.tar.xz.part.27","False","2147483648","ef75eceb3rdb71c91f449b58cbc5de6b","6","1775123071"
"582058944418818","rk3566_tspi_1m_android13_sdk_20260311.tar.xz.part.28","/立创·泰山派开发板资料/第05章.【立创·泰山派】系统SDK/【SDK】Android13/tspi_1m_android13_kernel5.10_sdk_20260311/rk3566_tspi_1m_android13_sdk_20260311.tar.xz.part.28","False","2147483648","7cf1fd033o5c0131899d608f23837124","6","1775123071"
"323540958437367","rk3566_tspi_1m_android13_sdk_20260311.tar.xz.part.29","/立创·泰山派开发板资料/第05章.【立创·泰山派】系统SDK/【SDK】Android13/tspi_1m_android13_kernel5.10_sdk_20260311/rk3566_tspi_1m_android13_sdk_20260311.tar.xz.part.29","False","2147483648","f9709be6aoc5f360fcfd7cede44b7da5","6","1775123071"
"391892084983146","rk3566_tspi_1m_android13_sdk_20260311.tar.xz.part.30","/立创·泰山派开发板资料/第05章.【立创·泰山派】系统SDK/【SDK】Android13/tspi_1m_android13_kernel5.10_sdk_20260311/rk3566_tspi_1m_android13_sdk_20260311.tar.xz.part.30","False","258704","b3a598587t0df98406a7f3e8fe6e3aaf","6","1775123071"
"80118130453768","sdk_parts_checksums.md5","/立创·泰山派开发板资料/第05章.【立创·泰山派】系统SDK/【SDK】Android13/tspi_1m_android13_kernel5.10_sdk_20260311/sdk_parts_checksums.md5","False","2697","eb8ae7adcn9c6f6bcc0eb85f1a3520b1","6","1775123071"
"469804324439323","sdk_parts_checksums.sha256","/立创·泰山派开发板资料/第05章.【立创·泰山派】系统SDK/【SDK】Android13/tspi_1m_android13_kernel5.10_sdk_20260311/sdk_parts_checksums.sha256","False","3689","63c8b132ds061af63443a1aef9f1f307","6","1775123071"
"195257550842447","extract_sdk.sh","/立创·泰山派开发板资料/第05章.【立创·泰山派】系统SDK/【SDK】Linux-kernel6.1/tSpi-1M-lInux-kernel6.1-sdk-20260403/extract_sdk.sh","False","3435","41ac2eb30j98822f75fa75b4224860cd","6","1775162259"
"222700152096669","file_checksums.sha256","/立创·泰山派开发板资料/第05章.【立创·泰山派】系统SDK/【SDK】Linux-kernel6.1/tSpi-1M-lInux-kernel6.1-sdk-20260403/file_checksums.sha256","False","417434","ab05c18fdq8e264dd0ffc28ae9ff8dae","6","1775162266"
"328290412434748","file_list.txt","/立创·泰山派开发板资料/第05章.【立创·泰山派】系统SDK/【SDK】Linux-kernel6.1/tSpi-1M-lInux-kernel6.1-sdk-20260403/file_list.txt","False","215936","a11746a4dqa03ec098e64f2ab1f57206","4","1775162266"
"306700255797744","PACKAGE_REPORT.txt","/立创·泰山派开发板资料/第05章.【立创·泰山派】系统SDK/【SDK】Linux-kernel6.1/tSpi-1M-lInux-kernel6.1-sdk-20260403/PACKAGE_REPORT.txt","False","1510","76e036bb6o8ed3fdef2271023c845c6c","4","1775162266"
"848384174387638","packaging.log","/立创·泰山派开发板资料/第05章.【立创·泰山派】系统SDK/【SDK】Linux-kernel6.1/tSpi-1M-lInux-kernel6.1-sdk-20260403/packaging.log","False","2340","006a32b59vde4d8ba5b8128524a9267f","6","1775162266"
"876696963054712","QUICK_START.txt","/立创·泰山派开发板资料/第05章.【立创·泰山派】系统SDK/【SDK】Linux-kernel6.1/tSpi-1M-lInux-kernel6.1-sdk-20260403/QUICK_START.txt","False","259","050e6d411sb3b7e260eeddfec2939033","4","1775162259"
"342628324923677","README.md","/立创·泰山派开发板资料/第05章.【立创·泰山派】系统SDK/【SDK】Linux-kernel6.1/tSpi-1M-lInux-kernel6.1-sdk-20260403/README.md","False","2486","71ab0ccb5u0fcf708d1d690418640f1c","6","1775162266"
"857504289801085","rk3566_linux_sdk_20260403.tar.xz.part.00","/立创·泰山派开发板资料/第05章.【立创·泰山派】系统SDK/【SDK】Linux-kernel6.1/tSpi-1M-lInux-kernel6.1-sdk-20260403/rk3566_linux_sdk_20260403.tar.xz.part.00","False","2147483648","560bc7c98rc636de018d1d5225a4941f","6","1775165285"
"640464372398720","rk3566_linux_sdk_20260403.tar.xz.part.01","/立创·泰山派开发板资料/第05章.【立创·泰山派】系统SDK/【SDK】Linux-kernel6.1/tSpi-1M-lInux-kernel6.1-sdk-20260403/rk3566_linux_sdk_20260403.tar.xz.part.01","False","2147483648","ef87ef220p3539ada120149b82d8382a","6","1775170293"
"403917076344815","rk3566_linux_sdk_20260403.tar.xz.part.02","/立创·泰山派开发板资料/第05章.【立创·泰山派】系统SDK/【SDK】Linux-kernel6.1/tSpi-1M-lInux-kernel6.1-sdk-20260403/rk3566_linux_sdk_20260403.tar.xz.part.02","False","2147483648","498bbe9afq499d2649c6540b56ab9506","6","1775164978"
"703264749753941","rk3566_linux_sdk_20260403.tar.xz.part.03","/立创·泰山派开发板资料/第05章.【立创·泰山派】系统SDK/【SDK】Linux-kernel6.1/tSpi-1M-lInux-kernel6.1-sdk-20260403/rk3566_linux_sdk_20260403.tar.xz.part.03","False","2147483648","2703e29feqe8e2ec52a8ad63425298cc","6","1775170294"
"571204955528886","rk3566_linux_sdk_20260403.tar.xz.part.04","/立创·泰山派开发板资料/第05章.【立创·泰山派】系统SDK/【SDK】Linux-kernel6.1/tSpi-1M-lInux-kernel6.1-sdk-20260403/rk3566_linux_sdk_20260403.tar.xz.part.04","False","2147483648","46023e8bch129f38020aa280bd98ab4f","6","1775170101"
"997175011793500","rk3566_linux_sdk_20260403.tar.xz.part.05","/立创·泰山派开发板资料/第05章.【立创·泰山派】系统SDK/【SDK】Linux-kernel6.1/tSpi-1M-lInux-kernel6.1-sdk-20260403/rk3566_linux_sdk_20260403.tar.xz.part.05","False","2147483648","1e8ef2f30n2644e129c4079d0b00fe09","6","1775170282"
"890188823241064","rk3566_linux_sdk_20260403.tar.xz.part.06","/立创·泰山派开发板资料/第05章.【立创·泰山派】系统SDK/【SDK】Linux-kernel6.1/tSpi-1M-lInux-kernel6.1-sdk-20260403/rk3566_linux_sdk_20260403.tar.xz.part.06","False","2147483648","01901c72bma3c79037152a4f138e6450","6","1775165438"
"409719226745137","rk3566_linux_sdk_20260403.tar.xz.part.07","/立创·泰山派开发板资料/第05章.【立创·泰山派】系统SDK/【SDK】Linux-kernel6.1/tSpi-1M-lInux-kernel6.1-sdk-20260403/rk3566_linux_sdk_20260403.tar.xz.part.07","False","2147483648","945b46966p8c03c0dd7eb4359e731f06","6","1775165587"
"895415255217199","rk3566_linux_sdk_20260403.tar.xz.part.08","/立创·泰山派开发板资料/第05章.【立创·泰山派】系统SDK/【SDK】Linux-kernel6.1/tSpi-1M-lInux-kernel6.1-sdk-20260403/rk3566_linux_sdk_20260403.tar.xz.part.08","False","2147483648","0886bcf34u7e5e1ee2b520af70079671","6","1775165838"
"87357932062640","rk3566_linux_sdk_20260403.tar.xz.part.09","/立创·泰山派开发板资料/第05章.【立创·泰山派】系统SDK/【SDK】Linux-kernel6.1/tSpi-1M-lInux-kernel6.1-sdk-20260403/rk3566_linux_sdk_20260403.tar.xz.part.09","False","2147483648","725ff7be7if94bef0b26470eada5055b","6","1775163955"
"58052860394734","rk3566_linux_sdk_20260403.tar.xz.part.10","/立创·泰山派开发板资料/第05章.【立创·泰山派】系统SDK/【SDK】Linux-kernel6.1/tSpi-1M-lInux-kernel6.1-sdk-20260403/rk3566_linux_sdk_20260403.tar.xz.part.10","False","2147483648","9ed983ac2if952f3424cb3df784831eb","6","1775171002"
"140024828167512","rk3566_linux_sdk_20260403.tar.xz.part.11","/立创·泰山派开发板资料/第05章.【立创·泰山派】系统SDK/【SDK】Linux-kernel6.1/tSpi-1M-lInux-kernel6.1-sdk-20260403/rk3566_linux_sdk_20260403.tar.xz.part.11","False","1941583384","d52d073ecs7f707a1ed564c00fb8dfc7","6","1775171392"
"291365726493618","sdk_parts_checksums.md5","/立创·泰山派开发板资料/第05章.【立创·泰山派】系统SDK/【SDK】Linux-kernel6.1/tSpi-1M-lInux-kernel6.1-sdk-20260403/sdk_parts_checksums.md5","False","900","ec64a0c51l33052e9d67bd783e102b1e","6","1775162266"
"522413781356149","sdk_parts_checksums.sha256","/立创·泰山派开发板资料/第05章.【立创·泰山派】系统SDK/【SDK】Linux-kernel6.1/tSpi-1M-lInux-kernel6.1-sdk-20260403/sdk_parts_checksums.sha256","False","1284","5c4862a29p4966696ffe758c3e69f2b8","6","1775162266"
"649818735865086","OpenHarmony-v4.0-Release-20241018.tar.gz","/立创·泰山派开发板资料/第05章.【立创·泰山派】系统SDK/【SDK】Openharmony/v4.0/OpenHarmony-v4.0-Release-20241018.tar.gz","False","31006920","d6aeb84efv72182a433045a86e5a8199","6","1729649049"
"205004379111421","factory_test_update20231227.img","/立创·泰山派开发板资料/第06章.【立创·泰山派】系统镜像/kernel4.9/【国际版镜像】Android/factory_test_update20231227.img","False","1653025354","8b378f504t348fbbd5d98749edc53ff6","6","1779250142"
"229763590794822","hdmi_edp1920X1080_20230912_update.img","/立创·泰山派开发板资料/第06章.【立创·泰山派】系统镜像/kernel4.9/【国际版镜像】Android/hdmi_edp1920X1080_20230912_update.img","False","1652841034","c447c662cv4e8ca2002075a5441692d4","6","1779250142"
"481229964230277","LCKFB-TSPI-10.1inch-MIPI-TP_20241024.img","/立创·泰山派开发板资料/第06章.【立创·泰山派】系统镜像/kernel4.9/【国际版镜像】Android/LCKFB-TSPI-10.1inch-MIPI-TP_20241024.img","False","1652767306","52f2db21bs36a019ca9a924241728fb6","6","1779250142"
"393016560353681","tspi_hdmi_audio_update20240313.img","/立创·泰山派开发板资料/第06章.【立创·泰山派】系统镜像/kernel4.9/【国际版镜像】Android/tspi_hdmi_audio_update20240313.img","False","1652750922","0ed3bc2cdnad495d3dd052c6204608cf","6","1779250142"
"280463749852758","udisk_screen_20231030.img","/立创·泰山派开发板资料/第06章.【立创·泰山派】系统镜像/kernel4.9/【国际版镜像】Android/udisk_screen_20231030.img","False","1653099082","2f56fe72an1a9af39e35a559ee9cf193","6","1779250142"
"714934440423554","安卓11 3.1寸横屏.img","/立创·泰山派开发板资料/第06章.【立创·泰山派】系统镜像/kernel4.9/【国际版镜像】Android/安卓11 3.1寸横屏.img","False","1738119754","a924be204tee53a95fb33d45a0356c5b","6","1779250142"
"199135534522802","edp1366X768_20230912_update.img","/立创·泰山派开发板资料/第06章.【立创·泰山派】系统镜像/kernel4.9/【国际版镜像】Buildroot/edp1366X768_20230912_update.img","False","609198666","7b99888d2td30d13f36443dd77825a56","6","1779250143"
"203829593782728","hdmi_20230915_update1 .img","/立创·泰山派开发板资料/第06章.【立创·泰山派】系统镜像/kernel4.9/【国际版镜像】Buildroot/hdmi_20230915_update1 .img","False","521962058","bd8979284tcacb988f0e793ce92eaa87","6","1779250143"
"221410181628754","hdmi_20230915_update.img","/立创·泰山派开发板资料/第06章.【立创·泰山派】系统镜像/kernel4.9/【国际版镜像】Debian/hdmi_20230915_update.img","False","3175313994","3ee1ce679kca04a67d6687c5130d2450","6","1779250144"
"315983154719873","密码.txt","/立创·泰山派开发板资料/第06章.【立创·泰山派】系统镜像/kernel4.9/【国际版镜像】Debian/密码.txt","False","6","357ea8e50k160d19b0b55df44e01db9e","4","1779250144"
"520089436664409","USB共享网络的相关文件【RNDIS】","/立创·泰山派开发板资料/第06章.【立创·泰山派】系统镜像/kernel4.9/【国际版镜像】Ubuntu/USB共享网络的相关文件【RNDIS】","True","0",,"6","1779250145"
"839306574271985","ubuntu20.04_hdmi_20231130_update.img","/立创·泰山派开发板资料/第06章.【立创·泰山派】系统镜像/kernel4.9/【国际版镜像】Ubuntu/ubuntu20.04_hdmi_20231130_update.img","False","4239192650","cae6e7fadh8fcc49c0eb40214036e6ec","6","1779250145"
"650708089474684","密码.txt","/立创·泰山派开发板资料/第06章.【立创·泰山派】系统镜像/kernel4.9/【国际版镜像】Ubuntu/密码.txt","False","5","6ee03da88s17ed223a897bccc590e012","4","1779250145"
"153423642039577","buildroot","/立创·泰山派开发板资料/第06章.【立创·泰山派】系统镜像/kernel4.9/【国际版镜像】底板固件/buildroot","True","0",,"6","1779250146"
"624399208555801","debian","/立创·泰山派开发板资料/第06章.【立创·泰山派】系统镜像/kernel4.9/【国际版镜像】底板固件/debian","True","0",,"6","1779250146"
"979427333890559","ubuntu20.04","/立创·泰山派开发板资料/第06章.【立创·泰山派】系统镜像/kernel4.9/【国际版镜像】底板固件/ubuntu20.04","True","0",,"6","1779250146"
"428057907872425","Android","/立创·泰山派开发板资料/第06章.【立创·泰山派】系统镜像/kernel4.9/【国际版镜像】智能小手机综合项目/Android","True","0",,"6","1779250147"
"557310518698583","buildroot","/立创·泰山派开发板资料/第06章.【立创·泰山派】系统镜像/kernel4.9/【国际版镜像】智能小手机综合项目/buildroot","True","0",,"6","1779250147"
"80277549571033","立创10.1寸31PIN MIPI屏幕总成镜像","/立创·泰山派开发板资料/第06章.【立创·泰山派】系统镜像/kernel4.9/【镜像】Android/立创10.1寸31PIN MIPI屏幕总成镜像","True","0",,"6","1779250148"
"660907608426595","Android_All_Config.cfg","/立创·泰山派开发板资料/第06章.【立创·泰山派】系统镜像/kernel4.9/【镜像】Android/Android_All_Config.cfg","False","6129","00f55c219u369bc42fcd176b7ec64442","6","1779250148"
"500233971158614","Android_Tspi_Kernel.cfg","/立创·泰山派开发板资料/第06章.【立创·泰山派】系统镜像/kernel4.9/【镜像】Android/Android_Tspi_Kernel.cfg","False","6129","010d4b5c4h7234a76fdbb4332beea696","6","1779250148"
"1001616276325721","factory_test_update20231227.img","/立创·泰山派开发板资料/第06章.【立创·泰山派】系统镜像/kernel4.9/【镜像】Android/factory_test_update20231227.img","False","1652968010","762d4f5a7u8e024e601320b8bc0c422d","6","1779250148"
"501323903773708","hdmi_edp1920X1080_20230912_update.img","/立创·泰山派开发板资料/第06章.【立创·泰山派】系统镜像/kernel4.9/【镜像】Android/hdmi_edp1920X1080_20230912_update.img","False","1652783690","eacb87876l55b10bfa4834565c38afdf","6","1779250148"
"665441569230218","tspi_hdmi_audio_update20240313.img","/立创·泰山派开发板资料/第06章.【立创·泰山派】系统镜像/kernel4.9/【镜像】Android/tspi_hdmi_audio_update20240313.img","False","1652693578","7fc8b830ana062527ed6949c697d03e5","6","1779250148"
"257930451545066","udisk_screen_20231030.img","/立创·泰山派开发板资料/第06章.【立创·泰山派】系统镜像/kernel4.9/【镜像】Android/udisk_screen_20231030.img","False","1653041738","403cf5cc1pd993015aece8b8a31d99d6","6","1779250148"
"52334408817310","必读.txt","/立创·泰山派开发板资料/第06章.【立创·泰山派】系统镜像/kernel4.9/【镜像】Android/必读.txt","False","764","e014777a4n0256428a038882f135a135","4","1779250148"
"166142714372638","config.cfg","/立创·泰山派开发板资料/第06章.【立创·泰山派】系统镜像/kernel4.9/【镜像】Buildroot/config.cfg","False","6129","246295668n5c55d40e21d4d3114c24aa","6","1779250149"
"1121710271996497","edp1366X768_20230912_update.img","/立创·泰山派开发板资料/第06章.【立创·泰山派】系统镜像/kernel4.9/【镜像】Buildroot/edp1366X768_20230912_update.img","False","609165898","4a1116c39rfde4ffd9cbe9a106dc013f","6","1779250149"
"324371157204412","hdmi_20230915_update.img","/立创·泰山派开发板资料/第06章.【立创·泰山派】系统镜像/kernel4.9/【镜像】Buildroot/hdmi_20230915_update.img","False","521929290","66320820dp6cadc24bcb1cb28e139635","6","1779250149"
"896154140020951","hdmi_20230915_update.img","/立创·泰山派开发板资料/第06章.【立创·泰山派】系统镜像/kernel4.9/【镜像】Debian/hdmi_20230915_update.img","False","3175281226","1d65b0064pf7774bfdf8c560f74c48d4","6","1779250150"
"116398098612017","密码.txt","/立创·泰山派开发板资料/第06章.【立创·泰山派】系统镜像/kernel4.9/【镜像】Debian/密码.txt","False","6","357ea8e50k160d19b0b55df44e01db9e","4","1779250150"
"210668690140945","4.0版本","/立创·泰山派开发板资料/第06章.【立创·泰山派】系统镜像/kernel4.9/【镜像】OpenHarmony/4.0版本","True","0",,"6","1779250151"
"850568171136998","README","/立创·泰山派开发板资料/第06章.【立创·泰山派】系统镜像/kernel4.9/【镜像】OpenKylin/README","True","0",,"6","1779250152"
"357907787937576","boot.img","/立创·泰山派开发板资料/第06章.【立创·泰山派】系统镜像/kernel4.9/【镜像】OpenKylin/boot.img","False","134217728","8a69342fdheed15f432c4c814b4c9264","6","1779250152"
"982414428942728","MiniLoaderAll.bin","/立创·泰山派开发板资料/第06章.【立创·泰山派】系统镜像/kernel4.9/【镜像】OpenKylin/MiniLoaderAll.bin","False","481728","583880cc5i0be738d6b1420876e49e67","6","1779250152"
"719364640788865","openKylin-Embedded-V2.0-rc-tspi-arm64.img","/立创·泰山派开发板资料/第06章.【立创·泰山派】系统镜像/kernel4.9/【镜像】OpenKylin/openKylin-Embedded-V2.0-rc-tspi-arm64.img","False","6220152832","d960252a2md2573515a28d65a78c0b66","6","1779250152"
"483789026420719","parameter.txt","/立创·泰山派开发板资料/第06章.【立创·泰山派】系统镜像/kernel4.9/【镜像】OpenKylin/parameter.txt","False","352","130a829f6v61fcaf6cf9c2c344ee0797","4","1779250152"
"316110974452905","uboot.img","/立创·泰山派开发板资料/第06章.【立创·泰山派】系统镜像/kernel4.9/【镜像】OpenKylin/uboot.img","False","4194304","0c004f318va72624c6bd189e17086530","6","1779250152"
"801717774553939","USB共享网络的相关文件【RNDIS】","/立创·泰山派开发板资料/第06章.【立创·泰山派】系统镜像/kernel4.9/【镜像】Ubuntu20/USB共享网络的相关文件【RNDIS】","True","0",,"6","1779250153"
"397560848239487","支持docker临时版本（镜像未全测）","/立创·泰山派开发板资料/第06章.【立创·泰山派】系统镜像/kernel4.9/【镜像】Ubuntu20/支持docker临时版本（镜像未全测）","True","0",,"6","1779250153"
"1012693943008351","config.cfg","/立创·泰山派开发板资料/第06章.【立创·泰山派】系统镜像/kernel4.9/【镜像】Ubuntu20/config.cfg","False","6129","193d738f6m002341a64ae739bf617047","6","1779250153"
"537260663792272","Tspi_Linux_config.cfg","/立创·泰山派开发板资料/第06章.【立创·泰山派】系统镜像/kernel4.9/【镜像】Ubuntu20/Tspi_Linux_config.cfg","False","6129","c9bb10875p841deb292702bc25e71549","6","1779250153"
"1104500594271130","ubuntu20.04_hdmi_20231130_update.img","/立创·泰山派开发板资料/第06章.【立创·泰山派】系统镜像/kernel4.9/【镜像】Ubuntu20/ubuntu20.04_hdmi_20231130_update.img","False","4239192650","699225293le146c68bf716e73ea5d2cd","6","1779250153"
"627042705276291","密码.txt","/立创·泰山派开发板资料/第06章.【立创·泰山派】系统镜像/kernel4.9/【镜像】Ubuntu20/密码.txt","False","5","6ee03da88s17ed223a897bccc590e012","4","1779250153"
"208376800290057","parameter.txt","/立创·泰山派开发板资料/第06章.【立创·泰山派】系统镜像/kernel6.1/【镜像】Android13/parameter.txt","False","669","dc14cca8eh8c16ffda357d4074133dc6","4","1779250164"
"43348977390903","tspi-1m-kernel5.10-android13-hdmi-20260416.img","/立创·泰山派开发板资料/第06章.【立创·泰山派】系统镜像/kernel6.1/【镜像】Android13/tspi-1m-kernel5.10-android13-hdmi-20260416.img","False","1858021962","d4611d259t913e97d2a2388db0a78a4e","6","1779250164"
"8088136468587","buildroot_kernel6.1_img","/立创·泰山派开发板资料/第06章.【立创·泰山派】系统镜像/kernel6.1/【镜像】Buildroot-kernel6.1/buildroot_kernel6.1_img","True","0",,"6","1779250165"
"66714404709917","debian_kernel6.1_img","/立创·泰山派开发板资料/第06章.【立创·泰山派】系统镜像/kernel6.1/【镜像】Debian12/debian_kernel6.1_img","True","0",,"6","1779250166"
"501480538237027","tspi-1m-kernel6.1-ubuntu22-hdmi-20260522.img","/立创·泰山派开发板资料/第06章.【立创·泰山派】系统镜像/kernel6.1/【镜像】Ubuntu22/tspi-1m-kernel6.1-ubuntu22-hdmi-20260522.img","False","5738228298","da3458e0dt2ce4eeea73f9e4edf06b03","6","1779440234"
"894222636866804","repo","/立创·泰山派开发板资料/第07章.【立创·泰山派】开发工具/repo工具/2025-07-07/repo","False","44956","0fb4c8876v734ef4cad0364978f4112b","6","1751851781"
"938761417919532","Android固件","/立创·泰山派开发板资料/第09章.【立创·泰山派】项目案例/【底部扩展板】项目资料/【底部39脚】4G_HUB2.0_ET100_HS扩展板/Android固件","True","0",,"6","1718879395"
"304453216980538","Linux固件","/立创·泰山派开发板资料/第09章.【立创·泰山派】项目案例/【底部扩展板】项目资料/【底部39脚】4G_HUB2.0_ET100_HS扩展板/Linux固件","True","0",,"6","1718881331"
"1060005270365232","环境安装包","/立创·泰山派开发板资料/第09章.【立创·泰山派】项目案例/【智能小手机】项目资料/1.环境搭建/环境安装包","True","0",,"6","1715653033"
"860694633300182","文档教程地址.txt","/立创·泰山派开发板资料/第09章.【立创·泰山派】项目案例/【智能小手机】项目资料/1.环境搭建/文档教程地址.txt","False","61","3253e4499j694ec1f963a54e7205133c","4","1715653033"
"617861351523224","Android配置文件","/立创·泰山派开发板资料/第09章.【立创·泰山派】项目案例/【智能小手机】项目资料/2.SDK编译/Android配置文件","True","0",,"6","1715653033"
"681496620314449","Linux配置文件","/立创·泰山派开发板资料/第09章.【立创·泰山派】项目案例/【智能小手机】项目资料/2.SDK编译/Linux配置文件","True","0",,"6","1715653033"
"261250814665618","烧录工具","/立创·泰山派开发板资料/第09章.【立创·泰山派】项目案例/【智能小手机】项目资料/2.SDK编译/烧录工具","True","0",,"6","1715653033"
"476191350349925","文档教程地址.txt","/立创·泰山派开发板资料/第09章.【立创·泰山派】项目案例/【智能小手机】项目资料/2.SDK编译/文档教程地址.txt","False","59","080407130t474f73d62e887defca9480","4","1715653033"
"569989164985148","命令要多练少偷懒.txt","/立创·泰山派开发板资料/第09章.【立创·泰山派】项目案例/【智能小手机】项目资料/3.Linux常用命令/命令要多练少偷懒.txt","False","59","db84e6c24pb81da5400c7e60d4010bf7","4","1715653033"
"253858833303255","设备树基础很重要多练少偷懒.txt","/立创·泰山派开发板资料/第09章.【立创·泰山派】项目案例/【智能小手机】项目资料/4.Linux设备树/设备树基础很重要多练少偷懒.txt","False","59","c6ed18b13vc850dcdaa001517e3154b2","4","1715653033"
"62643931264389","EDP屏资料","/立创·泰山派开发板资料/第09章.【立创·泰山派】项目案例/【智能小手机】项目资料/5.屏幕选型与调试/EDP屏资料","True","0",,"6","1715653033"
"192387463679995","MIPI屏资料","/立创·泰山派开发板资料/第09章.【立创·泰山派】项目案例/【智能小手机】项目资料/5.屏幕选型与调试/MIPI屏资料","True","0",,"6","1715653033"
"795405803790669","瑞芯微数据手册","/立创·泰山派开发板资料/第09章.【立创·泰山派】项目案例/【智能小手机】项目资料/5.屏幕选型与调试/瑞芯微数据手册","True","0",,"6","1715653033"
"591040098074280","文档教程地址.txt","/立创·泰山派开发板资料/第09章.【立创·泰山派】项目案例/【智能小手机】项目资料/5.屏幕选型与调试/文档教程地址.txt","False","59","8f3378b18q9a8c0d5a690dc8a9f6f446","4","1715653033"
"782052800960412","触摸资料","/立创·泰山派开发板资料/第09章.【立创·泰山派】项目案例/【智能小手机】项目资料/6.触摸驱动/触摸资料","True","0",,"6","1725245390"
"717803202344758","代码补丁","/立创·泰山派开发板资料/第09章.【立创·泰山派】项目案例/【智能小手机】项目资料/6.触摸驱动/代码补丁","True","0",,"6","1715653033"
"527617389870951","转接板","/立创·泰山派开发板资料/第09章.【立创·泰山派】项目案例/【智能小手机】项目资料/6.触摸驱动/转接板","True","0",,"6","1715653033"
"734584657933671","文档教程地址.txt","/立创·泰山派开发板资料/第09章.【立创·泰山派】项目案例/【智能小手机】项目资料/6.触摸驱动/文档教程地址.txt","False","59","542b569d6m18957475a1a9715e636fde","4","1715653033"
"765855521859721","代码补丁","/立创·泰山派开发板资料/第09章.【立创·泰山派】项目案例/【智能小手机】项目资料/7.手机综合项目/代码补丁","True","0",,"6","1715653033"
"438626956644303","结构文件","/立创·泰山派开发板资料/第09章.【立创·泰山派】项目案例/【智能小手机】项目资料/7.手机综合项目/结构文件","True","0",,"6","1715653033"
"101983883981038","数据手册","/立创·泰山派开发板资料/第09章.【立创·泰山派】项目案例/【智能小手机】项目资料/7.手机综合项目/数据手册","True","0",,"6","1715653033"
"305363481871220","图片素材","/立创·泰山派开发板资料/第09章.【立创·泰山派】项目案例/【智能小手机】项目资料/7.手机综合项目/图片素材","True","0",,"6","1715653033"
"224804736121594","外观结构","/立创·泰山派开发板资料/第09章.【立创·泰山派】项目案例/【智能小手机】项目资料/7.手机综合项目/外观结构","True","0",,"6","1715653033"
"149533150900507","物流BOM","/立创·泰山派开发板资料/第09章.【立创·泰山派】项目案例/【智能小手机】项目资料/7.手机综合项目/物流BOM","True","0",,"6","1715653033"
"593402004737143","系统镜像","/立创·泰山派开发板资料/第09章.【立创·泰山派】项目案例/【智能小手机】项目资料/7.手机综合项目/系统镜像","True","0",,"6","1715653033"
"29350907122279","boot.img","/立创·泰山派开发板资料/第06章.【立创·泰山派】系统镜像/kernel4.9/【国际版镜像】Ubuntu/USB共享网络的相关文件【RNDIS】/boot.img","False","24122880","72d57d0bck8e292c9c3ceb769b149284","6","1779250145"
"248879008353990","README.txt","/立创·泰山派开发板资料/第06章.【立创·泰山派】系统镜像/kernel4.9/【国际版镜像】Ubuntu/USB共享网络的相关文件【RNDIS】/README.txt","False","165","9b00a92f1vaf48fc548fc7184478c606","4","1779250145"
"315476224639245","Tspi_Linux_config.cfg","/立创·泰山派开发板资料/第06章.【立创·泰山派】系统镜像/kernel4.9/【国际版镜像】Ubuntu/USB共享网络的相关文件【RNDIS】/Tspi_Linux_config.cfg","False","6129","c9bb10875p841deb292702bc25e71549","6","1779250145"
"1043204635615277","ubuntu20.04_hdmi_20240220_RNDIS_update.img","/立创·泰山派开发板资料/第06章.【立创·泰山派】系统镜像/kernel4.9/【国际版镜像】Ubuntu/USB共享网络的相关文件【RNDIS】/ubuntu20.04_hdmi_20240220_RNDIS_update.img","False","4239266378","a5e9353f9je1c0915510c81af8c44561","6","1779250145"
"705398270214475","update20240620.img","/立创·泰山派开发板资料/第06章.【立创·泰山派】系统镜像/kernel4.9/【国际版镜像】底板固件/buildroot/update20240620.img","False","522953290","d381e0ff6hf48a53b1148984b630860c","6","1779250146"
"436795337435553","update20240620.img","/立创·泰山派开发板资料/第06章.【立创·泰山派】系统镜像/kernel4.9/【国际版镜像】底板固件/debian/update20240620.img","False","3151174218","545fe6139sff8f5b40cf1f5d66611c81","6","1779250146"
"707906693100819","update.img","/立创·泰山派开发板资料/第06章.【立创·泰山派】系统镜像/kernel4.9/【国际版镜像】底板固件/ubuntu20.04/update.img","False","4239225418","58ce229e0ha57f85d1aa2dab0d306b52","6","1779250146"
"10324139637423","3.1寸默认横屏","/立创·泰山派开发板资料/第06章.【立创·泰山派】系统镜像/kernel4.9/【国际版镜像】智能小手机综合项目/Android/3.1寸默认横屏","True","0",,"6","1779250147"
"476293962450736","3.1寸默认竖屏","/立创·泰山派开发板资料/第06章.【立创·泰山派】系统镜像/kernel4.9/【国际版镜像】智能小手机综合项目/Android/3.1寸默认竖屏","True","0",,"6","1779250147"
"408369843850300","update.img","/立创·泰山派开发板资料/第06章.【立创·泰山派】系统镜像/kernel4.9/【国际版镜像】智能小手机综合项目/buildroot/update.img","False","522951242","26d218f78sda3ec2ed77394190a6e1ba","6","1779250147"
"384641708446800","LCKFB-TSPI-10.1inch-MIPI-TP_20241024.img","/立创·泰山派开发板资料/第06章.【立创·泰山派】系统镜像/kernel4.9/【镜像】Android/立创10.1寸31PIN MIPI屏幕总成镜像/LCKFB-TSPI-10.1inch-MIPI-TP_20241024.img","False","1652709962","6e4d8a30bnfd1120a2399fcf1b4e64b5","6","1779250148"
"461932118963669","立创10.1寸31PIN MIPI屏幕+触摸Android11驱动源码.zip","/立创·泰山派开发板资料/第06章.【立创·泰山派】系统镜像/kernel4.9/【镜像】Android/立创10.1寸31PIN MIPI屏幕总成镜像/立创10.1寸31PIN MIPI屏幕+触摸Android11驱动源码.zip","False","41404","11dd334c6t27176debdd3ab0dea061b2","6","1779250148"
"162194944832268","10.1inch_mipi_update20241022.img","/立创·泰山派开发板资料/第06章.【立创·泰山派】系统镜像/kernel4.9/【镜像】OpenHarmony/4.0版本/10.1inch_mipi_update20241022.img","False","3434781258","0f1a140c6geb7d24ba535348d39f5071","6","1779250151"
"1028954499941354","Openkylin-Rockchip-Tools-Addr.cfg","/立创·泰山派开发板资料/第06章.【立创·泰山派】系统镜像/kernel4.9/【镜像】OpenKylin/README/Openkylin-Rockchip-Tools-Addr.cfg","False","3079","b418b4f88seb6c3bf9f3be32731a1e73","6","1779250152"
"928379759385352","镜像烧录教程.mp4","/立创·泰山派开发板资料/第06章.【立创·泰山派】系统镜像/kernel4.9/【镜像】OpenKylin/README/镜像烧录教程.mp4","False","3510783","614ce543ei070d1175c062c2cd94c5b3","1","1779250152"
"21406448976573","boot.img","/立创·泰山派开发板资料/第06章.【立创·泰山派】系统镜像/kernel4.9/【镜像】Ubuntu20/USB共享网络的相关文件【RNDIS】/boot.img","False","24122880","27fd549d6ic3150a3be659e6c96e959a","6","1779250153"
"931911256077943","README.txt","/立创·泰山派开发板资料/第06章.【立创·泰山派】系统镜像/kernel4.9/【镜像】Ubuntu20/USB共享网络的相关文件【RNDIS】/README.txt","False","165","9b00a92f1vaf48fc548fc7184478c606","4","1779250153"
"1111590692157284","Tspi_Linux_config.cfg","/立创·泰山派开发板资料/第06章.【立创·泰山派】系统镜像/kernel4.9/【镜像】Ubuntu20/USB共享网络的相关文件【RNDIS】/Tspi_Linux_config.cfg","False","6129","c9bb10875p841deb292702bc25e71549","6","1779250153"
"674094117068748","ubuntu20.04_hdmi_20240220_RNDIS_update.img","/立创·泰山派开发板资料/第06章.【立创·泰山派】系统镜像/kernel4.9/【镜像】Ubuntu20/USB共享网络的相关文件【RNDIS】/ubuntu20.04_hdmi_20240220_RNDIS_update.img","False","4239276618","5106ee144ue209f9cc66747b131bb175","6","1779250153"
"707216319885022","docker.zip","/立创·泰山派开发板资料/第06章.【立创·泰山派】系统镜像/kernel4.9/【镜像】Ubuntu20/支持docker临时版本（镜像未全测）/docker.zip","False","83139774","7cedee15avcc7dd93aa9a868c65ab6d3","6","1779250153"
"247420560686994","readme.md","/立创·泰山派开发板资料/第06章.【立创·泰山派】系统镜像/kernel4.9/【镜像】Ubuntu20/支持docker临时版本（镜像未全测）/readme.md","False","935","c92e0aac8j01f81b50bd5b8073e2b53b","6","1779250153"
"856786347086751","ubuntu20.04_desktop20240923_update.zip","/立创·泰山派开发板资料/第06章.【立创·泰山派】系统镜像/kernel4.9/【镜像】Ubuntu20/支持docker临时版本（镜像未全测）/ubuntu20.04_desktop20240923_update.zip","False","1857462700","0e6e026f4m2ce95118825705e300dbab","6","1779250153"
"694847145772675","tspi-1m-kernel6.1-buildroot-hdmi-20260320.img","/立创·泰山派开发板资料/第06章.【立创·泰山派】系统镜像/kernel6.1/【镜像】Buildroot-kernel6.1/buildroot_kernel6.1_img/tspi-1m-kernel6.1-buildroot-hdmi-20260320.img","False","1064036938","bcbfcb0b3p72f8d94c2159850f475e9e","6","1779250165"
"807622716332318","tspi-1m-kernel6.1-debian-3.1inch-mipi-20260331.img","/立创·泰山派开发板资料/第06章.【立创·泰山派】系统镜像/kernel6.1/【镜像】Debian12/debian_kernel6.1_img/tspi-1m-kernel6.1-debian-3.1inch-mipi-20260331.img","False","4787677770","bcd848cc2h325cb306124d62eb58ccae","6","1779250166"
"760181188118620","tspi-1m-kernel6.1-debian-hdmi-20260320.img","/立创·泰山派开发板资料/第06章.【立创·泰山派】系统镜像/kernel6.1/【镜像】Debian12/debian_kernel6.1_img/tspi-1m-kernel6.1-debian-hdmi-20260320.img","False","4787665482","44760622euf1467464a7460ce20fcb09","6","1779250166"
"863621956661771","20240620","/立创·泰山派开发板资料/第09章.【立创·泰山派】项目案例/【底部扩展板】项目资料/【底部39脚】4G_HUB2.0_ET100_HS扩展板/Android固件/20240620","True","0",,"6","1718932976"
"730811246788838","补丁20240620","/立创·泰山派开发板资料/第09章.【立创·泰山派】项目案例/【底部扩展板】项目资料/【底部39脚】4G_HUB2.0_ET100_HS扩展板/Linux固件/补丁20240620","True","0",,"6","1718881332"
"1082182914183531","方法二：升级固件","/立创·泰山派开发板资料/第09章.【立创·泰山派】项目案例/【底部扩展板】项目资料/【底部39脚】4G_HUB2.0_ET100_HS扩展板/Linux固件/方法二：升级固件","True","0",,"6","1718881718"
"729959953939557","方法一：单独更新内核","/立创·泰山派开发板资料/第09章.【立创·泰山派】项目案例/【底部扩展板】项目资料/【底部39脚】4G_HUB2.0_ET100_HS扩展板/Linux固件/方法一：单独更新内核","True","0",,"6","1718879414"
"241835244257331","ubuntu-18.04.6-desktop-amd64.iso","/立创·泰山派开发板资料/第09章.【立创·泰山派】项目案例/【智能小手机】项目资料/1.环境搭建/环境安装包/ubuntu-18.04.6-desktop-amd64.iso","False","2514124800","a19720e41h9bb3f7b050c8ed2bc7f93b","6","1715653033"
"483178332609779","VirtualBox-7.0.14-161095-Win.exe","/立创·泰山派开发板资料/第09章.【立创·泰山派】项目案例/【智能小手机】项目资料/1.环境搭建/环境安装包/VirtualBox-7.0.14-161095-Win.exe","False","111161880","700b5e004k59c87a3c5577852b99097c","5","1715653033"
"1105130806182008","全烧录","/立创·泰山派开发板资料/第09章.【立创·泰山派】项目案例/【智能小手机】项目资料/2.SDK编译/Android配置文件/全烧录","True","0",,"6","1715653033"
"700864154009677","烧录内核","/立创·泰山派开发板资料/第09章.【立创·泰山派】项目案例/【智能小手机】项目资料/2.SDK编译/Android配置文件/烧录内核","True","0",,"6","1715653033"
"910888534627660","全烧录","/立创·泰山派开发板资料/第09章.【立创·泰山派】项目案例/【智能小手机】项目资料/2.SDK编译/Linux配置文件/全烧录","True","0",,"6","1715653033"
"230776424684159","烧录内核","/立创·泰山派开发板资料/第09章.【立创·泰山派】项目案例/【智能小手机】项目资料/2.SDK编译/Linux配置文件/烧录内核","True","0",,"6","1715653033"
"1027530899580993","RKDevTool_Release_v2.84.zip","/立创·泰山派开发板资料/第09章.【立创·泰山派】项目案例/【智能小手机】项目资料/2.SDK编译/烧录工具/RKDevTool_Release_v2.84.zip","False","2621113","a28218e67h65276945ca0af9f4a60c4b","6","1715653033"
"344331409971574","代码补丁","/立创·泰山派开发板资料/第09章.【立创·泰山派】项目案例/【智能小手机】项目资料/5.屏幕选型与调试/EDP屏资料/代码补丁","True","0",,"6","1715653033"
"1053878262846319","系统镜像","/立创·泰山派开发板资料/第09章.【立创·泰山派】项目案例/【智能小手机】项目资料/5.屏幕选型与调试/EDP屏资料/系统镜像","True","0",,"6","1715653033"
"252087811139921","M116BE0049A-1366X768 EDP(TN).pdf","/立创·泰山派开发板资料/第09章.【立创·泰山派】项目案例/【智能小手机】项目资料/5.屏幕选型与调试/EDP屏资料/M116BE0049A-1366X768 EDP(TN).pdf","False","3430780","c933226b7obafc4bf2a9abb733545040","4","1715653033"
"723292874648157","屏幕链接.txt","/立创·泰山派开发板资料/第09章.【立创·泰山派】项目案例/【智能小手机】项目资料/5.屏幕选型与调试/EDP屏资料/屏幕链接.txt","False","254","cfac658abv590e58a60dc1956d357ff7","4","1715653033"
"788079192983819","代码补丁","/立创·泰山派开发板资料/第09章.【立创·泰山派】项目案例/【智能小手机】项目资料/5.屏幕选型与调试/MIPI屏资料/代码补丁","True","0",,"6","1715653033"
"1090086004815578","屏幕资料","/立创·泰山派开发板资料/第09章.【立创·泰山派】项目案例/【智能小手机】项目资料/5.屏幕选型与调试/MIPI屏资料/屏幕资料","True","0",,"6","1715653033"
"300691674516664","系统镜像","/立创·泰山派开发板资料/第09章.【立创·泰山派】项目案例/【智能小手机】项目资料/5.屏幕选型与调试/MIPI屏资料/系统镜像","True","0",,"6","1715653033"
"959941950238200","屏幕链接.txt","/立创·泰山派开发板资料/第09章.【立创·泰山派】项目案例/【智能小手机】项目资料/5.屏幕选型与调试/MIPI屏资料/屏幕链接.txt","False","117","6c67ef86bh3e6f9eda88ddfb19ad148d","4","1715653033"
"286621062929598","Rockchip_RK3566_Datasheet_V1.2-20220601.pdf","/立创·泰山派开发板资料/第09章.【立创·泰山派】项目案例/【智能小手机】项目资料/5.屏幕选型与调试/瑞芯微数据手册/Rockchip_RK3566_Datasheet_V1.2-20220601.pdf","False","2123058","80237c88do606732b18fe370aa63994b","4","1715653033"
"905027115904020","CC10128007-31C    ILI9881C(2).txt","/立创·泰山派开发板资料/第09章.【立创·泰山派】项目案例/【智能小手机】项目资料/6.触摸驱动/触摸资料/CC10128007-31C    ILI9881C(2).txt","False","6239","76fcfe47di4135df9eb624942ad1c2d3","4","1715653033"
"311668292321483","FH-101054-V5(6PIN) 全贴合工程图-1028(2)(1).dwg","/立创·泰山派开发板资料/第09章.【立创·泰山派】项目案例/【智能小手机】项目资料/6.触摸驱动/触摸资料/FH-101054-V5(6PIN) 全贴合工程图-1028(2)(1).dwg","False","127274","c1674298dl9bef725793cb6848203051","6","1715653033"
"572902053157545","FH-101054-V5(6PIN) 全贴合工程图-1028.pdf","/立创·泰山派开发板资料/第09章.【立创·泰山派】项目案例/【智能小手机】项目资料/6.触摸驱动/触摸资料/FH-101054-V5(6PIN) 全贴合工程图-1028.pdf","False","561398","34a1cf658ga425d93adfed9326bb3b60","4","1725245390"
"397080211901390","GT9271_Config_20220925_172459.cfg","/立创·泰山派开发板资料/第09章.【立创·泰山派】项目案例/【智能小手机】项目资料/6.触摸驱动/触摸资料/GT9271_Config_20220925_172459.cfg","False","929","b689f9b42le16a105412d6bf9ddf1c62","6","1715653033"
"547044001034257","GT9xx_Driver_for_Android_V2.4_2014112801.rar","/立创·泰山派开发板资料/第09章.【立创·泰山派】项目案例/【智能小手机】项目资料/6.触摸驱动/触摸资料/GT9xx_Driver_for_Android_V2.4_2014112801.rar","False","502183","f9ae14178p84009fa3870fd09ef70d52","6","1715653033"
"128150084025267","Spec CC10128007-31C.pdf","/立创·泰山派开发板资料/第09章.【立创·泰山派】项目案例/【智能小手机】项目资料/6.触摸驱动/触摸资料/Spec CC10128007-31C.pdf","False","794426","47c021007j8e3f6cd0bc00c6cf83e246","4","1715653033"
"1100056549194510","电容触控芯片GT9271 (IC规格书)Datasheet_20140904（金鼎泰）.pdf","/立创·泰山派开发板资料/第09章.【立创·泰山派】项目案例/【智能小手机】项目资料/6.触摸驱动/触摸资料/电容触控芯片GT9271 (IC规格书)Datasheet_20140904（金鼎泰）.pdf","False","1658063","9d0f9a052h7b0c22d980d5dce26150fc","4","1715653033"
"567002221670916","my_touch_gt9271.zip","/立创·泰山派开发板资料/第09章.【立创·泰山派】项目案例/【智能小手机】项目资料/6.触摸驱动/代码补丁/my_touch_gt9271.zip","False","169204","d85bb2ff9h5b00c470ca951071e3d128","6","1715653033"
"1033745528886877","my_touch_patch.zip","/立创·泰山派开发板资料/第09章.【立创·泰山派】项目案例/【智能小手机】项目资料/6.触摸驱动/代码补丁/my_touch_patch.zip","False","40908","9f09d3993h877a5be33de0b0ce05057c","6","1715653033"
"614603943176328","泰山派10.1寸触摸补丁.zip","/立创·泰山派开发板资料/第09章.【立创·泰山派】项目案例/【智能小手机】项目资料/6.触摸驱动/代码补丁/泰山派10.1寸触摸补丁.zip","False","38542","fdaef3145kf6bd7a663eb7a1e4aed796","6","1715653033"
"939291036560564","导入eda方法.txt","/立创·泰山派开发板资料/第09章.【立创·泰山派】项目案例/【智能小手机】项目资料/6.触摸驱动/转接板/导入eda方法.txt","False","59","68269c41cnf2148adfd42fcf8f71bde2","4","1715653033"
"496119132814028","泰山派10.1寸屏触摸转接板_2024-04-01.epro","/立创·泰山派开发板资料/第09章.【立创·泰山派】项目案例/【智能小手机】项目资料/6.触摸驱动/转接板/泰山派10.1寸屏触摸转接板_2024-04-01.epro","False","26488","7357017dbr3d654862f99e1631c1afbf","6","1715653033"
"59485272674915","3.1寸大显MIPI补丁.zip","/立创·泰山派开发板资料/第09章.【立创·泰山派】项目案例/【智能小手机】项目资料/7.手机综合项目/代码补丁/3.1寸大显MIPI补丁.zip","False","13199","5599b242dkec4c8db66af883ebc3e456","6","1715653033"
"842302046839663","3.1寸屏幕背光驱动Linux补丁.zip","/立创·泰山派开发板资料/第09章.【立创·泰山派】项目案例/【智能小手机】项目资料/7.手机综合项目/代码补丁/3.1寸屏幕背光驱动Linux补丁.zip","False","20435","8aa9ded34l0c5bdf77a65a6359f810b6","6","1715653033"
"383437576814018","3.1寸屏幕背光驱动补丁.zip","/立创·泰山派开发板资料/第09章.【立创·泰山派】项目案例/【智能小手机】项目资料/7.手机综合项目/代码补丁/3.1寸屏幕背光驱动补丁.zip","False","100931","e54bd937at7285a36932bdc93c5f5a64","6","1715653033"
"648140019839497","3.1寸屏幕触摸Linxu驱动补丁.zip","/立创·泰山派开发板资料/第09章.【立创·泰山派】项目案例/【智能小手机】项目资料/7.手机综合项目/代码补丁/3.1寸屏幕触摸Linxu驱动补丁.zip","False","27831","e04ccbb3ep35d63505c64897255e6573","6","1715653033"
"717473273147178","3.1寸屏幕触摸驱动补丁.zip","/立创·泰山派开发板资料/第09章.【立创·泰山派】项目案例/【智能小手机】项目资料/7.手机综合项目/代码补丁/3.1寸屏幕触摸驱动补丁.zip","False","26845","1921eca69u4b6f76eefc5b48c653d3eb","6","1715653033"
"218235519789298","胖妞手机安卓版代码补丁（默认横屏）.zip","/立创·泰山派开发板资料/第09章.【立创·泰山派】项目案例/【智能小手机】项目资料/7.手机综合项目/代码补丁/胖妞手机安卓版代码补丁（默认横屏）.zip","False","32608828","ab5afe180k95f22ad4bcedf90709eac5","6","1715653033"
"894100785102015","胖妞手机安卓版代码补丁（默认竖屏）.zip","/立创·泰山派开发板资料/第09章.【立创·泰山派】项目案例/【智能小手机】项目资料/7.手机综合项目/代码补丁/胖妞手机安卓版代码补丁（默认竖屏）.zip","False","40999968","403e41b49i729f4552e1587ef11e957f","6","1715653033"
"120160174409326","胖妞手机3.1寸扩展板结构图.dxf","/立创·泰山派开发板资料/第09章.【立创·泰山派】项目案例/【智能小手机】项目资料/7.手机综合项目/结构文件/胖妞手机3.1寸扩展板结构图.dxf","False","236858","0bc6a982bv3a2b8c95b819366a0ca682","6","1715653033"
"475345029689725","3.1寸屏幕资料","/立创·泰山派开发板资料/第09章.【立创·泰山派】项目案例/【智能小手机】项目资料/7.手机综合项目/数据手册/3.1寸屏幕资料","True","0",,"6","1715653033"
"958110628998263","喇叭","/立创·泰山派开发板资料/第09章.【立创·泰山派】项目案例/【智能小手机】项目资料/7.手机综合项目/数据手册/喇叭","True","0",,"6","1715653033"
"902643621694723","芯片手册","/立创·泰山派开发板资料/第09章.【立创·泰山派】项目案例/【智能小手机】项目资料/7.手机综合项目/数据手册/芯片手册","True","0",,"6","1715653033"
"246524183534641","开机logo","/立创·泰山派开发板资料/第09章.【立创·泰山派】项目案例/【智能小手机】项目资料/7.手机综合项目/图片素材/开机logo","True","0",,"6","1715653033"
"363384174705004","开机动画","/立创·泰山派开发板资料/第09章.【立创·泰山派】项目案例/【智能小手机】项目资料/7.手机综合项目/图片素材/开机动画","True","0",,"6","1715653033"
"872752564507117","底壳.STEP","/立创·泰山派开发板资料/第09章.【立创·泰山派】项目案例/【智能小手机】项目资料/7.手机综合项目/外观结构/底壳.STEP","False","301492","20935dcfao163371f1c359a8f38ccd9f","6","1715653033"
"652748635876739","底壳.STL","/立创·泰山派开发板资料/第09章.【立创·泰山派】项目案例/【智能小手机】项目资料/7.手机综合项目/外观结构/底壳.STL","False","241484","508aa644bl422ae0651462596c05fedd","6","1715653033"
"140770842297036","顶壳.STEP","/立创·泰山派开发板资料/第09章.【立创·泰山派】项目案例/【智能小手机】项目资料/7.手机综合项目/外观结构/顶壳.STEP","False","1363361","c97d52058qad04c78abb5a0083852991","6","1715653033"
"145145774120525","顶壳.STL","/立创·泰山派开发板资料/第09章.【立创·泰山派】项目案例/【智能小手机】项目资料/7.手机综合项目/外观结构/顶壳.STL","False","1119284","17d074092t71da8107a68a82f16a51c0","6","1715653033"
"330414963589212","泰山派RK3566胖妞手机扩展板物料BOM.xlsx","/立创·泰山派开发板资料/第09章.【立创·泰山派】项目案例/【智能小手机】项目资料/7.手机综合项目/物流BOM/泰山派RK3566胖妞手机扩展板物料BOM.xlsx","False","8336","219dfb9fcr44878b26e2c0bd4bfec1c2","4","1715653033"
"36813141004366","Android","/立创·泰山派开发板资料/第09章.【立创·泰山派】项目案例/【智能小手机】项目资料/7.手机综合项目/系统镜像/Android","True","0",,"6","1715654023"
"517182208899746","buildroot","/立创·泰山派开发板资料/第09章.【立创·泰山派】项目案例/【智能小手机】项目资料/7.手机综合项目/系统镜像/buildroot","True","0",,"6","1715653033"
"276535551247088","update.img","/立创·泰山派开发板资料/第06章.【立创·泰山派】系统镜像/kernel4.9/【国际版镜像】智能小手机综合项目/Android/3.1寸默认横屏/update.img","False","1738119754","8827592c8t477786d6499ff572279273","6","1779250147"
"945052500994729","update.img","/立创·泰山派开发板资料/第06章.【立创·泰山派】系统镜像/kernel4.9/【国际版镜像】智能小手机综合项目/Android/3.1寸默认竖屏/update.img","False","1746881098","8175b7cc9i9315156655a723db15dd1a","6","1779250147"
"407687225585287","补丁","/立创·泰山派开发板资料/第09章.【立创·泰山派】项目案例/【底部扩展板】项目资料/【底部39脚】4G_HUB2.0_ET100_HS扩展板/Android固件/20240620/补丁","True","0",,"6","1718932976"
"395485060891165","boot.img","/立创·泰山派开发板资料/第09章.【立创·泰山派】项目案例/【底部扩展板】项目资料/【底部39脚】4G_HUB2.0_ET100_HS扩展板/Android固件/20240620/boot.img","False","33677312","8bf997d16o47b2bcfee56fbbc08e1ad3","6","1718879430"
"675262707869801","update.img","/立创·泰山派开发板资料/第09章.【立创·泰山派】项目案例/【底部扩展板】项目资料/【底部39脚】4G_HUB2.0_ET100_HS扩展板/Android固件/20240620/update.img","False","1652701770","848d7b1cfk5871fee0db89f116c2b51e","6","1718880499"
"1004862440885526","必读.txt","/立创·泰山派开发板资料/第09章.【立创·泰山派】项目案例/【底部扩展板】项目资料/【底部39脚】4G_HUB2.0_ET100_HS扩展板/Android固件/20240620/必读.txt","False","339","e277be518kb863eab71488cb625b509c","4","1718879395"
"973770991794399","kernel","/立创·泰山派开发板资料/第09章.【立创·泰山派】项目案例/【底部扩展板】项目资料/【底部39脚】4G_HUB2.0_ET100_HS扩展板/Linux固件/补丁20240620/kernel","True","0",,"6","1718881332"
"969893596653931","kernel.patch","/立创·泰山派开发板资料/第09章.【立创·泰山派】项目案例/【底部扩展板】项目资料/【底部39脚】4G_HUB2.0_ET100_HS扩展板/Linux固件/补丁20240620/kernel.patch","False","7264","855e2952ch86681b20fa98dd01e72826","6","1718881331"
"416868285220443","buildroot","/立创·泰山派开发板资料/第09章.【立创·泰山派】项目案例/【底部扩展板】项目资料/【底部39脚】4G_HUB2.0_ET100_HS扩展板/Linux固件/方法二：升级固件/buildroot","True","0",,"6","1718879764"
"451107162580617","debian","/立创·泰山派开发板资料/第09章.【立创·泰山派】项目案例/【底部扩展板】项目资料/【底部39脚】4G_HUB2.0_ET100_HS扩展板/Linux固件/方法二：升级固件/debian","True","0",,"6","1718881332"
"723917122724400","ubuntu20.04","/立创·泰山派开发板资料/第09章.【立创·泰山派】项目案例/【底部扩展板】项目资料/【底部39脚】4G_HUB2.0_ET100_HS扩展板/Linux固件/方法二：升级固件/ubuntu20.04","True","0",,"6","1718881718"
"402936001376570","boot.img","/立创·泰山派开发板资料/第09章.【立创·泰山派】项目案例/【底部扩展板】项目资料/【底部39脚】4G_HUB2.0_ET100_HS扩展板/Linux固件/方法一：单独更新内核/boot.img","False","24050176","638e8707cq24353742002eaf9f51359a","6","1718879414"
"376934341335807","必读.txt","/立创·泰山派开发板资料/第09章.【立创·泰山派】项目案例/【底部扩展板】项目资料/【底部39脚】4G_HUB2.0_ET100_HS扩展板/Linux固件/方法一：单独更新内核/必读.txt","False","339","e277be518kb863eab71488cb625b509c","4","1718879396"
"1069717808116785","Android_All_Config.cfg","/立创·泰山派开发板资料/第09章.【立创·泰山派】项目案例/【智能小手机】项目资料/2.SDK编译/Android配置文件/全烧录/Android_All_Config.cfg","False","6129","00f55c219u369bc42fcd176b7ec64442","6","1715653033"
"93872460293136","Android_Tspi_Kernel.cfg","/立创·泰山派开发板资料/第09章.【立创·泰山派】项目案例/【智能小手机】项目资料/2.SDK编译/Android配置文件/烧录内核/Android_Tspi_Kernel.cfg","False","6129","010d4b5c4h7234a76fdbb4332beea696","6","1715653033"
"873250810458516","Tspi_Linux_config.cfg","/立创·泰山派开发板资料/第09章.【立创·泰山派】项目案例/【智能小手机】项目资料/2.SDK编译/Linux配置文件/全烧录/Tspi_Linux_config.cfg","False","6129","c9bb10875p841deb292702bc25e71549","6","1715653033"
"624037561333655","Tspi_Linux_config.cfg","/立创·泰山派开发板资料/第09章.【立创·泰山派】项目案例/【智能小手机】项目资料/2.SDK编译/Linux配置文件/烧录内核/Tspi_Linux_config.cfg","False","6129","c9bb10875p841deb292702bc25e71549","6","1715653033"
"53400135626117","edp.patch","/立创·泰山派开发板资料/第09章.【立创·泰山派】项目案例/【智能小手机】项目资料/5.屏幕选型与调试/EDP屏资料/代码补丁/edp.patch","False","2372","6fb560fe6qadf48cdbfcecba88a9aca1","6","1715653033"
"825831085078578","tspi_Android_mipi800x1280_patch.zip","/立创·泰山派开发板资料/第09章.【立创·泰山派】项目案例/【智能小手机】项目资料/5.屏幕选型与调试/MIPI屏资料/代码补丁/tspi_Android_mipi800x1280_patch.zip","False","42688","167576b19vfa65ea20043a1ca7415379","6","1715653033"
"315740355840108","tspi_Linux_mipi800x1280_patch.zip","/立创·泰山派开发板资料/第09章.【立创·泰山派】项目案例/【智能小手机】项目资料/5.屏幕选型与调试/MIPI屏资料/代码补丁/tspi_Linux_mipi800x1280_patch.zip","False","10112","b0a9a5f73n077cc60c35647c4915605f","6","1715653033"
"868795632392259","4_xzjh_rk3568_11_0_parameters.txt","/立创·泰山派开发板资料/第09章.【立创·泰山派】项目案例/【智能小手机】项目资料/5.屏幕选型与调试/MIPI屏资料/屏幕资料/4_xzjh_rk3568_11_0_parameters.txt","False","1888","7bf5f92fbo5996261798a3c5b012c30b","4","1715653033"
"347440126844138","CC10128007-31C    ILI9881C.txt","/立创·泰山派开发板资料/第09章.【立创·泰山派】项目案例/【智能小手机】项目资料/5.屏幕选型与调试/MIPI屏资料/屏幕资料/CC10128007-31C    ILI9881C.txt","False","6239","76fcfe47di4135df9eb624942ad1c2d3","4","1715653033"
"291790342112960","ILI9881C-MIIPI-DataSheet.pdf","/立创·泰山派开发板资料/第09章.【立创·泰山派】项目案例/【智能小手机】项目资料/5.屏幕选型与调试/MIPI屏资料/屏幕资料/ILI9881C-MIIPI-DataSheet.pdf","False","8841256","767d2e22dq497363cbb8393bf80452fb","4","1715653033"
"1085854536251675","Spec CC10128007-31C..pdf","/立创·泰山派开发板资料/第09章.【立创·泰山派】项目案例/【智能小手机】项目资料/5.屏幕选型与调试/MIPI屏资料/屏幕资料/Spec CC10128007-31C..pdf","False","794426","47c021007j8e3f6cd0bc00c6cf83e246","4","1715653033"
"70602569464681","D310T9362V1 SPEC","/立创·泰山派开发板资料/第09章.【立创·泰山派】项目案例/【智能小手机】项目资料/7.手机综合项目/数据手册/3.1寸屏幕资料/D310T9362V1 SPEC","True","0",,"6","1715653033"
"757864977203270","触摸驱动","/立创·泰山派开发板资料/第09章.【立创·泰山派】项目案例/【智能小手机】项目资料/7.手机综合项目/数据手册/3.1寸屏幕资料/触摸驱动","True","0",,"6","1715653033"
"914968968224227","FT5x16 -   DataSheet _V0.1_-Preliminary.pdf","/立创·泰山派开发板资料/第09章.【立创·泰山派】项目案例/【智能小手机】项目资料/7.手机综合项目/数据手册/3.1寸屏幕资料/FT5x16 -   DataSheet _V0.1_-Preliminary.pdf","False","531244","dc3d8ab76he843998a694eda290cfc19","4","1715653033"
"618757360394080","寄存器地址.pdf","/立创·泰山派开发板资料/第09章.【立创·泰山派】项目案例/【智能小手机】项目资料/7.手机综合项目/数据手册/3.1寸屏幕资料/寄存器地址.pdf","False","192907","2f19a21a0keb5c17bbb07fe281c318f3","4","1715653033"
"682937853124572","屏幕链接地址.txt","/立创·泰山派开发板资料/第09章.【立创·泰山派】项目案例/【智能小手机】项目资料/7.手机综合项目/数据手册/3.1寸屏幕资料/屏幕链接地址.txt","False","119","688f65d83g9974e1b2179b01e4c83cc0","4","1715653033"
"487213097600881","喇叭2809.png","/立创·泰山派开发板资料/第09章.【立创·泰山派】项目案例/【智能小手机】项目资料/7.手机综合项目/数据手册/喇叭/喇叭2809.png","False","192189","1c9733ad0u2d41bdc54706b680a3a06f","3","1715653033"
"101954478388888","喇叭链接地址.txt","/立创·泰山派开发板资料/第09章.【立创·泰山派】项目案例/【智能小手机】项目资料/7.手机综合项目/数据手册/喇叭/喇叭链接地址.txt","False","212","971211791gd2a091dd4171a1ee86d5ff","4","1715653033"
"108094561063282","GP7101.pdf","/立创·泰山派开发板资料/第09章.【立创·泰山派】项目案例/【智能小手机】项目资料/7.手机综合项目/数据手册/芯片手册/GP7101.pdf","False","1147366","e69d72fadnea0940fe349ed613dfe9fa","4","1715653033"
"377870950423864","SY7201.pdf","/立创·泰山派开发板资料/第09章.【立创·泰山派】项目案例/【智能小手机】项目资料/7.手机综合项目/数据手册/芯片手册/SY7201.pdf","False","180869","afd159852s0cadefe580dd37fb3e885c","4","1715653033"
"833335516067799","横屏","/立创·泰山派开发板资料/第09章.【立创·泰山派】项目案例/【智能小手机】项目资料/7.手机综合项目/图片素材/开机logo/横屏","True","0",,"6","1715653033"
"305897145416155","竖屏","/立创·泰山派开发板资料/第09章.【立创·泰山派】项目案例/【智能小手机】项目资料/7.手机综合项目/图片素材/开机logo/竖屏","True","0",,"6","1715653033"
"931236044714814","横屏","/立创·泰山派开发板资料/第09章.【立创·泰山派】项目案例/【智能小手机】项目资料/7.手机综合项目/图片素材/开机动画/横屏","True","0",,"6","1715653033"
"692922033702901","竖屏","/立创·泰山派开发板资料/第09章.【立创·泰山派】项目案例/【智能小手机】项目资料/7.手机综合项目/图片素材/开机动画/竖屏","True","0",,"6","1715653033"
"688613187974967","transition.py","/立创·泰山派开发板资料/第09章.【立创·泰山派】项目案例/【智能小手机】项目资料/7.手机综合项目/图片素材/开机动画/transition.py","False","1115","033b5a3abpf2375911673721943d2737","6","1715653033"
"657311823665310","3.1寸默认横屏","/立创·泰山派开发板资料/第09章.【立创·泰山派】项目案例/【智能小手机】项目资料/7.手机综合项目/系统镜像/Android/3.1寸默认横屏","True","0",,"6","1715653033"
"833906068925936","3.1寸默认竖屏","/立创·泰山派开发板资料/第09章.【立创·泰山派】项目案例/【智能小手机】项目资料/7.手机综合项目/系统镜像/Android/3.1寸默认竖屏","True","0",,"6","1715654023"
"1092560407397720","update.img","/立创·泰山派开发板资料/第09章.【立创·泰山派】项目案例/【智能小手机】项目资料/7.手机综合项目/系统镜像/buildroot/update.img","False","522918474","e85d76fdbs214e2f06c3ea4070cc0ca6","6","1715653033"
"921178682813453","kernel","/立创·泰山派开发板资料/第09章.【立创·泰山派】项目案例/【底部扩展板】项目资料/【底部39脚】4G_HUB2.0_ET100_HS扩展板/Android固件/20240620/补丁/kernel","True","0",,"6","1718932976"
"312803509412804","kernel.patch","/立创·泰山派开发板资料/第09章.【立创·泰山派】项目案例/【底部扩展板】项目资料/【底部39脚】4G_HUB2.0_ET100_HS扩展板/Android固件/20240620/补丁/kernel.patch","False","9139","8efe594bdm988da0f1269366ed6096c4","6","1718932976"
"311944020826703","arch","/立创·泰山派开发板资料/第09章.【立创·泰山派】项目案例/【底部扩展板】项目资料/【底部39脚】4G_HUB2.0_ET100_HS扩展板/Linux固件/补丁20240620/kernel/arch","True","0",,"6","1718881331"
"268081983941930","drivers","/立创·泰山派开发板资料/第09章.【立创·泰山派】项目案例/【底部扩展板】项目资料/【底部39脚】4G_HUB2.0_ET100_HS扩展板/Linux固件/补丁20240620/kernel/drivers","True","0",,"6","1718881331"
"217270283826666","update20240620.img","/立创·泰山派开发板资料/第09章.【立创·泰山派】项目案例/【底部扩展板】项目资料/【底部39脚】4G_HUB2.0_ET100_HS扩展板/Linux固件/方法二：升级固件/buildroot/update20240620.img","False","522920522","8bc2a8733qf827d100eb6e5319802e2a","6","1718879764"
"619171607901038","update20240620.img","/立创·泰山派开发板资料/第09章.【立创·泰山派】项目案例/【底部扩展板】项目资料/【底部39脚】4G_HUB2.0_ET100_HS扩展板/Linux固件/方法二：升级固件/debian/update20240620.img","False","3151174218","065e1a53ak535dd032d3fe3fa9909950","6","1718881332"
"788542884190272","update20240620.img","/立创·泰山派开发板资料/第09章.【立创·泰山派】项目案例/【底部扩展板】项目资料/【底部39脚】4G_HUB2.0_ET100_HS扩展板/Linux固件/方法二：升级固件/ubuntu20.04/update20240620.img","False","4239192650","6fed9d3cbkbc73b6cea6ecf524e680b6","6","1718881718"
"809277070145261","D310T9362V1 SPEC.pdf","/立创·泰山派开发板资料/第09章.【立创·泰山派】项目案例/【智能小手机】项目资料/7.手机综合项目/数据手册/3.1寸屏幕资料/D310T9362V1 SPEC/D310T9362V1 SPEC.pdf","False","703893","561944810s2829692f8417f1386769f6","4","1715653033"
"343967602904941","st7701s 2018.9.26.txt","/立创·泰山派开发板资料/第09章.【立创·泰山派】项目案例/【智能小手机】项目资料/7.手机综合项目/数据手册/3.1寸屏幕资料/D310T9362V1 SPEC/st7701s 2018.9.26.txt","False","6321","645a4bbb5i14457ad8e5256dac2d5bc3","4","1715653033"
"525198711450676","ST7701S_SPEC_Preliminary V0.2.pdf","/立创·泰山派开发板资料/第09章.【立创·泰山派】项目案例/【智能小手机】项目资料/7.手机综合项目/数据手册/3.1寸屏幕资料/D310T9362V1 SPEC/ST7701S_SPEC_Preliminary V0.2.pdf","False","3135985","97c13460fve9a70e6b77e58c0ba29abc","4","1715653033"
"685886522866669","Focaltech_Linux driver","/立创·泰山派开发板资料/第09章.【立创·泰山派】项目案例/【智能小手机】项目资料/7.手机综合项目/数据手册/3.1寸屏幕资料/触摸驱动/Focaltech_Linux driver","True","0",,"6","1715653033"
"138454860038015","Focaltech_Touch_Driver_for_Qualcomm_V2.0_20170919(高通)","/立创·泰山派开发板资料/第09章.【立创·泰山派】项目案例/【智能小手机】项目资料/7.手机综合项目/数据手册/3.1寸屏幕资料/触摸驱动/Focaltech_Touch_Driver_for_Qualcomm_V2.0_20170919(高通)","True","0",,"6","1715653033"
"225730253195247","MTK ft5316_driver","/立创·泰山派开发板资料/第09章.【立创·泰山派】项目案例/【智能小手机】项目资料/7.手机综合项目/数据手册/3.1寸屏幕资料/触摸驱动/MTK ft5316_driver","True","0",,"6","1715653033"
"105416145460325","STM32（CPU是MCU）","/立创·泰山派开发板资料/第09章.【立创·泰山派】项目案例/【智能小手机】项目资料/7.手机综合项目/数据手册/3.1寸屏幕资料/触摸驱动/STM32（CPU是MCU）","True","0",,"6","1715653033"
"241344926210927","logo.bmp","/立创·泰山派开发板资料/第09章.【立创·泰山派】项目案例/【智能小手机】项目资料/7.手机综合项目/图片素材/开机logo/横屏/logo.bmp","False","1152056","e1539220bk0af1f68c0ee8b70f1d57af","3","1715653033"
"11136414946349","logo_kernel.bmp","/立创·泰山派开发板资料/第09章.【立创·泰山派】项目案例/【智能小手机】项目资料/7.手机综合项目/图片素材/开机logo/横屏/logo_kernel.bmp","False","1152056","e1539220bk0af1f68c0ee8b70f1d57af","3","1715653033"
"768967582879881","logo.bmp","/立创·泰山派开发板资料/第09章.【立创·泰山派】项目案例/【智能小手机】项目资料/7.手机综合项目/图片素材/开机logo/竖屏/logo.bmp","False","1152056","0cf8116d5ud8bf39d85944cd5e5b8e81","3","1715653033"
"789055717861262","logo_kernel.bmp","/立创·泰山派开发板资料/第09章.【立创·泰山派】项目案例/【智能小手机】项目资料/7.手机综合项目/图片素材/开机logo/竖屏/logo_kernel.bmp","False","1152056","0cf8116d5ud8bf39d85944cd5e5b8e81","3","1715653033"
"448978039556806","hz","/立创·泰山派开发板资料/第09章.【立创·泰山派】项目案例/【智能小手机】项目资料/7.手机综合项目/图片素材/开机动画/横屏/hz","True","0",,"6","1715653033"
"606158005116116","out","/立创·泰山派开发板资料/第09章.【立创·泰山派】项目案例/【智能小手机】项目资料/7.手机综合项目/图片素材/开机动画/横屏/out","True","0",,"6","1715653033"
"900571044510186","bootanimation.zip","/立创·泰山派开发板资料/第09章.【立创·泰山派】项目案例/【智能小手机】项目资料/7.手机综合项目/图片素材/开机动画/横屏/bootanimation.zip","False","989390","737d2685bmc259ec2fcc5726660e8631","6","1715653033"
"695883598785580","动画.mp4","/立创·泰山派开发板资料/第09章.【立创·泰山派】项目案例/【智能小手机】项目资料/7.手机综合项目/图片素材/开机动画/横屏/动画.mp4","False","11875200","856e97d6ckdabb6f1df3888ce19daf6a","1","1715653033"
"623032175362580","动画.psd","/立创·泰山派开发板资料/第09章.【立创·泰山派】项目案例/【智能小手机】项目资料/7.手机综合项目/图片素材/开机动画/横屏/动画.psd","False","3608780","164c5a964nebc0f39d9837a4bcb6b71b","6","1715653033"
"875467340916651","bootanimation","/立创·泰山派开发板资料/第09章.【立创·泰山派】项目案例/【智能小手机】项目资料/7.手机综合项目/图片素材/开机动画/竖屏/bootanimation","True","0",,"6","1715653033"
"765406030614418","hz","/立创·泰山派开发板资料/第09章.【立创·泰山派】项目案例/【智能小手机】项目资料/7.手机综合项目/图片素材/开机动画/竖屏/hz","True","0",,"6","1715653033"
"816906131872620","out","/立创·泰山派开发板资料/第09章.【立创·泰山派】项目案例/【智能小手机】项目资料/7.手机综合项目/图片素材/开机动画/竖屏/out","True","0",,"6","1715653033"
"110441594873188","bootanimation.zip","/立创·泰山派开发板资料/第09章.【立创·泰山派】项目案例/【智能小手机】项目资料/7.手机综合项目/图片素材/开机动画/竖屏/bootanimation.zip","False","9848186","32b628a12j1397f8f4138f4b7f615320","6","1715653033"
"875567694236931","动画.mp4","/立创·泰山派开发板资料/第09章.【立创·泰山派】项目案例/【智能小手机】项目资料/7.手机综合项目/图片素材/开机动画/竖屏/动画.mp4","False","16823551","c8c838a0ch96aeefc052f21dd9a43806","1","1715653033"
"376488384141113","update.img","/立创·泰山派开发板资料/第09章.【立创·泰山派】项目案例/【智能小手机】项目资料/7.手机综合项目/系统镜像/Android/3.1寸默认横屏/update.img","False","1738062410","e2f726381u948b5d72053b78608186a4","6","1715653033"
"94063181381392","update.img","/立创·泰山派开发板资料/第09章.【立创·泰山派】项目案例/【智能小手机】项目资料/7.手机综合项目/系统镜像/Android/3.1寸默认竖屏/update.img","False","1746823754","11c20dd25r3efa2d8a33174a5750f9f4","6","1715654023"
"255065181606717","arch","/立创·泰山派开发板资料/第09章.【立创·泰山派】项目案例/【底部扩展板】项目资料/【底部39脚】4G_HUB2.0_ET100_HS扩展板/Android固件/20240620/补丁/kernel/arch","True","0",,"6","1718932976"
"711287942838790","drivers","/立创·泰山派开发板资料/第09章.【立创·泰山派】项目案例/【底部扩展板】项目资料/【底部39脚】4G_HUB2.0_ET100_HS扩展板/Android固件/20240620/补丁/kernel/drivers","True","0",,"6","1718932976"
"645222391857325","arm64","/立创·泰山派开发板资料/第09章.【立创·泰山派】项目案例/【底部扩展板】项目资料/【底部39脚】4G_HUB2.0_ET100_HS扩展板/Linux固件/补丁20240620/kernel/arch/arm64","True","0",,"6","1718881331"
"922977916086254","net","/立创·泰山派开发板资料/第09章.【立创·泰山派】项目案例/【底部扩展板】项目资料/【底部39脚】4G_HUB2.0_ET100_HS扩展板/Linux固件/补丁20240620/kernel/drivers/net","True","0",,"6","1718881332"
"661982850904712","ft5x06_ts.c","/立创·泰山派开发板资料/第09章.【立创·泰山派】项目案例/【智能小手机】项目资料/7.手机综合项目/数据手册/3.1寸屏幕资料/触摸驱动/Focaltech_Linux driver/ft5x06_ts.c","False","38401","f74f85756kad4ad1e68cb478ba91ea44","6","1715653033"
"589820996436222","ft5x06_ts.h","/立创·泰山派开发板资料/第09章.【立创·泰山派】项目案例/【智能小手机】项目资料/7.手机综合项目/数据手册/3.1寸屏幕资料/触摸驱动/Focaltech_Linux driver/ft5x06_ts.h","False","3314","87de01d25i11822567a3f66ca628c9ac","6","1715653033"
"177540197316978","Focaltech_Touch_Driver_for_Qualcomm_V2.0_20170919","/立创·泰山派开发板资料/第09章.【立创·泰山派】项目案例/【智能小手机】项目资料/7.手机综合项目/数据手册/3.1寸屏幕资料/触摸驱动/Focaltech_Touch_Driver_for_Qualcomm_V2.0_20170919(高通)/Focaltech_Touch_Driver_for_Qualcomm_V2.0_20170919","True","0",,"6","1715653033"
"732145990983157","ft5316_driver.c","/立创·泰山派开发板资料/第09章.【立创·泰山派】项目案例/【智能小手机】项目资料/7.手机综合项目/数据手册/3.1寸屏幕资料/触摸驱动/MTK ft5316_driver/ft5316_driver.c","False","37493","f428cf1a1u85c4beb07fae146fd84515","6","1715653033"
"963140091673307","FT6336.c","/立创·泰山派开发板资料/第09章.【立创·泰山派】项目案例/【智能小手机】项目资料/7.手机综合项目/数据手册/3.1寸屏幕资料/触摸驱动/STM32（CPU是MCU）/FT6336.c","False","8858","08e022cbap44fb703e6c96312a787ee2","6","1715653033"
"43636957788393","FT6336.h","/立创·泰山派开发板资料/第09章.【立创·泰山派】项目案例/【智能小手机】项目资料/7.手机综合项目/数据手册/3.1寸屏幕资料/触摸驱动/STM32（CPU是MCU）/FT6336.h","False","6700","585b6d332t269e349f9f64cce331ecec","6","1715653033"
"60819311619928","图层 1.png","/立创·泰山派开发板资料/第09章.【立创·泰山派】项目案例/【智能小手机】项目资料/7.手机综合项目/图片素材/开机动画/横屏/hz/图层 1.png","False","21851","c315f1494p540f75dcbdfaf20a39c6a8","3","1715653033"
"60272675872189","图层 10.png","/立创·泰山派开发板资料/第09章.【立创·泰山派】项目案例/【智能小手机】项目资料/7.手机综合项目/图片素材/开机动画/横屏/hz/图层 10.png","False","8942","18d718131n1d632ea2865cf522fdc875","3","1715653033"
"446646040421413","图层 100.png","/立创·泰山派开发板资料/第09章.【立创·泰山派】项目案例/【智能小手机】项目资料/7.手机综合项目/图片素材/开机动画/横屏/hz/图层 100.png","False","8970","a367f171ar1a99cb27d864a535d2278f","3","1715653033"
"605823375229024","图层 101.png","/立创·泰山派开发板资料/第09章.【立创·泰山派】项目案例/【智能小手机】项目资料/7.手机综合项目/图片素材/开机动画/横屏/hz/图层 101.png","False","8223","ec959db38id78588124761b75ea3eeaf","3","1715653033"
"733964861723913","图层 102.png","/立创·泰山派开发板资料/第09章.【立创·泰山派】项目案例/【智能小手机】项目资料/7.手机综合项目/图片素材/开机动画/横屏/hz/图层 102.png","False","7510","f57f62269occ6c403e9573b1cc785851","3","1715653033"
"914928416518007","图层 103.png","/立创·泰山派开发板资料/第09章.【立创·泰山派】项目案例/【智能小手机】项目资料/7.手机综合项目/图片素材/开机动画/横屏/hz/图层 103.png","False","6482","b24724dc9me687f623ea9222d8c5cfee","3","1715653033"
"580456840919967","图层 104.png","/立创·泰山派开发板资料/第09章.【立创·泰山派】项目案例/【智能小手机】项目资料/7.手机综合项目/图片素材/开机动画/横屏/hz/图层 104.png","False","7159","907acf753jdbf897db30db0b330a00bc","3","1715653033"
"275200002161779","图层 105.png","/立创·泰山派开发板资料/第09章.【立创·泰山派】项目案例/【智能小手机】项目资料/7.手机综合项目/图片素材/开机动画/横屏/hz/图层 105.png","False","7717","5b102233cm45b4d7a3d4761a25738d9e","3","1715653033"
"1027310066773247","图层 106.png","/立创·泰山派开发板资料/第09章.【立创·泰山派】项目案例/【智能小手机】项目资料/7.手机综合项目/图片素材/开机动画/横屏/hz/图层 106.png","False","7139","301efc2f4te9461370361a817ed49397","3","1715653033"
"407178436003033","图层 107.png","/立创·泰山派开发板资料/第09章.【立创·泰山派】项目案例/【智能小手机】项目资料/7.手机综合项目/图片素材/开机动画/横屏/hz/图层 107.png","False","7851","5137302b1l58d624b21da89744193483","3","1715653033"
"341547499823755","图层 108.png","/立创·泰山派开发板资料/第09章.【立创·泰山派】项目案例/【智能小手机】项目资料/7.手机综合项目/图片素材/开机动画/横屏/hz/图层 108.png","False","8299","852f29dbem54ae03c29d5b7884f0be6b","3","1715653033"
"342460911099872","图层 109.png","/立创·泰山派开发板资料/第09章.【立创·泰山派】项目案例/【智能小手机】项目资料/7.手机综合项目/图片素材/开机动画/横屏/hz/图层 109.png","False","8509","f4ab15f57k3a46d96acca603fb224a96","3","1715653033"
"303729604992377","图层 11.png","/立创·泰山派开发板资料/第09章.【立创·泰山派】项目案例/【智能小手机】项目资料/7.手机综合项目/图片素材/开机动画/横屏/hz/图层 11.png","False","9569","656d6c6een9128eee3698796bd6af4ea","3","1715653033"
"768723956345536","图层 110.png","/立创·泰山派开发板资料/第09章.【立创·泰山派】项目案例/【智能小手机】项目资料/7.手机综合项目/图片素材/开机动画/横屏/hz/图层 110.png","False","8777","c4896adb4l1463928f4c2d256d521c84","3","1715653033"
"233966796607312","图层 111.png","/立创·泰山派开发板资料/第09章.【立创·泰山派】项目案例/【智能小手机】项目资料/7.手机综合项目/图片素材/开机动画/横屏/hz/图层 111.png","False","8514","cb69065bei07feddebccd3823c8063a0","3","1715653033"
"205849696153521","图层 112.png","/立创·泰山派开发板资料/第09章.【立创·泰山派】项目案例/【智能小手机】项目资料/7.手机综合项目/图片素材/开机动画/横屏/hz/图层 112.png","False","8461","da0bc3da8k8eb05d14dd8c17fcec5f3f","3","1715653033"
"41565679538284","图层 113.png","/立创·泰山派开发板资料/第09章.【立创·泰山派】项目案例/【智能小手机】项目资料/7.手机综合项目/图片素材/开机动画/横屏/hz/图层 113.png","False","8878","5e38557f1t28ebb0ac9138f5f5a82627","3","1715653033"
"209872484476045","图层 114.png","/立创·泰山派开发板资料/第09章.【立创·泰山派】项目案例/【智能小手机】项目资料/7.手机综合项目/图片素材/开机动画/横屏/hz/图层 114.png","False","9013","4be3dc4b5k1a2aa2cdb8dab430c8c2fd","3","1715653033"
"662199726841759","图层 115.png","/立创·泰山派开发板资料/第09章.【立创·泰山派】项目案例/【智能小手机】项目资料/7.手机综合项目/图片素材/开机动画/横屏/hz/图层 115.png","False","8439","93d43d263kb0e5e06206b21b70f9cbab","3","1715653033"
"476083681227957","图层 116.png","/立创·泰山派开发板资料/第09章.【立创·泰山派】项目案例/【智能小手机】项目资料/7.手机综合项目/图片素材/开机动画/横屏/hz/图层 116.png","False","7319","a7e0e5ecbg7a084c95db18ba0fe1030f","3","1715653033"
"622233439956564","图层 117.png","/立创·泰山派开发板资料/第09章.【立创·泰山派】项目案例/【智能小手机】项目资料/7.手机综合项目/图片素材/开机动画/横屏/hz/图层 117.png","False","6495","3cbccb3d4o02b3c87e71a4ff178bbde8","3","1715653033"
"937729652919453","图层 12.png","/立创·泰山派开发板资料/第09章.【立创·泰山派】项目案例/【智能小手机】项目资料/7.手机综合项目/图片素材/开机动画/横屏/hz/图层 12.png","False","9904","5f2714478kd2af0582e47dd5071e5473","3","1715653033"
"33053787933237","图层 13.png","/立创·泰山派开发板资料/第09章.【立创·泰山派】项目案例/【智能小手机】项目资料/7.手机综合项目/图片素材/开机动画/横屏/hz/图层 13.png","False","8831","0af35323cl77419791d5fade4549a838","3","1715653033"
"521248274120051","图层 14.png","/立创·泰山派开发板资料/第09章.【立创·泰山派】项目案例/【智能小手机】项目资料/7.手机综合项目/图片素材/开机动画/横屏/hz/图层 14.png","False","7386","d84f8e5eeh256609401a8b4decb610e3","3","1715653033"
"1093439880076263","图层 15.png","/立创·泰山派开发板资料/第09章.【立创·泰山派】项目案例/【智能小手机】项目资料/7.手机综合项目/图片素材/开机动画/横屏/hz/图层 15.png","False","7322","7ea206f54scb097195d1b2437523540e","3","1715653033"
"931548113761459","图层 16.png","/立创·泰山派开发板资料/第09章.【立创·泰山派】项目案例/【智能小手机】项目资料/7.手机综合项目/图片素材/开机动画/横屏/hz/图层 16.png","False","7942","80c407601r02d8e1e97ce2285a1b6e4f","3","1715653033"
"1043218288633811","图层 17.png","/立创·泰山派开发板资料/第09章.【立创·泰山派】项目案例/【智能小手机】项目资料/7.手机综合项目/图片素材/开机动画/横屏/hz/图层 17.png","False","8030","de8b7e93aj2636077350456c063a9175","3","1715653033"
"936985913656638","图层 18.png","/立创·泰山派开发板资料/第09章.【立创·泰山派】项目案例/【智能小手机】项目资料/7.手机综合项目/图片素材/开机动画/横屏/hz/图层 18.png","False","6989","81c25c461r145a35c9c827fdbe0d923a","3","1715653033"
"672891811258065","图层 19.png","/立创·泰山派开发板资料/第09章.【立创·泰山派】项目案例/【智能小手机】项目资料/7.手机综合项目/图片素材/开机动画/横屏/hz/图层 19.png","False","7327","0b95ad5ffh0932127de37ba014dd6c87","3","1715653033"
"883861944910308","图层 2.png","/立创·泰山派开发板资料/第09章.【立创·泰山派】项目案例/【智能小手机】项目资料/7.手机综合项目/图片素材/开机动画/横屏/hz/图层 2.png","False","19283","9fa5a54e6h83870efd1ce68dd1c7fe13","3","1715653033"
"121166104577217","图层 20.png","/立创·泰山派开发板资料/第09章.【立创·泰山派】项目案例/【智能小手机】项目资料/7.手机综合项目/图片素材/开机动画/横屏/hz/图层 20.png","False","8576","1136a5922i433b6da25b54e7fef2a6a0","3","1715653033"
"1034502785396124","图层 21.png","/立创·泰山派开发板资料/第09章.【立创·泰山派】项目案例/【智能小手机】项目资料/7.手机综合项目/图片素材/开机动画/横屏/hz/图层 21.png","False","9690","2e1672212kcc96128b712ba0ea3451ce","3","1715653033"
"472275925155504","图层 22.png","/立创·泰山派开发板资料/第09章.【立创·泰山派】项目案例/【智能小手机】项目资料/7.手机综合项目/图片素材/开机动画/横屏/hz/图层 22.png","False","7260","5e3e136cdoa20464b36c9344448aebdd","3","1715653033"
"416640069252715","图层 23.png","/立创·泰山派开发板资料/第09章.【立创·泰山派】项目案例/【智能小手机】项目资料/7.手机综合项目/图片素材/开机动画/横屏/hz/图层 23.png","False","6842","d7df6f7a8qaf24bcd809a4cd70b2a1a4","3","1715653033"
"601518461860568","图层 24.png","/立创·泰山派开发板资料/第09章.【立创·泰山派】项目案例/【智能小手机】项目资料/7.手机综合项目/图片素材/开机动画/横屏/hz/图层 24.png","False","7516","fd1a4130bp07717f3b81d1bd175aef7c","3","1715653033"
"690459809668273","图层 25.png","/立创·泰山派开发板资料/第09章.【立创·泰山派】项目案例/【智能小手机】项目资料/7.手机综合项目/图片素材/开机动画/横屏/hz/图层 25.png","False","7178","6426320achb0ab30e5e553d507cd0dbe","3","1715653033"
"78445671769178","图层 26.png","/立创·泰山派开发板资料/第09章.【立创·泰山派】项目案例/【智能小手机】项目资料/7.手机综合项目/图片素材/开机动画/横屏/hz/图层 26.png","False","6492","ca44367abn4a6352db431b38e898505a","3","1715653033"
"961640291648124","图层 27.png","/立创·泰山派开发板资料/第09章.【立创·泰山派】项目案例/【智能小手机】项目资料/7.手机综合项目/图片素材/开机动画/横屏/hz/图层 27.png","False","6271","2803f1381s259d6b250cfd8f2795031f","3","1715653033"
"719911488605906","图层 28.png","/立创·泰山派开发板资料/第09章.【立创·泰山派】项目案例/【智能小手机】项目资料/7.手机综合项目/图片素材/开机动画/横屏/hz/图层 28.png","False","6564","5ea6c146dj35e8f666c924f37ea89b0e","3","1715653033"
"595908074920624","图层 29.png","/立创·泰山派开发板资料/第09章.【立创·泰山派】项目案例/【智能小手机】项目资料/7.手机综合项目/图片素材/开机动画/横屏/hz/图层 29.png","False","7558","160c2fe9fqd16f6fec118b99b5eae52a","3","1715653033"
"424123604870128","图层 3.png","/立创·泰山派开发板资料/第09章.【立创·泰山派】项目案例/【智能小手机】项目资料/7.手机综合项目/图片素材/开机动画/横屏/hz/图层 3.png","False","16250","283890e77ld57990f15db267de96d21b","3","1715653033"
"975484577585397","图层 30.png","/立创·泰山派开发板资料/第09章.【立创·泰山派】项目案例/【智能小手机】项目资料/7.手机综合项目/图片素材/开机动画/横屏/hz/图层 30.png","False","7452","114433caag570c06fc00e6731a817f39","3","1715653033"
"56918754754687","图层 31.png","/立创·泰山派开发板资料/第09章.【立创·泰山派】项目案例/【智能小手机】项目资料/7.手机综合项目/图片素材/开机动画/横屏/hz/图层 31.png","False","5982","ccff54862gfdbe1378286b6638ae2ca1","3","1715653033"
"321915648525650","图层 32.png","/立创·泰山派开发板资料/第09章.【立创·泰山派】项目案例/【智能小手机】项目资料/7.手机综合项目/图片素材/开机动画/横屏/hz/图层 32.png","False","6516","ab1c2ea8dqbb3d838a8d6ea87328371b","3","1715653033"
"571359742235534","图层 33.png","/立创·泰山派开发板资料/第09章.【立创·泰山派】项目案例/【智能小手机】项目资料/7.手机综合项目/图片素材/开机动画/横屏/hz/图层 33.png","False","6407","d526257dckaee0c892c30bdf5acbc2b2","3","1715653033"
"286454773933921","图层 34.png","/立创·泰山派开发板资料/第09章.【立创·泰山派】项目案例/【智能小手机】项目资料/7.手机综合项目/图片素材/开机动画/横屏/hz/图层 34.png","False","7098","9c5268eean8069ec0333b29159b3738b","3","1715653033"
"482104418321881","图层 35.png","/立创·泰山派开发板资料/第09章.【立创·泰山派】项目案例/【智能小手机】项目资料/7.手机综合项目/图片素材/开机动画/横屏/hz/图层 35.png","False","7635","082e02b7brd0f03e292bfe9e26c31c60","3","1715653033"
"954986302119666","图层 36.png","/立创·泰山派开发板资料/第09章.【立创·泰山派】项目案例/【智能小手机】项目资料/7.手机综合项目/图片素材/开机动画/横屏/hz/图层 36.png","False","6193","afb437aacvdd4aa553c852adc1fa8c00","3","1715653033"
"65772304503029","图层 37.png","/立创·泰山派开发板资料/第09章.【立创·泰山派】项目案例/【智能小手机】项目资料/7.手机综合项目/图片素材/开机动画/横屏/hz/图层 37.png","False","6931","4b5b62fd7oe1236c441e3246c46bf965","3","1715653033"
"251697594034121","图层 38.png","/立创·泰山派开发板资料/第09章.【立创·泰山派】项目案例/【智能小手机】项目资料/7.手机综合项目/图片素材/开机动画/横屏/hz/图层 38.png","False","7155","7cfe89082v591c96cd21c5b7839d93c2","3","1715653033"
"16368996650506","图层 39.png","/立创·泰山派开发板资料/第09章.【立创·泰山派】项目案例/【智能小手机】项目资料/7.手机综合项目/图片素材/开机动画/横屏/hz/图层 39.png","False","7106","c279273b5rfa303f614280a98f128540","3","1715653033"
"506872806931742","图层 4.png","/立创·泰山派开发板资料/第09章.【立创·泰山派】项目案例/【智能小手机】项目资料/7.手机综合项目/图片素材/开机动画/横屏/hz/图层 4.png","False","11950","a349e75c5o5ba98203ff8d4509d55145","3","1715653033"
"628095322539807","图层 40.png","/立创·泰山派开发板资料/第09章.【立创·泰山派】项目案例/【智能小手机】项目资料/7.手机综合项目/图片素材/开机动画/横屏/hz/图层 40.png","False","6127","cfd752b5akc1402da27b021707ddd5b0","3","1715653033"
"958233174819372","图层 41.png","/立创·泰山派开发板资料/第09章.【立创·泰山派】项目案例/【智能小手机】项目资料/7.手机综合项目/图片素材/开机动画/横屏/hz/图层 41.png","False","6774","299fd2647ve83a61f28a1aeb6bd01821","3","1715653033"
"611567745219828","图层 42.png","/立创·泰山派开发板资料/第09章.【立创·泰山派】项目案例/【智能小手机】项目资料/7.手机综合项目/图片素材/开机动画/横屏/hz/图层 42.png","False","6611","8f3a9def6r15569794611411f55db3df","3","1715653033"
"132531607211552","图层 43.png","/立创·泰山派开发板资料/第09章.【立创·泰山派】项目案例/【智能小手机】项目资料/7.手机综合项目/图片素材/开机动画/横屏/hz/图层 43.png","False","6831","e026a4348nb67a07d9b1e0e7bc530ee5","3","1715653033"
"940971871782040","图层 44.png","/立创·泰山派开发板资料/第09章.【立创·泰山派】项目案例/【智能小手机】项目资料/7.手机综合项目/图片素材/开机动画/横屏/hz/图层 44.png","False","7073","9f098028dpd4f1716b8c60ebc5eddca6","3","1715653033"
"1073251320079763","图层 45.png","/立创·泰山派开发板资料/第09章.【立创·泰山派】项目案例/【智能小手机】项目资料/7.手机综合项目/图片素材/开机动画/横屏/hz/图层 45.png","False","7192","2fe874f78gb070f4715ad74e64eacf70","3","1715653033"
"353705427804275","图层 46.png","/立创·泰山派开发板资料/第09章.【立创·泰山派】项目案例/【智能小手机】项目资料/7.手机综合项目/图片素材/开机动画/横屏/hz/图层 46.png","False","6789","1122daf89k4f926b9698be6a1682bacd","3","1715653033"
"1034810829857170","图层 47.png","/立创·泰山派开发板资料/第09章.【立创·泰山派】项目案例/【智能小手机】项目资料/7.手机综合项目/图片素材/开机动画/横屏/hz/图层 47.png","False","8084","19d0aff40gf68cb97f8ddec8515cd2f7","3","1715653033"
"1077420674791812","图层 48.png","/立创·泰山派开发板资料/第09章.【立创·泰山派】项目案例/【智能小手机】项目资料/7.手机综合项目/图片素材/开机动画/横屏/hz/图层 48.png","False","7690","690348f93t71ce44b5aa391e67696acd","3","1715653033"
"1042029145452141","图层 49.png","/立创·泰山派开发板资料/第09章.【立创·泰山派】项目案例/【智能小手机】项目资料/7.手机综合项目/图片素材/开机动画/横屏/hz/图层 49.png","False","6402","31bea02f7j63717b6f4478bfb4035b74","3","1715653033"
"624219153405327","图层 5.png","/立创·泰山派开发板资料/第09章.【立创·泰山派】项目案例/【智能小手机】项目资料/7.手机综合项目/图片素材/开机动画/横屏/hz/图层 5.png","False","9566","94051e23bnd0614b4428c7b4dd96ec27","3","1715653033"
"568577627490037","图层 50.png","/立创·泰山派开发板资料/第09章.【立创·泰山派】项目案例/【智能小手机】项目资料/7.手机综合项目/图片素材/开机动画/横屏/hz/图层 50.png","False","7137","d88b33685rbca2561ededcc46843c679","3","1715653033"
"48643024342048","图层 51.png","/立创·泰山派开发板资料/第09章.【立创·泰山派】项目案例/【智能小手机】项目资料/7.手机综合项目/图片素材/开机动画/横屏/hz/图层 51.png","False","7449","1b4ec96f5if250e5bb1edf3dd433600e","3","1715653033"
"789793681982502","图层 52.png","/立创·泰山派开发板资料/第09章.【立创·泰山派】项目案例/【智能小手机】项目资料/7.手机综合项目/图片素材/开机动画/横屏/hz/图层 52.png","False","7994","ec53b3303p28b94a5dbac7814298f7c5","3","1715653033"
"883934174076094","图层 53.png","/立创·泰山派开发板资料/第09章.【立创·泰山派】项目案例/【智能小手机】项目资料/7.手机综合项目/图片素材/开机动画/横屏/hz/图层 53.png","False","6903","94074e44cqce655e7a615e300260e0a4","3","1715653033"
"414625593831119","图层 54.png","/立创·泰山派开发板资料/第09章.【立创·泰山派】项目案例/【智能小手机】项目资料/7.手机综合项目/图片素材/开机动画/横屏/hz/图层 54.png","False","6777","3945b4341i7274022c070efade400b61","3","1715653033"
"610977730887430","图层 55.png","/立创·泰山派开发板资料/第09章.【立创·泰山派】项目案例/【智能小手机】项目资料/7.手机综合项目/图片素材/开机动画/横屏/hz/图层 55.png","False","6527","f6765c9b4j90833d51972a9717114470","3","1715653033"
"880897445858266","图层 56.png","/立创·泰山派开发板资料/第09章.【立创·泰山派】项目案例/【智能小手机】项目资料/7.手机综合项目/图片素材/开机动画/横屏/hz/图层 56.png","False","7134","80d66e143g0a7c0435a54b9ca6a35352","3","1715653033"
"564844952597685","图层 57.png","/立创·泰山派开发板资料/第09章.【立创·泰山派】项目案例/【智能小手机】项目资料/7.手机综合项目/图片素材/开机动画/横屏/hz/图层 57.png","False","7748","2f229cbe6l96809cfb5f4769d8f14f31","3","1715653033"
"1026549020212477","图层 58.png","/立创·泰山派开发板资料/第09章.【立创·泰山派】项目案例/【智能小手机】项目资料/7.手机综合项目/图片素材/开机动画/横屏/hz/图层 58.png","False","7431","8d95fd364qaf6999a647cc83cb0e2ad1","3","1715653033"
"369576772204329","图层 59.png","/立创·泰山派开发板资料/第09章.【立创·泰山派】项目案例/【智能小手机】项目资料/7.手机综合项目/图片素材/开机动画/横屏/hz/图层 59.png","False","6901","f1c836affge615c8d90bda0f04a4d8ba","3","1715653033"
"202180838076200","图层 6.png","/立创·泰山派开发板资料/第09章.【立创·泰山派】项目案例/【智能小手机】项目资料/7.手机综合项目/图片素材/开机动画/横屏/hz/图层 6.png","False","9548","31437c0fck4c286845ec24200854daa7","3","1715653033"
"967858929801375","图层 60.png","/立创·泰山派开发板资料/第09章.【立创·泰山派】项目案例/【智能小手机】项目资料/7.手机综合项目/图片素材/开机动画/横屏/hz/图层 60.png","False","7096","c0e51dd2br2d8a909c9512c7cd5e4702","3","1715653033"
"145238250476234","图层 61.png","/立创·泰山派开发板资料/第09章.【立创·泰山派】项目案例/【智能小手机】项目资料/7.手机综合项目/图片素材/开机动画/横屏/hz/图层 61.png","False","7794","7b10e5b3dnb877c2c6c21dcf634ccad7","3","1715653033"
"550766600826251","图层 62.png","/立创·泰山派开发板资料/第09章.【立创·泰山派】项目案例/【智能小手机】项目资料/7.手机综合项目/图片素材/开机动画/横屏/hz/图层 62.png","False","7995","0ec2f8716tccc730bfa386eae4acf4e9","3","1715653033"
"749216417823797","图层 63.png","/立创·泰山派开发板资料/第09章.【立创·泰山派】项目案例/【智能小手机】项目资料/7.手机综合项目/图片素材/开机动画/横屏/hz/图层 63.png","False","7962","98ec890b2n69ed2d7c811a30d400c8ab","3","1715653033"
"14744472042383","图层 64.png","/立创·泰山派开发板资料/第09章.【立创·泰山派】项目案例/【智能小手机】项目资料/7.手机综合项目/图片素材/开机动画/横屏/hz/图层 64.png","False","9282","d09182091q8705fe2af7d296044176de","3","1715653033"
"535467171809291","图层 65.png","/立创·泰山派开发板资料/第09章.【立创·泰山派】项目案例/【智能小手机】项目资料/7.手机综合项目/图片素材/开机动画/横屏/hz/图层 65.png","False","10333","4918be01ct6431d8b5869d208e2ceee4","3","1715653033"
"764970573486163","图层 66.png","/立创·泰山派开发板资料/第09章.【立创·泰山派】项目案例/【智能小手机】项目资料/7.手机综合项目/图片素材/开机动画/横屏/hz/图层 66.png","False","10405","72c7615f3t519770aab729b955cee8b1","3","1715653033"
"587926442686134","图层 67.png","/立创·泰山派开发板资料/第09章.【立创·泰山派】项目案例/【智能小手机】项目资料/7.手机综合项目/图片素材/开机动画/横屏/hz/图层 67.png","False","9839","2a2469069j753c743ad49649491dbc46","3","1715653033"
"918416172405195","图层 68.png","/立创·泰山派开发板资料/第09章.【立创·泰山派】项目案例/【智能小手机】项目资料/7.手机综合项目/图片素材/开机动画/横屏/hz/图层 68.png","False","9358","4e6d6c744v5516992752ad74883c8de5","3","1715653033"
"388912245328165","图层 69.png","/立创·泰山派开发板资料/第09章.【立创·泰山派】项目案例/【智能小手机】项目资料/7.手机综合项目/图片素材/开机动画/横屏/hz/图层 69.png","False","8265","e78d0d285v5a3443c991aea77257037e","3","1715653033"
"580895283032621","图层 7.png","/立创·泰山派开发板资料/第09章.【立创·泰山派】项目案例/【智能小手机】项目资料/7.手机综合项目/图片素材/开机动画/横屏/hz/图层 7.png","False","9157","9ca6467d9k86caf458638058365c403c","3","1715653033"
"202772564282547","图层 70.png","/立创·泰山派开发板资料/第09章.【立创·泰山派】项目案例/【智能小手机】项目资料/7.手机综合项目/图片素材/开机动画/横屏/hz/图层 70.png","False","7563","636e49b07p412ebf47245a0b19727ce4","3","1715653033"
"991581099786635","图层 71.png","/立创·泰山派开发板资料/第09章.【立创·泰山派】项目案例/【智能小手机】项目资料/7.手机综合项目/图片素材/开机动画/横屏/hz/图层 71.png","False","8125","24a5cbf3bo5056ae05b03b4e8aac282f","3","1715653033"
"866564596781881","图层 72.png","/立创·泰山派开发板资料/第09章.【立创·泰山派】项目案例/【智能小手机】项目资料/7.手机综合项目/图片素材/开机动画/横屏/hz/图层 72.png","False","7627","47e0678e7u4c9c9949b570c537f33b4d","3","1715653033"
"1044089761880770","图层 73.png","/立创·泰山派开发板资料/第09章.【立创·泰山派】项目案例/【智能小手机】项目资料/7.手机综合项目/图片素材/开机动画/横屏/hz/图层 73.png","False","8263","95884bebbh7fb63869e41ab09afbe8e6","3","1715653033"
"274454486706116","图层 74.png","/立创·泰山派开发板资料/第09章.【立创·泰山派】项目案例/【智能小手机】项目资料/7.手机综合项目/图片素材/开机动画/横屏/hz/图层 74.png","False","7550","b348a4568k7fd7e472cb6652d8540960","3","1715653033"
"989039561701527","图层 75.png","/立创·泰山派开发板资料/第09章.【立创·泰山派】项目案例/【智能小手机】项目资料/7.手机综合项目/图片素材/开机动画/横屏/hz/图层 75.png","False","8555","473416170m648ad880d581e7dd6d5ecf","3","1715653033"
"961085007412056","图层 76.png","/立创·泰山派开发板资料/第09章.【立创·泰山派】项目案例/【智能小手机】项目资料/7.手机综合项目/图片素材/开机动画/横屏/hz/图层 76.png","False","8292","257de9fc3o58a0e4c78d27ecb684c5bd","3","1715653033"
"665049243470499","图层 77.png","/立创·泰山派开发板资料/第09章.【立创·泰山派】项目案例/【智能小手机】项目资料/7.手机综合项目/图片素材/开机动画/横屏/hz/图层 77.png","False","6981","f9f7e05e3jcbd677ea1abb9d5d32cbe8","3","1715653033"
"605968087484797","图层 78.png","/立创·泰山派开发板资料/第09章.【立创·泰山派】项目案例/【智能小手机】项目资料/7.手机综合项目/图片素材/开机动画/横屏/hz/图层 78.png","False","7958","82cfecdb5o6a8fc5eae8522c8343ca2f","3","1715653033"
"879786151869679","图层 79.png","/立创·泰山派开发板资料/第09章.【立创·泰山派】项目案例/【智能小手机】项目资料/7.手机综合项目/图片素材/开机动画/横屏/hz/图层 79.png","False","8247","f42cb649dub3db43177b892bb17d6b4c","3","1715653033"
"535660262557483","图层 8.png","/立创·泰山派开发板资料/第09章.【立创·泰山派】项目案例/【智能小手机】项目资料/7.手机综合项目/图片素材/开机动画/横屏/hz/图层 8.png","False","9262","e9641729eq2579792ccfd8a3f021a9cd","3","1715653033"
"66181085184785","图层 80.png","/立创·泰山派开发板资料/第09章.【立创·泰山派】项目案例/【智能小手机】项目资料/7.手机综合项目/图片素材/开机动画/横屏/hz/图层 80.png","False","8369","488b5e3ect93fd809e1e10fb7ca6fd20","3","1715653033"
"840517072962760","图层 81.png","/立创·泰山派开发板资料/第09章.【立创·泰山派】项目案例/【智能小手机】项目资料/7.手机综合项目/图片素材/开机动画/横屏/hz/图层 81.png","False","8606","9b7396049hf6628c5881e95e79728e06","3","1715653033"
"918429838399728","图层 82.png","/立创·泰山派开发板资料/第09章.【立创·泰山派】项目案例/【智能小手机】项目资料/7.手机综合项目/图片素材/开机动画/横屏/hz/图层 82.png","False","8787","df8a31209g7632a49e7ac058f71f8af3","3","1715653033"
"1039091138004364","图层 83.png","/立创·泰山派开发板资料/第09章.【立创·泰山派】项目案例/【智能小手机】项目资料/7.手机综合项目/图片素材/开机动画/横屏/hz/图层 83.png","False","9840","92a67ffcakdd81378aa8d3173289eea7","3","1715653033"
"79593144887157","0001.png","/立创·泰山派开发板资料/第09章.【立创·泰山派】项目案例/【智能小手机】项目资料/7.手机综合项目/图片素材/开机动画/横屏/out/0001.png","False","21851","c315f1494p540f75dcbdfaf20a39c6a8","3","1715653033"
"500956477915330","0002.png","/立创·泰山派开发板资料/第09章.【立创·泰山派】项目案例/【智能小手机】项目资料/7.手机综合项目/图片素材/开机动画/横屏/out/0002.png","False","19283","9fa5a54e6h83870efd1ce68dd1c7fe13","3","1715653033"
"317564939030224","0003.png","/立创·泰山派开发板资料/第09章.【立创·泰山派】项目案例/【智能小手机】项目资料/7.手机综合项目/图片素材/开机动画/横屏/out/0003.png","False","16250","283890e77ld57990f15db267de96d21b","3","1715653033"
"854344762071903","0004.png","/立创·泰山派开发板资料/第09章.【立创·泰山派】项目案例/【智能小手机】项目资料/7.手机综合项目/图片素材/开机动画/横屏/out/0004.png","False","11950","a349e75c5o5ba98203ff8d4509d55145","3","1715653033"
"254324232394759","0005.png","/立创·泰山派开发板资料/第09章.【立创·泰山派】项目案例/【智能小手机】项目资料/7.手机综合项目/图片素材/开机动画/横屏/out/0005.png","False","9566","94051e23bnd0614b4428c7b4dd96ec27","3","1715653033"
"933372700934114","0006.png","/立创·泰山派开发板资料/第09章.【立创·泰山派】项目案例/【智能小手机】项目资料/7.手机综合项目/图片素材/开机动画/横屏/out/0006.png","False","9548","31437c0fck4c286845ec24200854daa7","3","1715653033"
"778265687434173","0007.png","/立创·泰山派开发板资料/第09章.【立创·泰山派】项目案例/【智能小手机】项目资料/7.手机综合项目/图片素材/开机动画/横屏/out/0007.png","False","9157","9ca6467d9k86caf458638058365c403c","3","1715653033"
"486543536383235","0008.png","/立创·泰山派开发板资料/第09章.【立创·泰山派】项目案例/【智能小手机】项目资料/7.手机综合项目/图片素材/开机动画/横屏/out/0008.png","False","9262","e9641729eq2579792ccfd8a3f021a9cd","3","1715653033"
"1055968767805911","0009.png","/立创·泰山派开发板资料/第09章.【立创·泰山派】项目案例/【智能小手机】项目资料/7.手机综合项目/图片素材/开机动画/横屏/out/0009.png","False","9298","058184ee5j2da9106bb896e896b23dd4","3","1715653033"
"8533996653467","0010.png","/立创·泰山派开发板资料/第09章.【立创·泰山派】项目案例/【智能小手机】项目资料/7.手机综合项目/图片素材/开机动画/横屏/out/0010.png","False","8942","18d718131n1d632ea2865cf522fdc875","3","1715653033"
"224270915786474","0011.png","/立创·泰山派开发板资料/第09章.【立创·泰山派】项目案例/【智能小手机】项目资料/7.手机综合项目/图片素材/开机动画/横屏/out/0011.png","False","9569","656d6c6een9128eee3698796bd6af4ea","3","1715653033"
"705987825410908","0012.png","/立创·泰山派开发板资料/第09章.【立创·泰山派】项目案例/【智能小手机】项目资料/7.手机综合项目/图片素材/开机动画/横屏/out/0012.png","False","9904","5f2714478kd2af0582e47dd5071e5473","3","1715653033"
"137397146097774","0013.png","/立创·泰山派开发板资料/第09章.【立创·泰山派】项目案例/【智能小手机】项目资料/7.手机综合项目/图片素材/开机动画/横屏/out/0013.png","False","8831","0af35323cl77419791d5fade4549a838","3","1715653033"
"1116580790755589","0014.png","/立创·泰山派开发板资料/第09章.【立创·泰山派】项目案例/【智能小手机】项目资料/7.手机综合项目/图片素材/开机动画/横屏/out/0014.png","False","7386","d84f8e5eeh256609401a8b4decb610e3","3","1715653033"
"986776872512916","0015.png","/立创·泰山派开发板资料/第09章.【立创·泰山派】项目案例/【智能小手机】项目资料/7.手机综合项目/图片素材/开机动画/横屏/out/0015.png","False","7322","7ea206f54scb097195d1b2437523540e","3","1715653033"
"646857929977806","0016.png","/立创·泰山派开发板资料/第09章.【立创·泰山派】项目案例/【智能小手机】项目资料/7.手机综合项目/图片素材/开机动画/横屏/out/0016.png","False","7942","80c407601r02d8e1e97ce2285a1b6e4f","3","1715653033"
"909452961171918","0017.png","/立创·泰山派开发板资料/第09章.【立创·泰山派】项目案例/【智能小手机】项目资料/7.手机综合项目/图片素材/开机动画/横屏/out/0017.png","False","8030","de8b7e93aj2636077350456c063a9175","3","1715653033"
"36973825853848","0018.png","/立创·泰山派开发板资料/第09章.【立创·泰山派】项目案例/【智能小手机】项目资料/7.手机综合项目/图片素材/开机动画/横屏/out/0018.png","False","6989","81c25c461r145a35c9c827fdbe0d923a","3","1715653033"
"280231555637403","0019.png","/立创·泰山派开发板资料/第09章.【立创·泰山派】项目案例/【智能小手机】项目资料/7.手机综合项目/图片素材/开机动画/横屏/out/0019.png","False","7327","0b95ad5ffh0932127de37ba014dd6c87","3","1715653033"
"850427242340591","0020.png","/立创·泰山派开发板资料/第09章.【立创·泰山派】项目案例/【智能小手机】项目资料/7.手机综合项目/图片素材/开机动画/横屏/out/0020.png","False","8576","1136a5922i433b6da25b54e7fef2a6a0","3","1715653033"
"743958535461242","0021.png","/立创·泰山派开发板资料/第09章.【立创·泰山派】项目案例/【智能小手机】项目资料/7.手机综合项目/图片素材/开机动画/横屏/out/0021.png","False","9690","2e1672212kcc96128b712ba0ea3451ce","3","1715653033"
"266283237924462","0022.png","/立创·泰山派开发板资料/第09章.【立创·泰山派】项目案例/【智能小手机】项目资料/7.手机综合项目/图片素材/开机动画/横屏/out/0022.png","False","7260","5e3e136cdoa20464b36c9344448aebdd","3","1715653033"
"845297754103260","0023.png","/立创·泰山派开发板资料/第09章.【立创·泰山派】项目案例/【智能小手机】项目资料/7.手机综合项目/图片素材/开机动画/横屏/out/0023.png","False","6842","d7df6f7a8qaf24bcd809a4cd70b2a1a4","3","1715653033"
"266963442616065","0024.png","/立创·泰山派开发板资料/第09章.【立创·泰山派】项目案例/【智能小手机】项目资料/7.手机综合项目/图片素材/开机动画/横屏/out/0024.png","False","7516","fd1a4130bp07717f3b81d1bd175aef7c","3","1715653033"
"1123742100863714","0025.png","/立创·泰山派开发板资料/第09章.【立创·泰山派】项目案例/【智能小手机】项目资料/7.手机综合项目/图片素材/开机动画/横屏/out/0025.png","False","7178","6426320achb0ab30e5e553d507cd0dbe","3","1715653033"
"23519869682856","0026.png","/立创·泰山派开发板资料/第09章.【立创·泰山派】项目案例/【智能小手机】项目资料/7.手机综合项目/图片素材/开机动画/横屏/out/0026.png","False","6492","ca44367abn4a6352db431b38e898505a","3","1715653033"
"988104352111497","0027.png","/立创·泰山派开发板资料/第09章.【立创·泰山派】项目案例/【智能小手机】项目资料/7.手机综合项目/图片素材/开机动画/横屏/out/0027.png","False","6271","2803f1381s259d6b250cfd8f2795031f","3","1715653033"
"308034510917276","0028.png","/立创·泰山派开发板资料/第09章.【立创·泰山派】项目案例/【智能小手机】项目资料/7.手机综合项目/图片素材/开机动画/横屏/out/0028.png","False","6564","5ea6c146dj35e8f666c924f37ea89b0e","3","1715653033"
"233964083289884","0029.png","/立创·泰山派开发板资料/第09章.【立创·泰山派】项目案例/【智能小手机】项目资料/7.手机综合项目/图片素材/开机动画/横屏/out/0029.png","False","7558","160c2fe9fqd16f6fec118b99b5eae52a","3","1715653033"
"953410137018595","0030.png","/立创·泰山派开发板资料/第09章.【立创·泰山派】项目案例/【智能小手机】项目资料/7.手机综合项目/图片素材/开机动画/横屏/out/0030.png","False","7452","114433caag570c06fc00e6731a817f39","3","1715653033"
"579763762296588","0031.png","/立创·泰山派开发板资料/第09章.【立创·泰山派】项目案例/【智能小手机】项目资料/7.手机综合项目/图片素材/开机动画/横屏/out/0031.png","False","5982","ccff54862gfdbe1378286b6638ae2ca1","3","1715653033"
"250037843212730","0032.png","/立创·泰山派开发板资料/第09章.【立创·泰山派】项目案例/【智能小手机】项目资料/7.手机综合项目/图片素材/开机动画/横屏/out/0032.png","False","6516","ab1c2ea8dqbb3d838a8d6ea87328371b","3","1715653033"
"130200411756865","0033.png","/立创·泰山派开发板资料/第09章.【立创·泰山派】项目案例/【智能小手机】项目资料/7.手机综合项目/图片素材/开机动画/横屏/out/0033.png","False","6407","d526257dckaee0c892c30bdf5acbc2b2","3","1715653033"
"225983332035346","0034.png","/立创·泰山派开发板资料/第09章.【立创·泰山派】项目案例/【智能小手机】项目资料/7.手机综合项目/图片素材/开机动画/横屏/out/0034.png","False","7098","9c5268eean8069ec0333b29159b3738b","3","1715653033"
"346427862184544","0035.png","/立创·泰山派开发板资料/第09章.【立创·泰山派】项目案例/【智能小手机】项目资料/7.手机综合项目/图片素材/开机动画/横屏/out/0035.png","False","7635","082e02b7brd0f03e292bfe9e26c31c60","3","1715653033"
"848929153203548","0036.png","/立创·泰山派开发板资料/第09章.【立创·泰山派】项目案例/【智能小手机】项目资料/7.手机综合项目/图片素材/开机动画/横屏/out/0036.png","False","6193","afb437aacvdd4aa553c852adc1fa8c00","3","1715653033"
"541025840409701","0037.png","/立创·泰山派开发板资料/第09章.【立创·泰山派】项目案例/【智能小手机】项目资料/7.手机综合项目/图片素材/开机动画/横屏/out/0037.png","False","6931","4b5b62fd7oe1236c441e3246c46bf965","3","1715653033"
"662499821071990","0038.png","/立创·泰山派开发板资料/第09章.【立创·泰山派】项目案例/【智能小手机】项目资料/7.手机综合项目/图片素材/开机动画/横屏/out/0038.png","False","7155","7cfe89082v591c96cd21c5b7839d93c2","3","1715653033"
"191459439950067","0039.png","/立创·泰山派开发板资料/第09章.【立创·泰山派】项目案例/【智能小手机】项目资料/7.手机综合项目/图片素材/开机动画/横屏/out/0039.png","False","7106","c279273b5rfa303f614280a98f128540","3","1715653033"
"97257348996662","0040.png","/立创·泰山派开发板资料/第09章.【立创·泰山派】项目案例/【智能小手机】项目资料/7.手机综合项目/图片素材/开机动画/横屏/out/0040.png","False","6127","cfd752b5akc1402da27b021707ddd5b0","3","1715653033"
"817459517525522","0041.png","/立创·泰山派开发板资料/第09章.【立创·泰山派】项目案例/【智能小手机】项目资料/7.手机综合项目/图片素材/开机动画/横屏/out/0041.png","False","6774","299fd2647ve83a61f28a1aeb6bd01821","3","1715653033"
"173036145313015","0042.png","/立创·泰山派开发板资料/第09章.【立创·泰山派】项目案例/【智能小手机】项目资料/7.手机综合项目/图片素材/开机动画/横屏/out/0042.png","False","6611","8f3a9def6r15569794611411f55db3df","3","1715653033"
"107759663022652","0043.png","/立创·泰山派开发板资料/第09章.【立创·泰山派】项目案例/【智能小手机】项目资料/7.手机综合项目/图片素材/开机动画/横屏/out/0043.png","False","6831","e026a4348nb67a07d9b1e0e7bc530ee5","3","1715653033"
"204812983346922","0044.png","/立创·泰山派开发板资料/第09章.【立创·泰山派】项目案例/【智能小手机】项目资料/7.手机综合项目/图片素材/开机动画/横屏/out/0044.png","False","7073","9f098028dpd4f1716b8c60ebc5eddca6","3","1715653033"
"840423640239551","0045.png","/立创·泰山派开发板资料/第09章.【立创·泰山派】项目案例/【智能小手机】项目资料/7.手机综合项目/图片素材/开机动画/横屏/out/0045.png","False","7192","2fe874f78gb070f4715ad74e64eacf70","3","1715653033"
"217977597626531","0046.png","/立创·泰山派开发板资料/第09章.【立创·泰山派】项目案例/【智能小手机】项目资料/7.手机综合项目/图片素材/开机动画/横屏/out/0046.png","False","6789","1122daf89k4f926b9698be6a1682bacd","3","1715653033"
"429247635754058","0047.png","/立创·泰山派开发板资料/第09章.【立创·泰山派】项目案例/【智能小手机】项目资料/7.手机综合项目/图片素材/开机动画/横屏/out/0047.png","False","8084","19d0aff40gf68cb97f8ddec8515cd2f7","3","1715653033"
"427478760524650","0048.png","/立创·泰山派开发板资料/第09章.【立创·泰山派】项目案例/【智能小手机】项目资料/7.手机综合项目/图片素材/开机动画/横屏/out/0048.png","False","7690","690348f93t71ce44b5aa391e67696acd","3","1715653033"
"786421300199717","0049.png","/立创·泰山派开发板资料/第09章.【立创·泰山派】项目案例/【智能小手机】项目资料/7.手机综合项目/图片素材/开机动画/横屏/out/0049.png","False","6402","31bea02f7j63717b6f4478bfb4035b74","3","1715653033"
"1051789719300422","0050.png","/立创·泰山派开发板资料/第09章.【立创·泰山派】项目案例/【智能小手机】项目资料/7.手机综合项目/图片素材/开机动画/横屏/out/0050.png","False","7137","d88b33685rbca2561ededcc46843c679","3","1715653033"
"532289206119886","0051.png","/立创·泰山派开发板资料/第09章.【立创·泰山派】项目案例/【智能小手机】项目资料/7.手机综合项目/图片素材/开机动画/横屏/out/0051.png","False","7449","1b4ec96f5if250e5bb1edf3dd433600e","3","1715653033"
"392566466079612","0052.png","/立创·泰山派开发板资料/第09章.【立创·泰山派】项目案例/【智能小手机】项目资料/7.手机综合项目/图片素材/开机动画/横屏/out/0052.png","False","7994","ec53b3303p28b94a5dbac7814298f7c5","3","1715653033"
"684928591082050","0053.png","/立创·泰山派开发板资料/第09章.【立创·泰山派】项目案例/【智能小手机】项目资料/7.手机综合项目/图片素材/开机动画/横屏/out/0053.png","False","6903","94074e44cqce655e7a615e300260e0a4","3","1715653033"
"349168495795523","0054.png","/立创·泰山派开发板资料/第09章.【立创·泰山派】项目案例/【智能小手机】项目资料/7.手机综合项目/图片素材/开机动画/横屏/out/0054.png","False","6777","3945b4341i7274022c070efade400b61","3","1715653033"
"497507498586606","0055.png","/立创·泰山派开发板资料/第09章.【立创·泰山派】项目案例/【智能小手机】项目资料/7.手机综合项目/图片素材/开机动画/横屏/out/0055.png","False","6527","f6765c9b4j90833d51972a9717114470","3","1715653033"
"427049679499038","0056.png","/立创·泰山派开发板资料/第09章.【立创·泰山派】项目案例/【智能小手机】项目资料/7.手机综合项目/图片素材/开机动画/横屏/out/0056.png","False","7134","80d66e143g0a7c0435a54b9ca6a35352","3","1715653033"
"563257545230730","0057.png","/立创·泰山派开发板资料/第09章.【立创·泰山派】项目案例/【智能小手机】项目资料/7.手机综合项目/图片素材/开机动画/横屏/out/0057.png","False","7748","2f229cbe6l96809cfb5f4769d8f14f31","3","1715653033"
"1108194886266681","0058.png","/立创·泰山派开发板资料/第09章.【立创·泰山派】项目案例/【智能小手机】项目资料/7.手机综合项目/图片素材/开机动画/横屏/out/0058.png","False","7431","8d95fd364qaf6999a647cc83cb0e2ad1","3","1715653033"
"157120223148645","0059.png","/立创·泰山派开发板资料/第09章.【立创·泰山派】项目案例/【智能小手机】项目资料/7.手机综合项目/图片素材/开机动画/横屏/out/0059.png","False","6901","f1c836affge615c8d90bda0f04a4d8ba","3","1715653033"
"1082145412435228","0060.png","/立创·泰山派开发板资料/第09章.【立创·泰山派】项目案例/【智能小手机】项目资料/7.手机综合项目/图片素材/开机动画/横屏/out/0060.png","False","7096","c0e51dd2br2d8a909c9512c7cd5e4702","3","1715653033"
"581531080152394","0061.png","/立创·泰山派开发板资料/第09章.【立创·泰山派】项目案例/【智能小手机】项目资料/7.手机综合项目/图片素材/开机动画/横屏/out/0061.png","False","7794","7b10e5b3dnb877c2c6c21dcf634ccad7","3","1715653033"
"558715060669890","0062.png","/立创·泰山派开发板资料/第09章.【立创·泰山派】项目案例/【智能小手机】项目资料/7.手机综合项目/图片素材/开机动画/横屏/out/0062.png","False","7995","0ec2f8716tccc730bfa386eae4acf4e9","3","1715653033"
"814674250676948","0063.png","/立创·泰山派开发板资料/第09章.【立创·泰山派】项目案例/【智能小手机】项目资料/7.手机综合项目/图片素材/开机动画/横屏/out/0063.png","False","7962","98ec890b2n69ed2d7c811a30d400c8ab","3","1715653033"
"602061475251179","0064.png","/立创·泰山派开发板资料/第09章.【立创·泰山派】项目案例/【智能小手机】项目资料/7.手机综合项目/图片素材/开机动画/横屏/out/0064.png","False","9282","d09182091q8705fe2af7d296044176de","3","1715653033"
"711686846764251","0065.png","/立创·泰山派开发板资料/第09章.【立创·泰山派】项目案例/【智能小手机】项目资料/7.手机综合项目/图片素材/开机动画/横屏/out/0065.png","False","10333","4918be01ct6431d8b5869d208e2ceee4","3","1715653033"
"715637055287979","0066.png","/立创·泰山派开发板资料/第09章.【立创·泰山派】项目案例/【智能小手机】项目资料/7.手机综合项目/图片素材/开机动画/横屏/out/0066.png","False","10405","72c7615f3t519770aab729b955cee8b1","3","1715653033"
"260665354843160","0067.png","/立创·泰山派开发板资料/第09章.【立创·泰山派】项目案例/【智能小手机】项目资料/7.手机综合项目/图片素材/开机动画/横屏/out/0067.png","False","9839","2a2469069j753c743ad49649491dbc46","3","1715653033"
"424917331121034","0068.png","/立创·泰山派开发板资料/第09章.【立创·泰山派】项目案例/【智能小手机】项目资料/7.手机综合项目/图片素材/开机动画/横屏/out/0068.png","False","9358","4e6d6c744v5516992752ad74883c8de5","3","1715653033"
"926175790799498","0069.png","/立创·泰山派开发板资料/第09章.【立创·泰山派】项目案例/【智能小手机】项目资料/7.手机综合项目/图片素材/开机动画/横屏/out/0069.png","False","8265","e78d0d285v5a3443c991aea77257037e","3","1715653033"
"772428420210906","0070.png","/立创·泰山派开发板资料/第09章.【立创·泰山派】项目案例/【智能小手机】项目资料/7.手机综合项目/图片素材/开机动画/横屏/out/0070.png","False","7563","636e49b07p412ebf47245a0b19727ce4","3","1715653033"
"366115294364039","0071.png","/立创·泰山派开发板资料/第09章.【立创·泰山派】项目案例/【智能小手机】项目资料/7.手机综合项目/图片素材/开机动画/横屏/out/0071.png","False","8125","24a5cbf3bo5056ae05b03b4e8aac282f","3","1715653033"
"58091074648244","0072.png","/立创·泰山派开发板资料/第09章.【立创·泰山派】项目案例/【智能小手机】项目资料/7.手机综合项目/图片素材/开机动画/横屏/out/0072.png","False","7627","47e0678e7u4c9c9949b570c537f33b4d","3","1715653033"
"408068001661578","0073.png","/立创·泰山派开发板资料/第09章.【立创·泰山派】项目案例/【智能小手机】项目资料/7.手机综合项目/图片素材/开机动画/横屏/out/0073.png","False","8263","95884bebbh7fb63869e41ab09afbe8e6","3","1715653033"
"740502847745782","0074.png","/立创·泰山派开发板资料/第09章.【立创·泰山派】项目案例/【智能小手机】项目资料/7.手机综合项目/图片素材/开机动画/横屏/out/0074.png","False","7550","b348a4568k7fd7e472cb6652d8540960","3","1715653033"
"707239860337472","0075.png","/立创·泰山派开发板资料/第09章.【立创·泰山派】项目案例/【智能小手机】项目资料/7.手机综合项目/图片素材/开机动画/横屏/out/0075.png","False","8555","473416170m648ad880d581e7dd6d5ecf","3","1715653033"
"505000668049923","0076.png","/立创·泰山派开发板资料/第09章.【立创·泰山派】项目案例/【智能小手机】项目资料/7.手机综合项目/图片素材/开机动画/横屏/out/0076.png","False","8292","257de9fc3o58a0e4c78d27ecb684c5bd","3","1715653033"
"555517458066765","0077.png","/立创·泰山派开发板资料/第09章.【立创·泰山派】项目案例/【智能小手机】项目资料/7.手机综合项目/图片素材/开机动画/横屏/out/0077.png","False","6981","f9f7e05e3jcbd677ea1abb9d5d32cbe8","3","1715653033"
"1041943425291617","0078.png","/立创·泰山派开发板资料/第09章.【立创·泰山派】项目案例/【智能小手机】项目资料/7.手机综合项目/图片素材/开机动画/横屏/out/0078.png","False","7958","82cfecdb5o6a8fc5eae8522c8343ca2f","3","1715653033"
"400456411558675","0079.png","/立创·泰山派开发板资料/第09章.【立创·泰山派】项目案例/【智能小手机】项目资料/7.手机综合项目/图片素材/开机动画/横屏/out/0079.png","False","8247","f42cb649dub3db43177b892bb17d6b4c","3","1715653033"
"846256048910744","0080.png","/立创·泰山派开发板资料/第09章.【立创·泰山派】项目案例/【智能小手机】项目资料/7.手机综合项目/图片素材/开机动画/横屏/out/0080.png","False","8369","488b5e3ect93fd809e1e10fb7ca6fd20","3","1715653033"
"605244823906144","0081.png","/立创·泰山派开发板资料/第09章.【立创·泰山派】项目案例/【智能小手机】项目资料/7.手机综合项目/图片素材/开机动画/横屏/out/0081.png","False","8606","9b7396049hf6628c5881e95e79728e06","3","1715653033"
"714258286621112","0082.png","/立创·泰山派开发板资料/第09章.【立创·泰山派】项目案例/【智能小手机】项目资料/7.手机综合项目/图片素材/开机动画/横屏/out/0082.png","False","8787","df8a31209g7632a49e7ac058f71f8af3","3","1715653033"
"479751789156078","0083.png","/立创·泰山派开发板资料/第09章.【立创·泰山派】项目案例/【智能小手机】项目资料/7.手机综合项目/图片素材/开机动画/横屏/out/0083.png","False","9840","92a67ffcakdd81378aa8d3173289eea7","3","1715653033"
"777451752669237","0084.png","/立创·泰山派开发板资料/第09章.【立创·泰山派】项目案例/【智能小手机】项目资料/7.手机综合项目/图片素材/开机动画/横屏/out/0084.png","False","9941","70a4902ffoda8d54eae3b1d00fe5c0c5","3","1715653033"
"443692839487119","0085.png","/立创·泰山派开发板资料/第09章.【立创·泰山派】项目案例/【智能小手机】项目资料/7.手机综合项目/图片素材/开机动画/横屏/out/0085.png","False","10407","27d82ac32i9e6a56c701399f5ee77f54","3","1715653033"
"856639680454040","0086.png","/立创·泰山派开发板资料/第09章.【立创·泰山派】项目案例/【智能小手机】项目资料/7.手机综合项目/图片素材/开机动画/横屏/out/0086.png","False","10227","ef2c466e4rf3fbd6e7948f5b646c314e","3","1715653033"
"695982980183360","0087.png","/立创·泰山派开发板资料/第09章.【立创·泰山派】项目案例/【智能小手机】项目资料/7.手机综合项目/图片素材/开机动画/横屏/out/0087.png","False","10299","5b18cc3a2o651487f15b7052b3c70a3c","3","1715653033"
"285989209379076","0088.png","/立创·泰山派开发板资料/第09章.【立创·泰山派】项目案例/【智能小手机】项目资料/7.手机综合项目/图片素材/开机动画/横屏/out/0088.png","False","9491","52c1a5743s06a800babce7afeb61e66c","3","1715653033"
"50662651446438","0089.png","/立创·泰山派开发板资料/第09章.【立创·泰山派】项目案例/【智能小手机】项目资料/7.手机综合项目/图片素材/开机动画/横屏/out/0089.png","False","7931","9c40af812k3a305aafa6a4bd19545718","3","1715653033"
"679243906917076","0090.png","/立创·泰山派开发板资料/第09章.【立创·泰山派】项目案例/【智能小手机】项目资料/7.手机综合项目/图片素材/开机动画/横屏/out/0090.png","False","7185","e9930890ao8f7c20a35064c2809df8f2","3","1715653033"
"329488790554778","0091.png","/立创·泰山派开发板资料/第09章.【立创·泰山派】项目案例/【智能小手机】项目资料/7.手机综合项目/图片素材/开机动画/横屏/out/0091.png","False","7408","0251317c3n115beb4a6e60a471e5e972","3","1715653033"
"465289571393780","0092.png","/立创·泰山派开发板资料/第09章.【立创·泰山派】项目案例/【智能小手机】项目资料/7.手机综合项目/图片素材/开机动画/横屏/out/0092.png","False","7198","33de6ff8ch2151abdd85146e5e635989","3","1715653033"
"1061662061277703","0093.png","/立创·泰山派开发板资料/第09章.【立创·泰山派】项目案例/【智能小手机】项目资料/7.手机综合项目/图片素材/开机动画/横屏/out/0093.png","False","8654","56daaace5ua30d64ddbb327693e95985","3","1715653033"
"669048723173100","0094.png","/立创·泰山派开发板资料/第09章.【立创·泰山派】项目案例/【智能小手机】项目资料/7.手机综合项目/图片素材/开机动画/横屏/out/0094.png","False","8690","0470c2cb7ue82fadef1b1e7d91c00cb4","3","1715653033"
"981064331161006","0095.png","/立创·泰山派开发板资料/第09章.【立创·泰山派】项目案例/【智能小手机】项目资料/7.手机综合项目/图片素材/开机动画/横屏/out/0095.png","False","8278","2b4444d13gdff3b9e1ccf64037863292","3","1715653033"
"780809673807761","0096.png","/立创·泰山派开发板资料/第09章.【立创·泰山派】项目案例/【智能小手机】项目资料/7.手机综合项目/图片素材/开机动画/横屏/out/0096.png","False","7412","9871689d3o9cbbe487f0a5d10e178b58","3","1715653033"
"677985127213154","0097.png","/立创·泰山派开发板资料/第09章.【立创·泰山派】项目案例/【智能小手机】项目资料/7.手机综合项目/图片素材/开机动画/横屏/out/0097.png","False","7769","2f61c7fe7sc70f5d28fc58152e7c1462","3","1715653033"
"392772911023512","0098.png","/立创·泰山派开发板资料/第09章.【立创·泰山派】项目案例/【智能小手机】项目资料/7.手机综合项目/图片素材/开机动画/横屏/out/0098.png","False","7416","205fd6293l5433801cc8c6a5ab62084e","3","1715653033"
"1123113752778752","0099.png","/立创·泰山派开发板资料/第09章.【立创·泰山派】项目案例/【智能小手机】项目资料/7.手机综合项目/图片素材/开机动画/横屏/out/0099.png","False","8386","e9e9bfa97n3b2ab41c87700bf9492239","3","1715653033"
"17136323879235","0100.png","/立创·泰山派开发板资料/第09章.【立创·泰山派】项目案例/【智能小手机】项目资料/7.手机综合项目/图片素材/开机动画/横屏/out/0100.png","False","8970","a367f171ar1a99cb27d864a535d2278f","3","1715653033"
"374078414020951","part0","/立创·泰山派开发板资料/第09章.【立创·泰山派】项目案例/【智能小手机】项目资料/7.手机综合项目/图片素材/开机动画/竖屏/bootanimation/part0","True","0",,"6","1715653033"
"825265001931901","part1","/立创·泰山派开发板资料/第09章.【立创·泰山派】项目案例/【智能小手机】项目资料/7.手机综合项目/图片素材/开机动画/竖屏/bootanimation/part1","True","0",,"6","1715653033"
"867556134561239","desc.txt","/立创·泰山派开发板资料/第09章.【立创·泰山派】项目案例/【智能小手机】项目资料/7.手机综合项目/图片素材/开机动画/竖屏/bootanimation/desc.txt","False","35","7165a0b08kcd2acebcce527b10abf6f5","4","1715653033"
"904409041103164","图层 1.png","/立创·泰山派开发板资料/第09章.【立创·泰山派】项目案例/【智能小手机】项目资料/7.手机综合项目/图片素材/开机动画/竖屏/hz/图层 1.png","False","59064","b4ef33b88k4e15b710d3d62930358ea2","3","1715653033"
"648749272795826","图层 10.png","/立创·泰山派开发板资料/第09章.【立创·泰山派】项目案例/【智能小手机】项目资料/7.手机综合项目/图片素材/开机动画/竖屏/hz/图层 10.png","False","71503","8e4bb5ed8hc6acc5a35bd2d982845b7a","3","1715653033"
"1005139886052125","图层 100.png","/立创·泰山派开发板资料/第09章.【立创·泰山派】项目案例/【智能小手机】项目资料/7.手机综合项目/图片素材/开机动画/竖屏/hz/图层 100.png","False","39470","bc5cf1ea3lc28136886c84edfcfa6805","3","1715653033"
"414917471419477","图层 101.png","/立创·泰山派开发板资料/第09章.【立创·泰山派】项目案例/【智能小手机】项目资料/7.手机综合项目/图片素材/开机动画/竖屏/hz/图层 101.png","False","44424","f42c1ffd7r9d3bc7a5b4b1d158cbf7dc","3","1715653033"
"130301752770681","图层 102.png","/立创·泰山派开发板资料/第09章.【立创·泰山派】项目案例/【智能小手机】项目资料/7.手机综合项目/图片素材/开机动画/竖屏/hz/图层 102.png","False","47225","df31da3echa057df5e41347189faa635","3","1715653033"
"909828157920923","图层 103.png","/立创·泰山派开发板资料/第09章.【立创·泰山派】项目案例/【智能小手机】项目资料/7.手机综合项目/图片素材/开机动画/竖屏/hz/图层 103.png","False","48805","f5d463191vb44b462d1819cbc9942e06","3","1715653033"
"526939292218944","图层 104.png","/立创·泰山派开发板资料/第09章.【立创·泰山派】项目案例/【智能小手机】项目资料/7.手机综合项目/图片素材/开机动画/竖屏/hz/图层 104.png","False","48204","80967b6bdlf2fb64c2f7d6587c7f369e","3","1715653033"
"966484692071643","图层 105.png","/立创·泰山派开发板资料/第09章.【立创·泰山派】项目案例/【智能小手机】项目资料/7.手机综合项目/图片素材/开机动画/竖屏/hz/图层 105.png","False","49076","4e41870b7uc757824b6f6f56db79f6a8","3","1715653033"
"812255575711413","图层 106.png","/立创·泰山派开发板资料/第09章.【立创·泰山派】项目案例/【智能小手机】项目资料/7.手机综合项目/图片素材/开机动画/竖屏/hz/图层 106.png","False","57572","70cf620c2q31fce0e8759c5d423f6cde","3","1715653033"
"936595475251703","图层 107.png","/立创·泰山派开发板资料/第09章.【立创·泰山派】项目案例/【智能小手机】项目资料/7.手机综合项目/图片素材/开机动画/竖屏/hz/图层 107.png","False","64574","02569f92fgd384a6041f18169d123367","3","1715653033"
"38964076577106","图层 108.png","/立创·泰山派开发板资料/第09章.【立创·泰山派】项目案例/【智能小手机】项目资料/7.手机综合项目/图片素材/开机动画/竖屏/hz/图层 108.png","False","69856","746ac9c40q00420fa95dc2b78887907f","3","1715653033"
"1125787607004017","图层 109.png","/立创·泰山派开发板资料/第09章.【立创·泰山派】项目案例/【智能小手机】项目资料/7.手机综合项目/图片素材/开机动画/竖屏/hz/图层 109.png","False","72920","337a481bdn137e12f134ac7db0e6f5a5","3","1715653033"
"220140298184747","图层 11.png","/立创·泰山派开发板资料/第09章.【立创·泰山派】项目案例/【智能小手机】项目资料/7.手机综合项目/图片素材/开机动画/竖屏/hz/图层 11.png","False","64887","ee628752eg4469b443bdfaa482507ae3","3","1715653033"
"334847477716625","图层 110.png","/立创·泰山派开发板资料/第09章.【立创·泰山派】项目案例/【智能小手机】项目资料/7.手机综合项目/图片素材/开机动画/竖屏/hz/图层 110.png","False","74454","821d64a7cu7d612e0930b688db382383","3","1715653033"
"63175167013907","图层 111.png","/立创·泰山派开发板资料/第09章.【立创·泰山派】项目案例/【智能小手机】项目资料/7.手机综合项目/图片素材/开机动画/竖屏/hz/图层 111.png","False","74289","bdb7c0449g03ea61e940a29ce5f293d2","3","1715653033"
"218019533302607","图层 112.png","/立创·泰山派开发板资料/第09章.【立创·泰山派】项目案例/【智能小手机】项目资料/7.手机综合项目/图片素材/开机动画/竖屏/hz/图层 112.png","False","71189","f76705bcdk60864da7a797dcfe964e20","3","1715653033"
"572435342654744","图层 113.png","/立创·泰山派开发板资料/第09章.【立创·泰山派】项目案例/【智能小手机】项目资料/7.手机综合项目/图片素材/开机动画/竖屏/hz/图层 113.png","False","68930","e0cd15178lfc6c9dca3ec74ad82a1151","3","1715653033"
"62126705462145","图层 114.png","/立创·泰山派开发板资料/第09章.【立创·泰山派】项目案例/【智能小手机】项目资料/7.手机综合项目/图片素材/开机动画/竖屏/hz/图层 114.png","False","62682","ff01641a6p7afed9588c53a3eea94544","3","1715653033"
"247780381748386","图层 115.png","/立创·泰山派开发板资料/第09章.【立创·泰山派】项目案例/【智能小手机】项目资料/7.手机综合项目/图片素材/开机动画/竖屏/hz/图层 115.png","False","54602","2c4a453e4j0f2bb9e09369a87842f472","3","1715653033"
"44411579105186","图层 116.png","/立创·泰山派开发板资料/第09章.【立创·泰山派】项目案例/【智能小手机】项目资料/7.手机综合项目/图片素材/开机动画/竖屏/hz/图层 116.png","False","51061","2131395cct7dcf3448a60431f1589940","3","1715653033"
"221610614457081","图层 117.png","/立创·泰山派开发板资料/第09章.【立创·泰山派】项目案例/【智能小手机】项目资料/7.手机综合项目/图片素材/开机动画/竖屏/hz/图层 117.png","False","59831","7c342c8b9sbb3405eb6b8541b9f876c4","3","1715653033"
"885324202498254","图层 118.png","/立创·泰山派开发板资料/第09章.【立创·泰山派】项目案例/【智能小手机】项目资料/7.手机综合项目/图片素材/开机动画/竖屏/hz/图层 118.png","False","57119","eed61b25anb136d9a59a2ef088294c9e","3","1715653033"
"621225261886569","图层 119.png","/立创·泰山派开发板资料/第09章.【立创·泰山派】项目案例/【智能小手机】项目资料/7.手机综合项目/图片素材/开机动画/竖屏/hz/图层 119.png","False","49806","4397f5c05l430d8fd96ca346e1c0bbe4","3","1715653033"
"802724386287229","图层 12.png","/立创·泰山派开发板资料/第09章.【立创·泰山派】项目案例/【智能小手机】项目资料/7.手机综合项目/图片素材/开机动画/竖屏/hz/图层 12.png","False","66151","8addc81ddi7d335fb0b168d856a643d4","3","1715653033"
"141539523070228","图层 120.png","/立创·泰山派开发板资料/第09章.【立创·泰山派】项目案例/【智能小手机】项目资料/7.手机综合项目/图片素材/开机动画/竖屏/hz/图层 120.png","False","55372","fbc86aa8bq523ffdd0ef01df484b83f3","3","1715653033"
"69120542745165","图层 121.png","/立创·泰山派开发板资料/第09章.【立创·泰山派】项目案例/【智能小手机】项目资料/7.手机综合项目/图片素材/开机动画/竖屏/hz/图层 121.png","False","58252","91dbcfcbdmfe5b572b47788beaf52749","3","1715653033"
"1078323961538656","图层 122.png","/立创·泰山派开发板资料/第09章.【立创·泰山派】项目案例/【智能小手机】项目资料/7.手机综合项目/图片素材/开机动画/竖屏/hz/图层 122.png","False","52879","33ef70f6btf81ad3545b14b56c92e47d","3","1715653033"
"919848871734451","图层 123.png","/立创·泰山派开发板资料/第09章.【立创·泰山派】项目案例/【智能小手机】项目资料/7.手机综合项目/图片素材/开机动画/竖屏/hz/图层 123.png","False","50291","a99a21d24r4d8ee8e3e4545b42781348","3","1715653033"
"572976492558361","图层 124.png","/立创·泰山派开发板资料/第09章.【立创·泰山派】项目案例/【智能小手机】项目资料/7.手机综合项目/图片素材/开机动画/竖屏/hz/图层 124.png","False","55429","42a22be07mf994b484b16bc42bfd455e","3","1715653033"
"722493524141310","图层 125.png","/立创·泰山派开发板资料/第09章.【立创·泰山派】项目案例/【智能小手机】项目资料/7.手机综合项目/图片素材/开机动画/竖屏/hz/图层 125.png","False","56468","5edb4f028g6d4dd2fe89850305d1db4a","3","1715653033"
"402438908357761","图层 126.png","/立创·泰山派开发板资料/第09章.【立创·泰山派】项目案例/【智能小手机】项目资料/7.手机综合项目/图片素材/开机动画/竖屏/hz/图层 126.png","False","51182","ea2b4e998na8d62a84d0dbd17f27c857","3","1715653033"
"92559795657415","图层 127.png","/立创·泰山派开发板资料/第09章.【立创·泰山派】项目案例/【智能小手机】项目资料/7.手机综合项目/图片素材/开机动画/竖屏/hz/图层 127.png","False","53001","0397b6937jfe6538a3dec4f66f95ecca","3","1715653033"
"341178893497185","图层 128.png","/立创·泰山派开发板资料/第09章.【立创·泰山派】项目案例/【智能小手机】项目资料/7.手机综合项目/图片素材/开机动画/竖屏/hz/图层 128.png","False","40881","a8ca24839jacc7323e8e9ab03d6b1a30","3","1715653033"
"824407083146979","图层 129.png","/立创·泰山派开发板资料/第09章.【立创·泰山派】项目案例/【智能小手机】项目资料/7.手机综合项目/图片素材/开机动画/竖屏/hz/图层 129.png","False","45645","18bc01d98jffef5ab921a7c952b9fac8","3","1715653033"
"604615570493078","图层 13.png","/立创·泰山派开发板资料/第09章.【立创·泰山派】项目案例/【智能小手机】项目资料/7.手机综合项目/图片素材/开机动画/竖屏/hz/图层 13.png","False","65902","fbaef60e6seb9bdd006c4084fd0d4ccd","3","1715653033"
"964018861477449","图层 130.png","/立创·泰山派开发板资料/第09章.【立创·泰山派】项目案例/【智能小手机】项目资料/7.手机综合项目/图片素材/开机动画/竖屏/hz/图层 130.png","False","46233","f11612f45g5f564fb347f893293fce28","3","1715653033"
"1095040503991144","图层 131.png","/立创·泰山派开发板资料/第09章.【立创·泰山派】项目案例/【智能小手机】项目资料/7.手机综合项目/图片素材/开机动画/竖屏/hz/图层 131.png","False","51911","b63d2fb1fq650cd6c0ffef656f477bb8","3","1715653033"
"101061680143520","图层 132.png","/立创·泰山派开发板资料/第09章.【立创·泰山派】项目案例/【智能小手机】项目资料/7.手机综合项目/图片素材/开机动画/竖屏/hz/图层 132.png","False","54036","2d9bab862lc42da6ec6d3d90f7e57573","3","1715653033"
"31613578333104","图层 133.png","/立创·泰山派开发板资料/第09章.【立创·泰山派】项目案例/【智能小手机】项目资料/7.手机综合项目/图片素材/开机动画/竖屏/hz/图层 133.png","False","52890","31656301bs147b5b216600d9b7c69d5b","3","1715653033"
"299758139359082","图层 134.png","/立创·泰山派开发板资料/第09章.【立创·泰山派】项目案例/【智能小手机】项目资料/7.手机综合项目/图片素材/开机动画/竖屏/hz/图层 134.png","False","55328","cca2f8785l24238caf7234b0f6707480","3","1715653033"
"164803212524296","图层 135.png","/立创·泰山派开发板资料/第09章.【立创·泰山派】项目案例/【智能小手机】项目资料/7.手机综合项目/图片素材/开机动画/竖屏/hz/图层 135.png","False","55646","d79d13ce8v997472ed286df195e14689","3","1715653033"
"410051286088499","图层 136.png","/立创·泰山派开发板资料/第09章.【立创·泰山派】项目案例/【智能小手机】项目资料/7.手机综合项目/图片素材/开机动画/竖屏/hz/图层 136.png","False","60777","f6d7ba512rd68ef6b8e4e2ccb81b9c5e","3","1715653033"
"1048695174246270","图层 137.png","/立创·泰山派开发板资料/第09章.【立创·泰山派】项目案例/【智能小手机】项目资料/7.手机综合项目/图片素材/开机动画/竖屏/hz/图层 137.png","False","73658","ae879da62u5c3bc01509ae9cdb993204","3","1715653033"
"743014177860972","图层 138.png","/立创·泰山派开发板资料/第09章.【立创·泰山派】项目案例/【智能小手机】项目资料/7.手机综合项目/图片素材/开机动画/竖屏/hz/图层 138.png","False","74438","1c1719b15t95f40e61007d302c3b2446","3","1715653033"
"42093459455853","图层 139.png","/立创·泰山派开发板资料/第09章.【立创·泰山派】项目案例/【智能小手机】项目资料/7.手机综合项目/图片素材/开机动画/竖屏/hz/图层 139.png","False","73981","75df48c49tf9efd2b096f35ea7cb88dc","3","1715653033"
"1090687463838927","图层 14.png","/立创·泰山派开发板资料/第09章.【立创·泰山派】项目案例/【智能小手机】项目资料/7.手机综合项目/图片素材/开机动画/竖屏/hz/图层 14.png","False","65366","9c354feeegb76465fd3996595fdeb02d","3","1715653033"
"293205739208663","图层 140.png","/立创·泰山派开发板资料/第09章.【立创·泰山派】项目案例/【智能小手机】项目资料/7.手机综合项目/图片素材/开机动画/竖屏/hz/图层 140.png","False","76181","78f88f051t0d1a348b5fa072f4296b8d","3","1715653033"
"438531637294923","图层 141.png","/立创·泰山派开发板资料/第09章.【立创·泰山派】项目案例/【智能小手机】项目资料/7.手机综合项目/图片素材/开机动画/竖屏/hz/图层 141.png","False","80461","b9151a27eoafb0bcaea29896554e224e","3","1715653033"
"695175483213218","图层 142.png","/立创·泰山派开发板资料/第09章.【立创·泰山派】项目案例/【智能小手机】项目资料/7.手机综合项目/图片素材/开机动画/竖屏/hz/图层 142.png","False","81048","2221e2086n202301d39156591763ffd2","3","1715653033"
"327001532712671","图层 143.png","/立创·泰山派开发板资料/第09章.【立创·泰山派】项目案例/【智能小手机】项目资料/7.手机综合项目/图片素材/开机动画/竖屏/hz/图层 143.png","False","75566","769232282qe8d578e0c8afb5754ea4bb","3","1715653033"
"686153359710386","图层 144.png","/立创·泰山派开发板资料/第09章.【立创·泰山派】项目案例/【智能小手机】项目资料/7.手机综合项目/图片素材/开机动画/竖屏/hz/图层 144.png","False","74419","e3bb95564j9b88c88aa667ba91226e41","3","1715653033"
"399201553906289","图层 145.png","/立创·泰山派开发板资料/第09章.【立创·泰山派】项目案例/【智能小手机】项目资料/7.手机综合项目/图片素材/开机动画/竖屏/hz/图层 145.png","False","75333","55695fbc5q14901cd933c951288f1788","3","1715653033"
"934786329400104","图层 146.png","/立创·泰山派开发板资料/第09章.【立创·泰山派】项目案例/【智能小手机】项目资料/7.手机综合项目/图片素材/开机动画/竖屏/hz/图层 146.png","False","74669","20ad7d242na64c81648fe15c5a043160","3","1715653033"
"960329899223923","图层 147.png","/立创·泰山派开发板资料/第09章.【立创·泰山派】项目案例/【智能小手机】项目资料/7.手机综合项目/图片素材/开机动画/竖屏/hz/图层 147.png","False","63467","6169fa42dv2a4abb812a3a7b27645957","3","1715653033"
"623578211203750","图层 148.png","/立创·泰山派开发板资料/第09章.【立创·泰山派】项目案例/【智能小手机】项目资料/7.手机综合项目/图片素材/开机动画/竖屏/hz/图层 148.png","False","58341","d9bca05fer1a6d9db5c476eac64a1e2d","3","1715653033"
"698541003643095","图层 149.png","/立创·泰山派开发板资料/第09章.【立创·泰山派】项目案例/【智能小手机】项目资料/7.手机综合项目/图片素材/开机动画/竖屏/hz/图层 149.png","False","46290","53e1d7bc1of716dae8416ae96df2339d","3","1715653033"
"768471309041780","图层 15.png","/立创·泰山派开发板资料/第09章.【立创·泰山派】项目案例/【智能小手机】项目资料/7.手机综合项目/图片素材/开机动画/竖屏/hz/图层 15.png","False","64228","6355d8c65ka258462e542358d4beac44","3","1715653033"
"630534934052332","图层 150.png","/立创·泰山派开发板资料/第09章.【立创·泰山派】项目案例/【智能小手机】项目资料/7.手机综合项目/图片素材/开机动画/竖屏/hz/图层 150.png","False","54508","92636ac7bgd85ec11e5df9c86017af16","3","1715653033"
"611002170707791","图层 151.png","/立创·泰山派开发板资料/第09章.【立创·泰山派】项目案例/【智能小手机】项目资料/7.手机综合项目/图片素材/开机动画/竖屏/hz/图层 151.png","False","50458","b02e294a2t3c9c5d1a91f4674ef0dfad","3","1715653033"
"854650083138223","图层 152.png","/立创·泰山派开发板资料/第09章.【立创·泰山派】项目案例/【智能小手机】项目资料/7.手机综合项目/图片素材/开机动画/竖屏/hz/图层 152.png","False","48896","27c763836q6fceca995bb451cb216780","3","1715653033"
"742597278869269","图层 153.png","/立创·泰山派开发板资料/第09章.【立创·泰山派】项目案例/【智能小手机】项目资料/7.手机综合项目/图片素材/开机动画/竖屏/hz/图层 153.png","False","50122","820f1801au8f5104b3d1218e4f554c05","3","1715653033"
"315951123060763","图层 154.png","/立创·泰山派开发板资料/第09章.【立创·泰山派】项目案例/【智能小手机】项目资料/7.手机综合项目/图片素材/开机动画/竖屏/hz/图层 154.png","False","51434","4190fa245sbd98f4cf0003ec6ae7f14f","3","1715653033"
"18536137665073","图层 155.png","/立创·泰山派开发板资料/第09章.【立创·泰山派】项目案例/【智能小手机】项目资料/7.手机综合项目/图片素材/开机动画/竖屏/hz/图层 155.png","False","50177","296865e18ta26cbc33abb76868eb4d7c","3","1715653033"
"728587417628972","图层 156.png","/立创·泰山派开发板资料/第09章.【立创·泰山派】项目案例/【智能小手机】项目资料/7.手机综合项目/图片素材/开机动画/竖屏/hz/图层 156.png","False","56142","2e9ad4f59s7c0cd63603f8eccb2cad7a","3","1715653033"
"921208872774735","图层 157.png","/立创·泰山派开发板资料/第09章.【立创·泰山派】项目案例/【智能小手机】项目资料/7.手机综合项目/图片素材/开机动画/竖屏/hz/图层 157.png","False","55609","be3fbf6d0u90ad74abf05b62ca0aa626","3","1715653033"
"669467304441608","图层 158.png","/立创·泰山派开发板资料/第09章.【立创·泰山派】项目案例/【智能小手机】项目资料/7.手机综合项目/图片素材/开机动画/竖屏/hz/图层 158.png","False","52325","330e2e266occ21b63f16e0c3fa087bf2","3","1715653033"
"777059933124834","图层 159.png","/立创·泰山派开发板资料/第09章.【立创·泰山派】项目案例/【智能小手机】项目资料/7.手机综合项目/图片素材/开机动画/竖屏/hz/图层 159.png","False","45936","acbc4d15fncb794b42151eeb1d1422d4","3","1715653033"
"213846802443687","图层 16.png","/立创·泰山派开发板资料/第09章.【立创·泰山派】项目案例/【智能小手机】项目资料/7.手机综合项目/图片素材/开机动画/竖屏/hz/图层 16.png","False","66730","08990aab2kb663f0eb5151bbed651876","3","1715653033"
"422807967808735","图层 160.png","/立创·泰山派开发板资料/第09章.【立创·泰山派】项目案例/【智能小手机】项目资料/7.手机综合项目/图片素材/开机动画/竖屏/hz/图层 160.png","False","44983","9e5f00ce8i859da16b564ac199603f26","3","1715653033"
"243578251942400","图层 161.png","/立创·泰山派开发板资料/第09章.【立创·泰山派】项目案例/【智能小手机】项目资料/7.手机综合项目/图片素材/开机动画/竖屏/hz/图层 161.png","False","46018","db3940320p81e56dd4a050324e7d8658","3","1715653033"
"753430789581538","图层 162.png","/立创·泰山派开发板资料/第09章.【立创·泰山派】项目案例/【智能小手机】项目资料/7.手机综合项目/图片素材/开机动画/竖屏/hz/图层 162.png","False","43684","9311cddaau479e55a44558b61805e6bc","3","1715653033"
"276858340145320","图层 163.png","/立创·泰山派开发板资料/第09章.【立创·泰山派】项目案例/【智能小手机】项目资料/7.手机综合项目/图片素材/开机动画/竖屏/hz/图层 163.png","False","44463","417b9fa44l9c901d237cae33ca85d318","3","1715653033"
"235219897596538","图层 164.png","/立创·泰山派开发板资料/第09章.【立创·泰山派】项目案例/【智能小手机】项目资料/7.手机综合项目/图片素材/开机动画/竖屏/hz/图层 164.png","False","50120","fd0b2df56n8e1eb2c67d0c419c33a04e","3","1715653033"
"1069063462011275","图层 165.png","/立创·泰山派开发板资料/第09章.【立创·泰山派】项目案例/【智能小手机】项目资料/7.手机综合项目/图片素材/开机动画/竖屏/hz/图层 165.png","False","61874","22f854da0v1c9a0877678b80e32bf944","3","1715653033"
"474057119032268","图层 166.png","/立创·泰山派开发板资料/第09章.【立创·泰山派】项目案例/【智能小手机】项目资料/7.手机综合项目/图片素材/开机动画/竖屏/hz/图层 166.png","False","62632","ab0a8de7dhfa8cdb18bf2416eed30bb8","3","1715653033"
"950419819473254","图层 167.png","/立创·泰山派开发板资料/第09章.【立创·泰山派】项目案例/【智能小手机】项目资料/7.手机综合项目/图片素材/开机动画/竖屏/hz/图层 167.png","False","53611","788fdf341s7d3baf28157d7d825fbf3a","3","1715653033"
"647569346091503","图层 168.png","/立创·泰山派开发板资料/第09章.【立创·泰山派】项目案例/【智能小手机】项目资料/7.手机综合项目/图片素材/开机动画/竖屏/hz/图层 168.png","False","54907","a143059adrf1603260eb027091e0119b","3","1715653033"
"811659183001920","图层 169.png","/立创·泰山派开发板资料/第09章.【立创·泰山派】项目案例/【智能小手机】项目资料/7.手机综合项目/图片素材/开机动画/竖屏/hz/图层 169.png","False","48593","639d9a00ar206caae86e4bcd2ea2835a","3","1715653033"
"474193569423277","图层 17.png","/立创·泰山派开发板资料/第09章.【立创·泰山派】项目案例/【智能小手机】项目资料/7.手机综合项目/图片素材/开机动画/竖屏/hz/图层 17.png","False","63401","4a00f4b05t8dbb4b6e1b71b97830dbbc","3","1715653033"
"1107926474052815","图层 170.png","/立创·泰山派开发板资料/第09章.【立创·泰山派】项目案例/【智能小手机】项目资料/7.手机综合项目/图片素材/开机动画/竖屏/hz/图层 170.png","False","45123","128edc088mea33c80b9b58dc73d9a02b","3","1715653033"
"864675272950286","图层 171.png","/立创·泰山派开发板资料/第09章.【立创·泰山派】项目案例/【智能小手机】项目资料/7.手机综合项目/图片素材/开机动画/竖屏/hz/图层 171.png","False","36057","446b4f803j1ead7dee21f12ebd66637c","3","1715653033"
"345553132374539","图层 172.png","/立创·泰山派开发板资料/第09章.【立创·泰山派】项目案例/【智能小手机】项目资料/7.手机综合项目/图片素材/开机动画/竖屏/hz/图层 172.png","False","39921","95a363569ob74a3904200027750c2673","3","1715653033"
"1119180533399464","图层 173.png","/立创·泰山派开发板资料/第09章.【立创·泰山派】项目案例/【智能小手机】项目资料/7.手机综合项目/图片素材/开机动画/竖屏/hz/图层 173.png","False","38304","cb14f23ccv316e99e1aa25b81793f038","3","1715653033"
"1097832217573643","图层 174.png","/立创·泰山派开发板资料/第09章.【立创·泰山派】项目案例/【智能小手机】项目资料/7.手机综合项目/图片素材/开机动画/竖屏/hz/图层 174.png","False","46043","6401024a8p07fe7d1b60d82ba8b3fa55","3","1715653033"
"412300331712403","图层 175.png","/立创·泰山派开发板资料/第09章.【立创·泰山派】项目案例/【智能小手机】项目资料/7.手机综合项目/图片素材/开机动画/竖屏/hz/图层 175.png","False","50977","9636a2b9fld4e8cd7f6e4fbbab599498","3","1715653033"
"325909015721717","图层 176.png","/立创·泰山派开发板资料/第09章.【立创·泰山派】项目案例/【智能小手机】项目资料/7.手机综合项目/图片素材/开机动画/竖屏/hz/图层 176.png","False","40485","c50f08f7dv467a2899207d41dae788db","3","1715653033"
"669036829080189","图层 177.png","/立创·泰山派开发板资料/第09章.【立创·泰山派】项目案例/【智能小手机】项目资料/7.手机综合项目/图片素材/开机动画/竖屏/hz/图层 177.png","False","42400","fb3d4d54au88fabf61030d97b5205f1f","3","1715653033"
"301156161004357","图层 178.png","/立创·泰山派开发板资料/第09章.【立创·泰山派】项目案例/【智能小手机】项目资料/7.手机综合项目/图片素材/开机动画/竖屏/hz/图层 178.png","False","46336","3a693568ah60cc5f7fbc87929f04c45d","3","1715653033"
"179691707743966","图层 179.png","/立创·泰山派开发板资料/第09章.【立创·泰山派】项目案例/【智能小手机】项目资料/7.手机综合项目/图片素材/开机动画/竖屏/hz/图层 179.png","False","54402","503445d4dmfe486bc5c3c0931537c63d","3","1715653033"
"755050621312510","图层 18.png","/立创·泰山派开发板资料/第09章.【立创·泰山派】项目案例/【智能小手机】项目资料/7.手机综合项目/图片素材/开机动画/竖屏/hz/图层 18.png","False","68204","2bf69acf3v8974606c5e9a52d8474917","3","1715653033"
"108853486336491","图层 180.png","/立创·泰山派开发板资料/第09章.【立创·泰山派】项目案例/【智能小手机】项目资料/7.手机综合项目/图片素材/开机动画/竖屏/hz/图层 180.png","False","51425","bcfe84385t04eedc84c4ea94419068c3","3","1715653033"
"88139977408532","图层 181.png","/立创·泰山派开发板资料/第09章.【立创·泰山派】项目案例/【智能小手机】项目资料/7.手机综合项目/图片素材/开机动画/竖屏/hz/图层 181.png","False","54696","8da576133i743647f58396d659b9944c","3","1715653033"
"173315046027812","图层 182.png","/立创·泰山派开发板资料/第09章.【立创·泰山派】项目案例/【智能小手机】项目资料/7.手机综合项目/图片素材/开机动画/竖屏/hz/图层 182.png","False","63215","546a34a0cqce11f8ef3dba1a2b682b08","3","1715653033"
"722885145740931","图层 183.png","/立创·泰山派开发板资料/第09章.【立创·泰山派】项目案例/【智能小手机】项目资料/7.手机综合项目/图片素材/开机动画/竖屏/hz/图层 183.png","False","61605","545df359alb8b14e454d438266cc565d","3","1715653033"
"241431606214434","图层 184.png","/立创·泰山派开发板资料/第09章.【立创·泰山派】项目案例/【智能小手机】项目资料/7.手机综合项目/图片素材/开机动画/竖屏/hz/图层 184.png","False","59180","b913da87ej08ac2592c2282c30af3903","3","1715653033"
"853807030059120","图层 185.png","/立创·泰山派开发板资料/第09章.【立创·泰山派】项目案例/【智能小手机】项目资料/7.手机综合项目/图片素材/开机动画/竖屏/hz/图层 185.png","False","59656","81dce6f0bk7ec90e07931913961c05cd","3","1715653033"
"1026595119984977","图层 186.png","/立创·泰山派开发板资料/第09章.【立创·泰山派】项目案例/【智能小手机】项目资料/7.手机综合项目/图片素材/开机动画/竖屏/hz/图层 186.png","False","58017","2be5a5114o8e05fd9948a6ef32e13cf4","3","1715653033"
"140291094906922","图层 187.png","/立创·泰山派开发板资料/第09章.【立创·泰山派】项目案例/【智能小手机】项目资料/7.手机综合项目/图片素材/开机动画/竖屏/hz/图层 187.png","False","61001","2b210810at9a47d5b15f4af53fe21582","3","1715653033"
"648450799541185","图层 188.png","/立创·泰山派开发板资料/第09章.【立创·泰山派】项目案例/【智能小手机】项目资料/7.手机综合项目/图片素材/开机动画/竖屏/hz/图层 188.png","False","62536","ef22bc16dr9fdac0e3f76b5b42b27067","3","1715653033"
"301630890850746","图层 189.png","/立创·泰山派开发板资料/第09章.【立创·泰山派】项目案例/【智能小手机】项目资料/7.手机综合项目/图片素材/开机动画/竖屏/hz/图层 189.png","False","65233","6cdaab954ma1d436a1a8d7177900d756","3","1715653033"
"174432041046121","0001.png","/立创·泰山派开发板资料/第09章.【立创·泰山派】项目案例/【智能小手机】项目资料/7.手机综合项目/图片素材/开机动画/竖屏/out/0001.png","False","59064","b4ef33b88k4e15b710d3d62930358ea2","3","1715653033"
"669708379947546","0002.png","/立创·泰山派开发板资料/第09章.【立创·泰山派】项目案例/【智能小手机】项目资料/7.手机综合项目/图片素材/开机动画/竖屏/out/0002.png","False","59442","cad795de2od54d5ae50c0ace9946f970","3","1715653033"
"35319655321058","0003.png","/立创·泰山派开发板资料/第09章.【立创·泰山派】项目案例/【智能小手机】项目资料/7.手机综合项目/图片素材/开机动画/竖屏/out/0003.png","False","59232","909ea6174vf16f88ed155c7d0a91dda7","3","1715653033"
"680043696348488","0004.png","/立创·泰山派开发板资料/第09章.【立创·泰山派】项目案例/【智能小手机】项目资料/7.手机综合项目/图片素材/开机动画/竖屏/out/0004.png","False","66549","34e050da9i6a0fa518dd0b0d7a69a7a0","3","1715653033"
"585476510777231","0005.png","/立创·泰山派开发板资料/第09章.【立创·泰山派】项目案例/【智能小手机】项目资料/7.手机综合项目/图片素材/开机动画/竖屏/out/0005.png","False","71343","57d67599eo614cc326b07b1d17dd9d0c","3","1715653033"
"1034835370117316","0006.png","/立创·泰山派开发板资料/第09章.【立创·泰山派】项目案例/【智能小手机】项目资料/7.手机综合项目/图片素材/开机动画/竖屏/out/0006.png","False","76354","800f9f821t383464531155f7b96b9a03","3","1715653033"
"455158071956741","0007.png","/立创·泰山派开发板资料/第09章.【立创·泰山派】项目案例/【智能小手机】项目资料/7.手机综合项目/图片素材/开机动画/竖屏/out/0007.png","False","73694","02027c033m6f8f6ea9298386436d6df5","3","1715653033"
"147337114269124","0008.png","/立创·泰山派开发板资料/第09章.【立创·泰山派】项目案例/【智能小手机】项目资料/7.手机综合项目/图片素材/开机动画/竖屏/out/0008.png","False","73582","03528ac2fj1209f24d13192bbaccf3d1","3","1715653033"
"750898892564483","0009.png","/立创·泰山派开发板资料/第09章.【立创·泰山派】项目案例/【智能小手机】项目资料/7.手机综合项目/图片素材/开机动画/竖屏/out/0009.png","False","75068","6bf56785bs81a06b02ec084fb4892b0c","3","1715653033"
"806630817664168","0010.png","/立创·泰山派开发板资料/第09章.【立创·泰山派】项目案例/【智能小手机】项目资料/7.手机综合项目/图片素材/开机动画/竖屏/out/0010.png","False","71503","8e4bb5ed8hc6acc5a35bd2d982845b7a","3","1715653033"
"93868704563279","0011.png","/立创·泰山派开发板资料/第09章.【立创·泰山派】项目案例/【智能小手机】项目资料/7.手机综合项目/图片素材/开机动画/竖屏/out/0011.png","False","64887","ee628752eg4469b443bdfaa482507ae3","3","1715653033"
"166465399438172","0012.png","/立创·泰山派开发板资料/第09章.【立创·泰山派】项目案例/【智能小手机】项目资料/7.手机综合项目/图片素材/开机动画/竖屏/out/0012.png","False","66151","8addc81ddi7d335fb0b168d856a643d4","3","1715653033"
"593203210989970","0013.png","/立创·泰山派开发板资料/第09章.【立创·泰山派】项目案例/【智能小手机】项目资料/7.手机综合项目/图片素材/开机动画/竖屏/out/0013.png","False","65902","fbaef60e6seb9bdd006c4084fd0d4ccd","3","1715653033"
"803466508975783","0014.png","/立创·泰山派开发板资料/第09章.【立创·泰山派】项目案例/【智能小手机】项目资料/7.手机综合项目/图片素材/开机动画/竖屏/out/0014.png","False","65366","9c354feeegb76465fd3996595fdeb02d","3","1715653033"
"102612175728102","0015.png","/立创·泰山派开发板资料/第09章.【立创·泰山派】项目案例/【智能小手机】项目资料/7.手机综合项目/图片素材/开机动画/竖屏/out/0015.png","False","64228","6355d8c65ka258462e542358d4beac44","3","1715653033"
"247381517935092","0016.png","/立创·泰山派开发板资料/第09章.【立创·泰山派】项目案例/【智能小手机】项目资料/7.手机综合项目/图片素材/开机动画/竖屏/out/0016.png","False","66730","08990aab2kb663f0eb5151bbed651876","3","1715653033"
"817319963556348","0017.png","/立创·泰山派开发板资料/第09章.【立创·泰山派】项目案例/【智能小手机】项目资料/7.手机综合项目/图片素材/开机动画/竖屏/out/0017.png","False","63401","4a00f4b05t8dbb4b6e1b71b97830dbbc","3","1715653033"
"492753098903290","0018.png","/立创·泰山派开发板资料/第09章.【立创·泰山派】项目案例/【智能小手机】项目资料/7.手机综合项目/图片素材/开机动画/竖屏/out/0018.png","False","68204","2bf69acf3v8974606c5e9a52d8474917","3","1715653033"
"1105850344792565","0019.png","/立创·泰山派开发板资料/第09章.【立创·泰山派】项目案例/【智能小手机】项目资料/7.手机综合项目/图片素材/开机动画/竖屏/out/0019.png","False","70593","0dec2a044p5d988bc6b4d0a17cb3edd5","3","1715653033"
"321070868505034","0020.png","/立创·泰山派开发板资料/第09章.【立创·泰山派】项目案例/【智能小手机】项目资料/7.手机综合项目/图片素材/开机动画/竖屏/out/0020.png","False","69732","5e71fef2cub8855cde3fe65cf0132104","3","1715653033"
"743381504797895","0021.png","/立创·泰山派开发板资料/第09章.【立创·泰山派】项目案例/【智能小手机】项目资料/7.手机综合项目/图片素材/开机动画/竖屏/out/0021.png","False","60378","0c8d30571pcabfb298a1a2c5226c3e68","3","1715653033"
"603942250310391","0022.png","/立创·泰山派开发板资料/第09章.【立创·泰山派】项目案例/【智能小手机】项目资料/7.手机综合项目/图片素材/开机动画/竖屏/out/0022.png","False","54816","cebfa547fgcf9b041cc385b1019a6bc2","3","1715653033"
"802289671221353","0023.png","/立创·泰山派开发板资料/第09章.【立创·泰山派】项目案例/【智能小手机】项目资料/7.手机综合项目/图片素材/开机动画/竖屏/out/0023.png","False","41467","9eea15fc7qa18aea7d4c914324e0fff8","3","1715653033"
"52853392393369","0024.png","/立创·泰山派开发板资料/第09章.【立创·泰山派】项目案例/【智能小手机】项目资料/7.手机综合项目/图片素材/开机动画/竖屏/out/0024.png","False","40139","2073b756aj586b01541fba6177d4df25","3","1715653033"
"477008703012604","0025.png","/立创·泰山派开发板资料/第09章.【立创·泰山派】项目案例/【智能小手机】项目资料/7.手机综合项目/图片素材/开机动画/竖屏/out/0025.png","False","34542","c022e183ct9bc90afbc12d1065d11865","3","1715653033"
"699042501455652","0026.png","/立创·泰山派开发板资料/第09章.【立创·泰山派】项目案例/【智能小手机】项目资料/7.手机综合项目/图片素材/开机动画/竖屏/out/0026.png","False","38248","993e1a016qce3c93f6a22b0619ac0e85","3","1715653033"
"581870862555477","0027.png","/立创·泰山派开发板资料/第09章.【立创·泰山派】项目案例/【智能小手机】项目资料/7.手机综合项目/图片素材/开机动画/竖屏/out/0027.png","False","40677","7dd062b53p05f6d1e7d8293e0f6ff3fd","3","1715653033"
"91295861329747","0028.png","/立创·泰山派开发板资料/第09章.【立创·泰山派】项目案例/【智能小手机】项目资料/7.手机综合项目/图片素材/开机动画/竖屏/out/0028.png","False","43677","c4b4f9955r24f299a916e8eff9c8d8a3","3","1715653033"
"579505524614525","0029.png","/立创·泰山派开发板资料/第09章.【立创·泰山派】项目案例/【智能小手机】项目资料/7.手机综合项目/图片素材/开机动画/竖屏/out/0029.png","False","36577","e0f0fde35he93d192b178af418b33001","3","1715653033"
"76449317133515","0030.png","/立创·泰山派开发板资料/第09章.【立创·泰山派】项目案例/【智能小手机】项目资料/7.手机综合项目/图片素材/开机动画/竖屏/out/0030.png","False","36988","5b490d3abib582651c0bc7af14245d89","3","1715653033"
"16799293957417","0031.png","/立创·泰山派开发板资料/第09章.【立创·泰山派】项目案例/【智能小手机】项目资料/7.手机综合项目/图片素材/开机动画/竖屏/out/0031.png","False","37116","2dc34b096k063b62d8af5fad17511d8a","3","1715653033"
"106282694318485","0032.png","/立创·泰山派开发板资料/第09章.【立创·泰山派】项目案例/【智能小手机】项目资料/7.手机综合项目/图片素材/开机动画/竖屏/out/0032.png","False","37616","86ba82de6jece027f1e5ca7c056841cc","3","1715653033"
"907110039159619","0033.png","/立创·泰山派开发板资料/第09章.【立创·泰山派】项目案例/【智能小手机】项目资料/7.手机综合项目/图片素材/开机动画/竖屏/out/0033.png","False","59903","2d3fc0917n31ba6b3280e2a08b88ac19","3","1715653033"
"884907125118318","0034.png","/立创·泰山派开发板资料/第09章.【立创·泰山派】项目案例/【智能小手机】项目资料/7.手机综合项目/图片素材/开机动画/竖屏/out/0034.png","False","69921","c3b333f97u1657687dd8529fb8e5ce81","3","1715653033"
"62425794850867","0035.png","/立创·泰山派开发板资料/第09章.【立创·泰山派】项目案例/【智能小手机】项目资料/7.手机综合项目/图片素材/开机动画/竖屏/out/0035.png","False","53412","7921d4de8rb35a013f1fbde31507fe4d","3","1715653033"
"1018710921455698","0036.png","/立创·泰山派开发板资料/第09章.【立创·泰山派】项目案例/【智能小手机】项目资料/7.手机综合项目/图片素材/开机动画/竖屏/out/0036.png","False","44550","0e3c04227o4a54a1cb460905a1d35894","3","1715653033"
"821441537058098","0037.png","/立创·泰山派开发板资料/第09章.【立创·泰山派】项目案例/【智能小手机】项目资料/7.手机综合项目/图片素材/开机动画/竖屏/out/0037.png","False","43860","b4456fbedgee190659c98f88da70ed8e","3","1715653033"
"693761310282974","0038.png","/立创·泰山派开发板资料/第09章.【立创·泰山派】项目案例/【智能小手机】项目资料/7.手机综合项目/图片素材/开机动画/竖屏/out/0038.png","False","43265","8106db574j6833f79f66f7e7e2b889c1","3","1715653033"
"270334802671166","0039.png","/立创·泰山派开发板资料/第09章.【立创·泰山派】项目案例/【智能小手机】项目资料/7.手机综合项目/图片素材/开机动画/竖屏/out/0039.png","False","45625","a1ddf6311p0bb6e8f3242233e949d23f","3","1715653033"
"26404850586413","0040.png","/立创·泰山派开发板资料/第09章.【立创·泰山派】项目案例/【智能小手机】项目资料/7.手机综合项目/图片素材/开机动画/竖屏/out/0040.png","False","40456","afb22bf7brfdf0787560682deb56a520","3","1715653033"
"653200203386540","0041.png","/立创·泰山派开发板资料/第09章.【立创·泰山派】项目案例/【智能小手机】项目资料/7.手机综合项目/图片素材/开机动画/竖屏/out/0041.png","False","43935","17769c340p1fd13b4d153bd50f1f97cb","3","1715653033"
"298971530369276","0042.png","/立创·泰山派开发板资料/第09章.【立创·泰山派】项目案例/【智能小手机】项目资料/7.手机综合项目/图片素材/开机动画/竖屏/out/0042.png","False","45707","128f6e734tbb84a7e721e5eccba5e996","3","1715653033"
"138647555401670","0043.png","/立创·泰山派开发板资料/第09章.【立创·泰山派】项目案例/【智能小手机】项目资料/7.手机综合项目/图片素材/开机动画/竖屏/out/0043.png","False","33184","48485e9e1mc608fa6728db271a5520d3","3","1715653033"
"831441701158774","0044.png","/立创·泰山派开发板资料/第09章.【立创·泰山派】项目案例/【智能小手机】项目资料/7.手机综合项目/图片素材/开机动画/竖屏/out/0044.png","False","31465","fc45f1290h69e1161cfac17f79a67c3c","3","1715653033"
"141930527096985","0045.png","/立创·泰山派开发板资料/第09章.【立创·泰山派】项目案例/【智能小手机】项目资料/7.手机综合项目/图片素材/开机动画/竖屏/out/0045.png","False","36469","39cb7a146vadfd5b1349be8ca897bd68","3","1715653033"
"545699140438853","0046.png","/立创·泰山派开发板资料/第09章.【立创·泰山派】项目案例/【智能小手机】项目资料/7.手机综合项目/图片素材/开机动画/竖屏/out/0046.png","False","34389","2308ae60eg02ac757a7efc8b5ae848bc","3","1715653033"
"199632879808963","0047.png","/立创·泰山派开发板资料/第09章.【立创·泰山派】项目案例/【智能小手机】项目资料/7.手机综合项目/图片素材/开机动画/竖屏/out/0047.png","False","35428","703257ab1u8100bb8fba7bd253109250","3","1715653033"
"1023029024004432","0048.png","/立创·泰山派开发板资料/第09章.【立创·泰山派】项目案例/【智能小手机】项目资料/7.手机综合项目/图片素材/开机动画/竖屏/out/0048.png","False","37855","95b210229j79e0e6408a6c2afe5dba28","3","1715653033"
"515818526095047","0049.png","/立创·泰山派开发板资料/第09章.【立创·泰山派】项目案例/【智能小手机】项目资料/7.手机综合项目/图片素材/开机动画/竖屏/out/0049.png","False","38357","23a1e90fftcfadc77663396f89122a00","3","1715653033"
"414706046525514","0050.png","/立创·泰山派开发板资料/第09章.【立创·泰山派】项目案例/【智能小手机】项目资料/7.手机综合项目/图片素材/开机动画/竖屏/out/0050.png","False","37226","7befb4432lf6b236bee8b52fe5fd1120","3","1715653033"
"906103260976651","0051.png","/立创·泰山派开发板资料/第09章.【立创·泰山派】项目案例/【智能小手机】项目资料/7.手机综合项目/图片素材/开机动画/竖屏/out/0051.png","False","28651","c085d3569r20ae120f3ad72b72305b46","3","1715653033"
"727946067756638","0052.png","/立创·泰山派开发板资料/第09章.【立创·泰山派】项目案例/【智能小手机】项目资料/7.手机综合项目/图片素材/开机动画/竖屏/out/0052.png","False","33864","9832be30crf48011b8ad1a18fef15c3c","3","1715653033"
"407652448038216","0053.png","/立创·泰山派开发板资料/第09章.【立创·泰山派】项目案例/【智能小手机】项目资料/7.手机综合项目/图片素材/开机动画/竖屏/out/0053.png","False","31647","7276a4dffm0a7a4b2fa0813fdea85e0a","3","1715653033"
"972107968743102","0054.png","/立创·泰山派开发板资料/第09章.【立创·泰山派】项目案例/【智能小手机】项目资料/7.手机综合项目/图片素材/开机动画/竖屏/out/0054.png","False","30262","3a7521a31q2d356c8d07de257807448c","3","1715653033"
"46077822640850","0055.png","/立创·泰山派开发板资料/第09章.【立创·泰山派】项目案例/【智能小手机】项目资料/7.手机综合项目/图片素材/开机动画/竖屏/out/0055.png","False","38254","06023df17u81feb8c4e262758b34b0cd","3","1715653033"
"1054920900368380","0056.png","/立创·泰山派开发板资料/第09章.【立创·泰山派】项目案例/【智能小手机】项目资料/7.手机综合项目/图片素材/开机动画/竖屏/out/0056.png","False","38683","893d4837bs41610b0ab41f70e27ec380","3","1715653033"
"886709757176846","0057.png","/立创·泰山派开发板资料/第09章.【立创·泰山派】项目案例/【智能小手机】项目资料/7.手机综合项目/图片素材/开机动画/竖屏/out/0057.png","False","43501","4ddd58dcanc571c12943d0859aa8ff31","3","1715653033"
"574748553919216","0058.png","/立创·泰山派开发板资料/第09章.【立创·泰山派】项目案例/【智能小手机】项目资料/7.手机综合项目/图片素材/开机动画/竖屏/out/0058.png","False","42374","d6da41673s6a723d87e5b06da5c40df7","3","1715653033"
"113854465148343","0059.png","/立创·泰山派开发板资料/第09章.【立创·泰山派】项目案例/【智能小手机】项目资料/7.手机综合项目/图片素材/开机动画/竖屏/out/0059.png","False","35664","702888072hc6b8e4fee528641ba70eb9","3","1715653033"
"436631559862944","0060.png","/立创·泰山派开发板资料/第09章.【立创·泰山派】项目案例/【智能小手机】项目资料/7.手机综合项目/图片素材/开机动画/竖屏/out/0060.png","False","27372","7119e14eag9362c72925646b2efc3bf1","3","1715653033"
"628563775959313","0061.png","/立创·泰山派开发板资料/第09章.【立创·泰山派】项目案例/【智能小手机】项目资料/7.手机综合项目/图片素材/开机动画/竖屏/out/0061.png","False","37217","d8dbc051elf32b037dd635b4a3f61d45","3","1715653033"
"915095754199943","0062.png","/立创·泰山派开发板资料/第09章.【立创·泰山派】项目案例/【智能小手机】项目资料/7.手机综合项目/图片素材/开机动画/竖屏/out/0062.png","False","38032","0fd0a87bdv11c81d8ad0c5b02d59de2c","3","1715653033"
"803431762695285","0063.png","/立创·泰山派开发板资料/第09章.【立创·泰山派】项目案例/【智能小手机】项目资料/7.手机综合项目/图片素材/开机动画/竖屏/out/0063.png","False","35828","3ab72c61eg73584e4ec1a2d713584953","3","1715653033"
"459080290601190","0064.png","/立创·泰山派开发板资料/第09章.【立创·泰山派】项目案例/【智能小手机】项目资料/7.手机综合项目/图片素材/开机动画/竖屏/out/0064.png","False","36320","d139a5398t23a66a3fae2e6ac8a9e726","3","1715653033"
"278241541024863","0065.png","/立创·泰山派开发板资料/第09章.【立创·泰山派】项目案例/【智能小手机】项目资料/7.手机综合项目/图片素材/开机动画/竖屏/out/0065.png","False","34532","4016263f8nc88a1ffb0baf22d0447423","3","1715653033"
"186550125322877","0066.png","/立创·泰山派开发板资料/第09章.【立创·泰山派】项目案例/【智能小手机】项目资料/7.手机综合项目/图片素材/开机动画/竖屏/out/0066.png","False","30831","baa2eb3e0uccad2a49320e2a43a89194","3","1715653033"
"862688345718887","0067.png","/立创·泰山派开发板资料/第09章.【立创·泰山派】项目案例/【智能小手机】项目资料/7.手机综合项目/图片素材/开机动画/竖屏/out/0067.png","False","38868","c4b6fd871u65f6d7e6846d4d7437c0c3","3","1715653033"
"226904985613627","0068.png","/立创·泰山派开发板资料/第09章.【立创·泰山派】项目案例/【智能小手机】项目资料/7.手机综合项目/图片素材/开机动画/竖屏/out/0068.png","False","36736","8fa9a30adraf578ca30be997004e220b","3","1715653033"
"1004857838736947","0069.png","/立创·泰山派开发板资料/第09章.【立创·泰山派】项目案例/【智能小手机】项目资料/7.手机综合项目/图片素材/开机动画/竖屏/out/0069.png","False","31727","d75ee4689hbcd5d34be818b433cf4354","3","1715653033"
"676799472236465","0070.png","/立创·泰山派开发板资料/第09章.【立创·泰山派】项目案例/【智能小手机】项目资料/7.手机综合项目/图片素材/开机动画/竖屏/out/0070.png","False","35295","3dbffbe66t727db049004cccc4edbc18","3","1715653033"
"966687443948865","0071.png","/立创·泰山派开发板资料/第09章.【立创·泰山派】项目案例/【智能小手机】项目资料/7.手机综合项目/图片素材/开机动画/竖屏/out/0071.png","False","37089","efbdd566dm9a1651e7ae8f2f8f0ac9e1","3","1715653033"
"177514362101842","0072.png","/立创·泰山派开发板资料/第09章.【立创·泰山派】项目案例/【智能小手机】项目资料/7.手机综合项目/图片素材/开机动画/竖屏/out/0072.png","False","38414","d2613d395q7d8e458ea9cb2b3db32f85","3","1715653033"
"65640353228341","0073.png","/立创·泰山派开发板资料/第09章.【立创·泰山派】项目案例/【智能小手机】项目资料/7.手机综合项目/图片素材/开机动画/竖屏/out/0073.png","False","40522","0230d604dn73dc0bc06733b100ea1b04","3","1715653033"
"884326931605099","0074.png","/立创·泰山派开发板资料/第09章.【立创·泰山派】项目案例/【智能小手机】项目资料/7.手机综合项目/图片素材/开机动画/竖屏/out/0074.png","False","40581","7e88624c5j08d58f8fb2068a55bd5109","3","1715653033"
"535589753631011","0075.png","/立创·泰山派开发板资料/第09章.【立创·泰山派】项目案例/【智能小手机】项目资料/7.手机综合项目/图片素材/开机动画/竖屏/out/0075.png","False","39586","c5c1392fen30131ac0fbc559e3fde403","3","1715653033"
"738936386592711","0076.png","/立创·泰山派开发板资料/第09章.【立创·泰山派】项目案例/【智能小手机】项目资料/7.手机综合项目/图片素材/开机动画/竖屏/out/0076.png","False","35542","1629a656cib69c1f1acc85e545f5ea82","3","1715653033"
"860410081233821","0077.png","/立创·泰山派开发板资料/第09章.【立创·泰山派】项目案例/【智能小手机】项目资料/7.手机综合项目/图片素材/开机动画/竖屏/out/0077.png","False","37062","71640f06cr15c1cd0577de9491b31aba","3","1715653033"
"963936458501629","0078.png","/立创·泰山派开发板资料/第09章.【立创·泰山派】项目案例/【智能小手机】项目资料/7.手机综合项目/图片素材/开机动画/竖屏/out/0078.png","False","46766","dafd462f0oc2d7c9b15ab87d7a84571b","3","1715653033"
"288506637652158","0079.png","/立创·泰山派开发板资料/第09章.【立创·泰山派】项目案例/【智能小手机】项目资料/7.手机综合项目/图片素材/开机动画/竖屏/out/0079.png","False","42588","d5ca4c645uf50e46262da434dca25a7e","3","1715653033"
"948749662832480","0080.png","/立创·泰山派开发板资料/第09章.【立创·泰山派】项目案例/【智能小手机】项目资料/7.手机综合项目/图片素材/开机动画/竖屏/out/0080.png","False","36423","a2fa6404fu5d838dadc0a17abef3aad1","3","1715653033"
"610401343030685","0081.png","/立创·泰山派开发板资料/第09章.【立创·泰山派】项目案例/【智能小手机】项目资料/7.手机综合项目/图片素材/开机动画/竖屏/out/0081.png","False","32969","cdcc0316bk0c5b1f83f35a73fb0f48e1","3","1715653033"
"262120225883381","0082.png","/立创·泰山派开发板资料/第09章.【立创·泰山派】项目案例/【智能小手机】项目资料/7.手机综合项目/图片素材/开机动画/竖屏/out/0082.png","False","38272","54f88bcb4g2daa46a3de45b5515818b4","3","1715653033"
"452497410075781","0083.png","/立创·泰山派开发板资料/第09章.【立创·泰山派】项目案例/【智能小手机】项目资料/7.手机综合项目/图片素材/开机动画/竖屏/out/0083.png","False","37412","2ea3c3b36lfdba5370ef628e4c3dfc04","3","1715653033"
"839911966850605","0084.png","/立创·泰山派开发板资料/第09章.【立创·泰山派】项目案例/【智能小手机】项目资料/7.手机综合项目/图片素材/开机动画/竖屏/out/0084.png","False","33119","98dbcd230r6d26fb03b89474cab182ae","3","1715653033"
"489209182034310","0085.png","/立创·泰山派开发板资料/第09章.【立创·泰山派】项目案例/【智能小手机】项目资料/7.手机综合项目/图片素材/开机动画/竖屏/out/0085.png","False","41686","89af0ee95iaf765e9250757ec9cc0320","3","1715653033"
"161612609800534","0086.png","/立创·泰山派开发板资料/第09章.【立创·泰山派】项目案例/【智能小手机】项目资料/7.手机综合项目/图片素材/开机动画/竖屏/out/0086.png","False","39726","a4e4e625evdff704ee54b4200fc7da69","3","1715653033"
"91747004975894","0087.png","/立创·泰山派开发板资料/第09章.【立创·泰山派】项目案例/【智能小手机】项目资料/7.手机综合项目/图片素材/开机动画/竖屏/out/0087.png","False","38047","68207708fiba54a0d31bb2897a82217c","3","1715653033"
"898999549778669","0088.png","/立创·泰山派开发板资料/第09章.【立创·泰山派】项目案例/【智能小手机】项目资料/7.手机综合项目/图片素材/开机动画/竖屏/out/0088.png","False","37623","c02dd0adch9f5dc18c8744371cf2823a","3","1715653033"
"1007644312272946","0089.png","/立创·泰山派开发板资料/第09章.【立创·泰山派】项目案例/【智能小手机】项目资料/7.手机综合项目/图片素材/开机动画/竖屏/out/0089.png","False","35507","826982fa6j203376d20e43c7e2ae02df","3","1715653033"
"865076807878418","0090.png","/立创·泰山派开发板资料/第09章.【立创·泰山派】项目案例/【智能小手机】项目资料/7.手机综合项目/图片素材/开机动画/竖屏/out/0090.png","False","37236","d138e4180r0dee7d44ef20fe6a906577","3","1715653033"
"24055008929108","0091.png","/立创·泰山派开发板资料/第09章.【立创·泰山派】项目案例/【智能小手机】项目资料/7.手机综合项目/图片素材/开机动画/竖屏/out/0091.png","False","34219","f911aa6fbgeea691f7173a8efd577ea6","3","1715653033"
"867776726621910","0092.png","/立创·泰山派开发板资料/第09章.【立创·泰山派】项目案例/【智能小手机】项目资料/7.手机综合项目/图片素材/开机动画/竖屏/out/0092.png","False","37485","67d2bd426h559d5115a538e272852ece","3","1715653033"
"405259658725660","0093.png","/立创·泰山派开发板资料/第09章.【立创·泰山派】项目案例/【智能小手机】项目资料/7.手机综合项目/图片素材/开机动画/竖屏/out/0093.png","False","45428","79cdaa070od37f34c89c6edb10c02538","3","1715653033"
"1009315762093809","0094.png","/立创·泰山派开发板资料/第09章.【立创·泰山派】项目案例/【智能小手机】项目资料/7.手机综合项目/图片素材/开机动画/竖屏/out/0094.png","False","46365","8a7a6fce6s4c951258f7d5de75b9d48c","3","1715653033"
"967035490623558","0095.png","/立创·泰山派开发板资料/第09章.【立创·泰山派】项目案例/【智能小手机】项目资料/7.手机综合项目/图片素材/开机动画/竖屏/out/0095.png","False","43731","8290b6b39gab4a6165cd1081e4280d9e","3","1715653033"
"330101575777121","0096.png","/立创·泰山派开发板资料/第09章.【立创·泰山派】项目案例/【智能小手机】项目资料/7.手机综合项目/图片素材/开机动画/竖屏/out/0096.png","False","42987","b3c4f3170q8a5c9943f725fc18cb15a9","3","1715653033"
"460339404742592","0097.png","/立创·泰山派开发板资料/第09章.【立创·泰山派】项目案例/【智能小手机】项目资料/7.手机综合项目/图片素材/开机动画/竖屏/out/0097.png","False","39395","6dd7408b6kd1503b4960980b1f2a638b","3","1715653033"
"140927436150649","0098.png","/立创·泰山派开发板资料/第09章.【立创·泰山派】项目案例/【智能小手机】项目资料/7.手机综合项目/图片素材/开机动画/竖屏/out/0098.png","False","37912","bb5ffbc41i8e169a80d5f9e1def86840","3","1715653033"
"108889841671773","0099.png","/立创·泰山派开发板资料/第09章.【立创·泰山派】项目案例/【智能小手机】项目资料/7.手机综合项目/图片素材/开机动画/竖屏/out/0099.png","False","37017","b8f62508dm03aa3a1f60939193ab4711","3","1715653033"
"617502284897292","0100.png","/立创·泰山派开发板资料/第09章.【立创·泰山派】项目案例/【智能小手机】项目资料/7.手机综合项目/图片素材/开机动画/竖屏/out/0100.png","False","39470","bc5cf1ea3lc28136886c84edfcfa6805","3","1715653033"
"958848479848199","arm64","/立创·泰山派开发板资料/第09章.【立创·泰山派】项目案例/【底部扩展板】项目资料/【底部39脚】4G_HUB2.0_ET100_HS扩展板/Android固件/20240620/补丁/kernel/arch/arm64","True","0",,"6","1718932976"
"110807414245859","net","/立创·泰山派开发板资料/第09章.【立创·泰山派】项目案例/【底部扩展板】项目资料/【底部39脚】4G_HUB2.0_ET100_HS扩展板/Android固件/20240620/补丁/kernel/drivers/net","True","0",,"6","1718932976"
"253320806321247","boot","/立创·泰山派开发板资料/第09章.【立创·泰山派】项目案例/【底部扩展板】项目资料/【底部39脚】4G_HUB2.0_ET100_HS扩展板/Linux固件/补丁20240620/kernel/arch/arm64/boot","True","0",,"6","1718881331"
"901244942603166","ethernet","/立创·泰山派开发板资料/第09章.【立创·泰山派】项目案例/【底部扩展板】项目资料/【底部39脚】4G_HUB2.0_ET100_HS扩展板/Linux固件/补丁20240620/kernel/drivers/net/ethernet","True","0",,"6","1718881332"
"541637156454326","docs","/立创·泰山派开发板资料/第09章.【立创·泰山派】项目案例/【智能小手机】项目资料/7.手机综合项目/数据手册/3.1寸屏幕资料/触摸驱动/Focaltech_Touch_Driver_for_Qualcomm_V2.0_20170919(高通)/Focaltech_Touch_Driver_for_Qualcomm_V2.0_20170919/docs","True","0",,"6","1715653033"
"913805684470248","focaltech_touch","/立创·泰山派开发板资料/第09章.【立创·泰山派】项目案例/【智能小手机】项目资料/7.手机综合项目/数据手册/3.1寸屏幕资料/触摸驱动/Focaltech_Touch_Driver_for_Qualcomm_V2.0_20170919(高通)/Focaltech_Touch_Driver_for_Qualcomm_V2.0_20170919/focaltech_touch","True","0",,"6","1715653033"
"945410954890355","0001.png","/立创·泰山派开发板资料/第09章.【立创·泰山派】项目案例/【智能小手机】项目资料/7.手机综合项目/图片素材/开机动画/竖屏/bootanimation/part0/0001.png","False","59064","b4ef33b88k4e15b710d3d62930358ea2","3","1715653033"
"727172756127424","0002.png","/立创·泰山派开发板资料/第09章.【立创·泰山派】项目案例/【智能小手机】项目资料/7.手机综合项目/图片素材/开机动画/竖屏/bootanimation/part0/0002.png","False","59442","cad795de2od54d5ae50c0ace9946f970","3","1715653033"
"610120579537832","0003.png","/立创·泰山派开发板资料/第09章.【立创·泰山派】项目案例/【智能小手机】项目资料/7.手机综合项目/图片素材/开机动画/竖屏/bootanimation/part0/0003.png","False","59232","909ea6174vf16f88ed155c7d0a91dda7","3","1715653033"
"400766504057067","0004.png","/立创·泰山派开发板资料/第09章.【立创·泰山派】项目案例/【智能小手机】项目资料/7.手机综合项目/图片素材/开机动画/竖屏/bootanimation/part0/0004.png","False","66549","34e050da9i6a0fa518dd0b0d7a69a7a0","3","1715653033"
"62557884696875","0005.png","/立创·泰山派开发板资料/第09章.【立创·泰山派】项目案例/【智能小手机】项目资料/7.手机综合项目/图片素材/开机动画/竖屏/bootanimation/part0/0005.png","False","71343","57d67599eo614cc326b07b1d17dd9d0c","3","1715653033"
"735443787913487","0006.png","/立创·泰山派开发板资料/第09章.【立创·泰山派】项目案例/【智能小手机】项目资料/7.手机综合项目/图片素材/开机动画/竖屏/bootanimation/part0/0006.png","False","76354","800f9f821t383464531155f7b96b9a03","3","1715653033"
"825797727327503","0007.png","/立创·泰山派开发板资料/第09章.【立创·泰山派】项目案例/【智能小手机】项目资料/7.手机综合项目/图片素材/开机动画/竖屏/bootanimation/part0/0007.png","False","73694","02027c033m6f8f6ea9298386436d6df5","3","1715653033"
"97341734024345","0008.png","/立创·泰山派开发板资料/第09章.【立创·泰山派】项目案例/【智能小手机】项目资料/7.手机综合项目/图片素材/开机动画/竖屏/bootanimation/part0/0008.png","False","73582","03528ac2fj1209f24d13192bbaccf3d1","3","1715653033"
"377961391917691","0009.png","/立创·泰山派开发板资料/第09章.【立创·泰山派】项目案例/【智能小手机】项目资料/7.手机综合项目/图片素材/开机动画/竖屏/bootanimation/part0/0009.png","False","75068","6bf56785bs81a06b02ec084fb4892b0c","3","1715653033"
"934773399084132","0010.png","/立创·泰山派开发板资料/第09章.【立创·泰山派】项目案例/【智能小手机】项目资料/7.手机综合项目/图片素材/开机动画/竖屏/bootanimation/part0/0010.png","False","71503","8e4bb5ed8hc6acc5a35bd2d982845b7a","3","1715653033"
"243813373220585","0011.png","/立创·泰山派开发板资料/第09章.【立创·泰山派】项目案例/【智能小手机】项目资料/7.手机综合项目/图片素材/开机动画/竖屏/bootanimation/part0/0011.png","False","64887","ee628752eg4469b443bdfaa482507ae3","3","1715653033"
"57120989493694","0012.png","/立创·泰山派开发板资料/第09章.【立创·泰山派】项目案例/【智能小手机】项目资料/7.手机综合项目/图片素材/开机动画/竖屏/bootanimation/part0/0012.png","False","66151","8addc81ddi7d335fb0b168d856a643d4","3","1715653033"
"804053743617592","0013.png","/立创·泰山派开发板资料/第09章.【立创·泰山派】项目案例/【智能小手机】项目资料/7.手机综合项目/图片素材/开机动画/竖屏/bootanimation/part0/0013.png","False","65902","fbaef60e6seb9bdd006c4084fd0d4ccd","3","1715653033"
"241115784618205","0014.png","/立创·泰山派开发板资料/第09章.【立创·泰山派】项目案例/【智能小手机】项目资料/7.手机综合项目/图片素材/开机动画/竖屏/bootanimation/part0/0014.png","False","65366","9c354feeegb76465fd3996595fdeb02d","3","1715653033"
"823400950581982","0015.png","/立创·泰山派开发板资料/第09章.【立创·泰山派】项目案例/【智能小手机】项目资料/7.手机综合项目/图片素材/开机动画/竖屏/bootanimation/part0/0015.png","False","64228","6355d8c65ka258462e542358d4beac44","3","1715653033"
"34451088261333","0016.png","/立创·泰山派开发板资料/第09章.【立创·泰山派】项目案例/【智能小手机】项目资料/7.手机综合项目/图片素材/开机动画/竖屏/bootanimation/part0/0016.png","False","66730","08990aab2kb663f0eb5151bbed651876","3","1715653033"
"683052698483297","0017.png","/立创·泰山派开发板资料/第09章.【立创·泰山派】项目案例/【智能小手机】项目资料/7.手机综合项目/图片素材/开机动画/竖屏/bootanimation/part0/0017.png","False","63401","4a00f4b05t8dbb4b6e1b71b97830dbbc","3","1715653033"
"365208554661962","0018.png","/立创·泰山派开发板资料/第09章.【立创·泰山派】项目案例/【智能小手机】项目资料/7.手机综合项目/图片素材/开机动画/竖屏/bootanimation/part0/0018.png","False","68204","2bf69acf3v8974606c5e9a52d8474917","3","1715653033"
"23031286741577","0019.png","/立创·泰山派开发板资料/第09章.【立创·泰山派】项目案例/【智能小手机】项目资料/7.手机综合项目/图片素材/开机动画/竖屏/bootanimation/part0/0019.png","False","70593","0dec2a044p5d988bc6b4d0a17cb3edd5","3","1715653033"
"1112832876929135","0020.png","/立创·泰山派开发板资料/第09章.【立创·泰山派】项目案例/【智能小手机】项目资料/7.手机综合项目/图片素材/开机动画/竖屏/bootanimation/part0/0020.png","False","69732","5e71fef2cub8855cde3fe65cf0132104","3","1715653033"
"480324542922356","0021.png","/立创·泰山派开发板资料/第09章.【立创·泰山派】项目案例/【智能小手机】项目资料/7.手机综合项目/图片素材/开机动画/竖屏/bootanimation/part0/0021.png","False","60378","0c8d30571pcabfb298a1a2c5226c3e68","3","1715653033"
"233027612093388","0022.png","/立创·泰山派开发板资料/第09章.【立创·泰山派】项目案例/【智能小手机】项目资料/7.手机综合项目/图片素材/开机动画/竖屏/bootanimation/part0/0022.png","False","54816","cebfa547fgcf9b041cc385b1019a6bc2","3","1715653033"
"566631369954624","0023.png","/立创·泰山派开发板资料/第09章.【立创·泰山派】项目案例/【智能小手机】项目资料/7.手机综合项目/图片素材/开机动画/竖屏/bootanimation/part0/0023.png","False","41467","9eea15fc7qa18aea7d4c914324e0fff8","3","1715653033"
"110214648451888","0024.png","/立创·泰山派开发板资料/第09章.【立创·泰山派】项目案例/【智能小手机】项目资料/7.手机综合项目/图片素材/开机动画/竖屏/bootanimation/part0/0024.png","False","40139","2073b756aj586b01541fba6177d4df25","3","1715653033"
"159693417565473","0025.png","/立创·泰山派开发板资料/第09章.【立创·泰山派】项目案例/【智能小手机】项目资料/7.手机综合项目/图片素材/开机动画/竖屏/bootanimation/part0/0025.png","False","34542","c022e183ct9bc90afbc12d1065d11865","3","1715653033"
"1005852226122716","0026.png","/立创·泰山派开发板资料/第09章.【立创·泰山派】项目案例/【智能小手机】项目资料/7.手机综合项目/图片素材/开机动画/竖屏/bootanimation/part0/0026.png","False","38248","993e1a016qce3c93f6a22b0619ac0e85","3","1715653033"
"837513878201417","0027.png","/立创·泰山派开发板资料/第09章.【立创·泰山派】项目案例/【智能小手机】项目资料/7.手机综合项目/图片素材/开机动画/竖屏/bootanimation/part0/0027.png","False","40677","7dd062b53p05f6d1e7d8293e0f6ff3fd","3","1715653033"
"600899306804774","0028.png","/立创·泰山派开发板资料/第09章.【立创·泰山派】项目案例/【智能小手机】项目资料/7.手机综合项目/图片素材/开机动画/竖屏/bootanimation/part0/0028.png","False","43677","c4b4f9955r24f299a916e8eff9c8d8a3","3","1715653033"
"207374311392800","0029.png","/立创·泰山派开发板资料/第09章.【立创·泰山派】项目案例/【智能小手机】项目资料/7.手机综合项目/图片素材/开机动画/竖屏/bootanimation/part0/0029.png","False","36577","e0f0fde35he93d192b178af418b33001","3","1715653033"
"962141438949370","0030.png","/立创·泰山派开发板资料/第09章.【立创·泰山派】项目案例/【智能小手机】项目资料/7.手机综合项目/图片素材/开机动画/竖屏/bootanimation/part0/0030.png","False","36988","5b490d3abib582651c0bc7af14245d89","3","1715653033"
"138653878359346","0031.png","/立创·泰山派开发板资料/第09章.【立创·泰山派】项目案例/【智能小手机】项目资料/7.手机综合项目/图片素材/开机动画/竖屏/bootanimation/part0/0031.png","False","37116","2dc34b096k063b62d8af5fad17511d8a","3","1715653033"
"443091959977089","0032.png","/立创·泰山派开发板资料/第09章.【立创·泰山派】项目案例/【智能小手机】项目资料/7.手机综合项目/图片素材/开机动画/竖屏/bootanimation/part0/0032.png","False","37616","86ba82de6jece027f1e5ca7c056841cc","3","1715653033"
"698085721303244","0033.png","/立创·泰山派开发板资料/第09章.【立创·泰山派】项目案例/【智能小手机】项目资料/7.手机综合项目/图片素材/开机动画/竖屏/bootanimation/part0/0033.png","False","59903","2d3fc0917n31ba6b3280e2a08b88ac19","3","1715653033"
"578500991896196","0034.png","/立创·泰山派开发板资料/第09章.【立创·泰山派】项目案例/【智能小手机】项目资料/7.手机综合项目/图片素材/开机动画/竖屏/bootanimation/part0/0034.png","False","69921","c3b333f97u1657687dd8529fb8e5ce81","3","1715653033"
"293862192373529","0035.png","/立创·泰山派开发板资料/第09章.【立创·泰山派】项目案例/【智能小手机】项目资料/7.手机综合项目/图片素材/开机动画/竖屏/bootanimation/part0/0035.png","False","53412","7921d4de8rb35a013f1fbde31507fe4d","3","1715653033"
"852210132995038","0036.png","/立创·泰山派开发板资料/第09章.【立创·泰山派】项目案例/【智能小手机】项目资料/7.手机综合项目/图片素材/开机动画/竖屏/bootanimation/part0/0036.png","False","44550","0e3c04227o4a54a1cb460905a1d35894","3","1715653033"
"1122247034266425","0037.png","/立创·泰山派开发板资料/第09章.【立创·泰山派】项目案例/【智能小手机】项目资料/7.手机综合项目/图片素材/开机动画/竖屏/bootanimation/part0/0037.png","False","43860","b4456fbedgee190659c98f88da70ed8e","3","1715653033"
"138527067892846","0038.png","/立创·泰山派开发板资料/第09章.【立创·泰山派】项目案例/【智能小手机】项目资料/7.手机综合项目/图片素材/开机动画/竖屏/bootanimation/part0/0038.png","False","43265","8106db574j6833f79f66f7e7e2b889c1","3","1715653033"
"520578041224355","0039.png","/立创·泰山派开发板资料/第09章.【立创·泰山派】项目案例/【智能小手机】项目资料/7.手机综合项目/图片素材/开机动画/竖屏/bootanimation/part0/0039.png","False","45625","a1ddf6311p0bb6e8f3242233e949d23f","3","1715653033"
"365640890261084","0040.png","/立创·泰山派开发板资料/第09章.【立创·泰山派】项目案例/【智能小手机】项目资料/7.手机综合项目/图片素材/开机动画/竖屏/bootanimation/part0/0040.png","False","40456","afb22bf7brfdf0787560682deb56a520","3","1715653033"
"226352205503870","0041.png","/立创·泰山派开发板资料/第09章.【立创·泰山派】项目案例/【智能小手机】项目资料/7.手机综合项目/图片素材/开机动画/竖屏/bootanimation/part0/0041.png","False","43935","17769c340p1fd13b4d153bd50f1f97cb","3","1715653033"
"10488431310906","0042.png","/立创·泰山派开发板资料/第09章.【立创·泰山派】项目案例/【智能小手机】项目资料/7.手机综合项目/图片素材/开机动画/竖屏/bootanimation/part0/0042.png","False","45707","128f6e734tbb84a7e721e5eccba5e996","3","1715653033"
"246792487738014","0043.png","/立创·泰山派开发板资料/第09章.【立创·泰山派】项目案例/【智能小手机】项目资料/7.手机综合项目/图片素材/开机动画/竖屏/bootanimation/part0/0043.png","False","33184","48485e9e1mc608fa6728db271a5520d3","3","1715653033"
"453358089869921","0044.png","/立创·泰山派开发板资料/第09章.【立创·泰山派】项目案例/【智能小手机】项目资料/7.手机综合项目/图片素材/开机动画/竖屏/bootanimation/part0/0044.png","False","31465","fc45f1290h69e1161cfac17f79a67c3c","3","1715653033"
"481025507218922","0045.png","/立创·泰山派开发板资料/第09章.【立创·泰山派】项目案例/【智能小手机】项目资料/7.手机综合项目/图片素材/开机动画/竖屏/bootanimation/part0/0045.png","False","36469","39cb7a146vadfd5b1349be8ca897bd68","3","1715653033"
"431162232450256","0046.png","/立创·泰山派开发板资料/第09章.【立创·泰山派】项目案例/【智能小手机】项目资料/7.手机综合项目/图片素材/开机动画/竖屏/bootanimation/part0/0046.png","False","34389","2308ae60eg02ac757a7efc8b5ae848bc","3","1715653033"
"609374693362504","0047.png","/立创·泰山派开发板资料/第09章.【立创·泰山派】项目案例/【智能小手机】项目资料/7.手机综合项目/图片素材/开机动画/竖屏/bootanimation/part0/0047.png","False","35428","703257ab1u8100bb8fba7bd253109250","3","1715653033"
"1073472270164870","0048.png","/立创·泰山派开发板资料/第09章.【立创·泰山派】项目案例/【智能小手机】项目资料/7.手机综合项目/图片素材/开机动画/竖屏/bootanimation/part0/0048.png","False","37855","95b210229j79e0e6408a6c2afe5dba28","3","1715653033"
"1117846318995542","0049.png","/立创·泰山派开发板资料/第09章.【立创·泰山派】项目案例/【智能小手机】项目资料/7.手机综合项目/图片素材/开机动画/竖屏/bootanimation/part0/0049.png","False","38357","23a1e90fftcfadc77663396f89122a00","3","1715653033"
"44654678571511","0050.png","/立创·泰山派开发板资料/第09章.【立创·泰山派】项目案例/【智能小手机】项目资料/7.手机综合项目/图片素材/开机动画/竖屏/bootanimation/part0/0050.png","False","37226","7befb4432lf6b236bee8b52fe5fd1120","3","1715653033"
"727709861924598","0051.png","/立创·泰山派开发板资料/第09章.【立创·泰山派】项目案例/【智能小手机】项目资料/7.手机综合项目/图片素材/开机动画/竖屏/bootanimation/part0/0051.png","False","28651","c085d3569r20ae120f3ad72b72305b46","3","1715653033"
"160441088193257","0052.png","/立创·泰山派开发板资料/第09章.【立创·泰山派】项目案例/【智能小手机】项目资料/7.手机综合项目/图片素材/开机动画/竖屏/bootanimation/part0/0052.png","False","33864","9832be30crf48011b8ad1a18fef15c3c","3","1715653033"
"253889601686085","0053.png","/立创·泰山派开发板资料/第09章.【立创·泰山派】项目案例/【智能小手机】项目资料/7.手机综合项目/图片素材/开机动画/竖屏/bootanimation/part0/0053.png","False","31647","7276a4dffm0a7a4b2fa0813fdea85e0a","3","1715653033"
"879580226691396","0054.png","/立创·泰山派开发板资料/第09章.【立创·泰山派】项目案例/【智能小手机】项目资料/7.手机综合项目/图片素材/开机动画/竖屏/bootanimation/part0/0054.png","False","30262","3a7521a31q2d356c8d07de257807448c","3","1715653033"
"826866691156367","0055.png","/立创·泰山派开发板资料/第09章.【立创·泰山派】项目案例/【智能小手机】项目资料/7.手机综合项目/图片素材/开机动画/竖屏/bootanimation/part0/0055.png","False","38254","06023df17u81feb8c4e262758b34b0cd","3","1715653033"
"16665994392197","0056.png","/立创·泰山派开发板资料/第09章.【立创·泰山派】项目案例/【智能小手机】项目资料/7.手机综合项目/图片素材/开机动画/竖屏/bootanimation/part0/0056.png","False","38683","893d4837bs41610b0ab41f70e27ec380","3","1715653033"
"353804495424042","0057.png","/立创·泰山派开发板资料/第09章.【立创·泰山派】项目案例/【智能小手机】项目资料/7.手机综合项目/图片素材/开机动画/竖屏/bootanimation/part0/0057.png","False","43501","4ddd58dcanc571c12943d0859aa8ff31","3","1715653033"
"761358655498077","0058.png","/立创·泰山派开发板资料/第09章.【立创·泰山派】项目案例/【智能小手机】项目资料/7.手机综合项目/图片素材/开机动画/竖屏/bootanimation/part0/0058.png","False","42374","d6da41673s6a723d87e5b06da5c40df7","3","1715653033"
"54110106123960","0059.png","/立创·泰山派开发板资料/第09章.【立创·泰山派】项目案例/【智能小手机】项目资料/7.手机综合项目/图片素材/开机动画/竖屏/bootanimation/part0/0059.png","False","35664","702888072hc6b8e4fee528641ba70eb9","3","1715653033"
"810428223237411","0060.png","/立创·泰山派开发板资料/第09章.【立创·泰山派】项目案例/【智能小手机】项目资料/7.手机综合项目/图片素材/开机动画/竖屏/bootanimation/part0/0060.png","False","27372","7119e14eag9362c72925646b2efc3bf1","3","1715653033"
"868624315713190","0061.png","/立创·泰山派开发板资料/第09章.【立创·泰山派】项目案例/【智能小手机】项目资料/7.手机综合项目/图片素材/开机动画/竖屏/bootanimation/part0/0061.png","False","37217","d8dbc051elf32b037dd635b4a3f61d45","3","1715653033"
"428963717818458","0062.png","/立创·泰山派开发板资料/第09章.【立创·泰山派】项目案例/【智能小手机】项目资料/7.手机综合项目/图片素材/开机动画/竖屏/bootanimation/part0/0062.png","False","38032","0fd0a87bdv11c81d8ad0c5b02d59de2c","3","1715653033"
"493260813409015","0063.png","/立创·泰山派开发板资料/第09章.【立创·泰山派】项目案例/【智能小手机】项目资料/7.手机综合项目/图片素材/开机动画/竖屏/bootanimation/part0/0063.png","False","35828","3ab72c61eg73584e4ec1a2d713584953","3","1715653033"
"986787107080879","0064.png","/立创·泰山派开发板资料/第09章.【立创·泰山派】项目案例/【智能小手机】项目资料/7.手机综合项目/图片素材/开机动画/竖屏/bootanimation/part0/0064.png","False","36320","d139a5398t23a66a3fae2e6ac8a9e726","3","1715653033"
"1007533215738573","0065.png","/立创·泰山派开发板资料/第09章.【立创·泰山派】项目案例/【智能小手机】项目资料/7.手机综合项目/图片素材/开机动画/竖屏/bootanimation/part0/0065.png","False","34532","4016263f8nc88a1ffb0baf22d0447423","3","1715653033"
"223433437038627","0066.png","/立创·泰山派开发板资料/第09章.【立创·泰山派】项目案例/【智能小手机】项目资料/7.手机综合项目/图片素材/开机动画/竖屏/bootanimation/part0/0066.png","False","30831","baa2eb3e0uccad2a49320e2a43a89194","3","1715653033"
"395703846182329","0067.png","/立创·泰山派开发板资料/第09章.【立创·泰山派】项目案例/【智能小手机】项目资料/7.手机综合项目/图片素材/开机动画/竖屏/bootanimation/part0/0067.png","False","38868","c4b6fd871u65f6d7e6846d4d7437c0c3","3","1715653033"
"396772774788307","0068.png","/立创·泰山派开发板资料/第09章.【立创·泰山派】项目案例/【智能小手机】项目资料/7.手机综合项目/图片素材/开机动画/竖屏/bootanimation/part0/0068.png","False","36736","8fa9a30adraf578ca30be997004e220b","3","1715653033"
"1122283575499411","0069.png","/立创·泰山派开发板资料/第09章.【立创·泰山派】项目案例/【智能小手机】项目资料/7.手机综合项目/图片素材/开机动画/竖屏/bootanimation/part0/0069.png","False","31727","d75ee4689hbcd5d34be818b433cf4354","3","1715653033"
"918814221399695","0070.png","/立创·泰山派开发板资料/第09章.【立创·泰山派】项目案例/【智能小手机】项目资料/7.手机综合项目/图片素材/开机动画/竖屏/bootanimation/part0/0070.png","False","35295","3dbffbe66t727db049004cccc4edbc18","3","1715653033"
"543050410662180","0071.png","/立创·泰山派开发板资料/第09章.【立创·泰山派】项目案例/【智能小手机】项目资料/7.手机综合项目/图片素材/开机动画/竖屏/bootanimation/part0/0071.png","False","37089","efbdd566dm9a1651e7ae8f2f8f0ac9e1","3","1715653033"
"1112742192886832","0072.png","/立创·泰山派开发板资料/第09章.【立创·泰山派】项目案例/【智能小手机】项目资料/7.手机综合项目/图片素材/开机动画/竖屏/bootanimation/part0/0072.png","False","38414","d2613d395q7d8e458ea9cb2b3db32f85","3","1715653033"
"988592599310122","0073.png","/立创·泰山派开发板资料/第09章.【立创·泰山派】项目案例/【智能小手机】项目资料/7.手机综合项目/图片素材/开机动画/竖屏/bootanimation/part0/0073.png","False","40522","0230d604dn73dc0bc06733b100ea1b04","3","1715653033"
"1080054818170821","0074.png","/立创·泰山派开发板资料/第09章.【立创·泰山派】项目案例/【智能小手机】项目资料/7.手机综合项目/图片素材/开机动画/竖屏/bootanimation/part0/0074.png","False","40581","7e88624c5j08d58f8fb2068a55bd5109","3","1715653033"
"972917573482138","0075.png","/立创·泰山派开发板资料/第09章.【立创·泰山派】项目案例/【智能小手机】项目资料/7.手机综合项目/图片素材/开机动画/竖屏/bootanimation/part0/0075.png","False","39586","c5c1392fen30131ac0fbc559e3fde403","3","1715653033"
"297661560419178","0076.png","/立创·泰山派开发板资料/第09章.【立创·泰山派】项目案例/【智能小手机】项目资料/7.手机综合项目/图片素材/开机动画/竖屏/bootanimation/part0/0076.png","False","35542","1629a656cib69c1f1acc85e545f5ea82","3","1715653033"
"984927907052977","0077.png","/立创·泰山派开发板资料/第09章.【立创·泰山派】项目案例/【智能小手机】项目资料/7.手机综合项目/图片素材/开机动画/竖屏/bootanimation/part0/0077.png","False","37062","71640f06cr15c1cd0577de9491b31aba","3","1715653033"
"195447879332675","0078.png","/立创·泰山派开发板资料/第09章.【立创·泰山派】项目案例/【智能小手机】项目资料/7.手机综合项目/图片素材/开机动画/竖屏/bootanimation/part0/0078.png","False","46766","dafd462f0oc2d7c9b15ab87d7a84571b","3","1715653033"
"374936098589072","0079.png","/立创·泰山派开发板资料/第09章.【立创·泰山派】项目案例/【智能小手机】项目资料/7.手机综合项目/图片素材/开机动画/竖屏/bootanimation/part0/0079.png","False","42588","d5ca4c645uf50e46262da434dca25a7e","3","1715653033"
"573499701050937","0080.png","/立创·泰山派开发板资料/第09章.【立创·泰山派】项目案例/【智能小手机】项目资料/7.手机综合项目/图片素材/开机动画/竖屏/bootanimation/part0/0080.png","False","36423","a2fa6404fu5d838dadc0a17abef3aad1","3","1715653033"
"1114189953434497","0081.png","/立创·泰山派开发板资料/第09章.【立创·泰山派】项目案例/【智能小手机】项目资料/7.手机综合项目/图片素材/开机动画/竖屏/bootanimation/part0/0081.png","False","32969","cdcc0316bk0c5b1f83f35a73fb0f48e1","3","1715653033"
"755541347989942","0082.png","/立创·泰山派开发板资料/第09章.【立创·泰山派】项目案例/【智能小手机】项目资料/7.手机综合项目/图片素材/开机动画/竖屏/bootanimation/part0/0082.png","False","38272","54f88bcb4g2daa46a3de45b5515818b4","3","1715653033"
"33977221673441","0083.png","/立创·泰山派开发板资料/第09章.【立创·泰山派】项目案例/【智能小手机】项目资料/7.手机综合项目/图片素材/开机动画/竖屏/bootanimation/part0/0083.png","False","37412","2ea3c3b36lfdba5370ef628e4c3dfc04","3","1715653033"
"867787634666678","0084.png","/立创·泰山派开发板资料/第09章.【立创·泰山派】项目案例/【智能小手机】项目资料/7.手机综合项目/图片素材/开机动画/竖屏/bootanimation/part0/0084.png","False","33119","98dbcd230r6d26fb03b89474cab182ae","3","1715653033"
"365790824082516","0085.png","/立创·泰山派开发板资料/第09章.【立创·泰山派】项目案例/【智能小手机】项目资料/7.手机综合项目/图片素材/开机动画/竖屏/bootanimation/part0/0085.png","False","41686","89af0ee95iaf765e9250757ec9cc0320","3","1715653033"
"881610453319639","0086.png","/立创·泰山派开发板资料/第09章.【立创·泰山派】项目案例/【智能小手机】项目资料/7.手机综合项目/图片素材/开机动画/竖屏/bootanimation/part0/0086.png","False","39726","a4e4e625evdff704ee54b4200fc7da69","3","1715653033"
"989638587385212","0087.png","/立创·泰山派开发板资料/第09章.【立创·泰山派】项目案例/【智能小手机】项目资料/7.手机综合项目/图片素材/开机动画/竖屏/bootanimation/part0/0087.png","False","38047","68207708fiba54a0d31bb2897a82217c","3","1715653033"
"236107623443395","0088.png","/立创·泰山派开发板资料/第09章.【立创·泰山派】项目案例/【智能小手机】项目资料/7.手机综合项目/图片素材/开机动画/竖屏/bootanimation/part0/0088.png","False","37623","c02dd0adch9f5dc18c8744371cf2823a","3","1715653033"
"221207099549803","0089.png","/立创·泰山派开发板资料/第09章.【立创·泰山派】项目案例/【智能小手机】项目资料/7.手机综合项目/图片素材/开机动画/竖屏/bootanimation/part0/0089.png","False","35507","826982fa6j203376d20e43c7e2ae02df","3","1715653033"
"639687329702072","0090.png","/立创·泰山派开发板资料/第09章.【立创·泰山派】项目案例/【智能小手机】项目资料/7.手机综合项目/图片素材/开机动画/竖屏/bootanimation/part0/0090.png","False","37236","d138e4180r0dee7d44ef20fe6a906577","3","1715653033"
"637510813874568","0091.png","/立创·泰山派开发板资料/第09章.【立创·泰山派】项目案例/【智能小手机】项目资料/7.手机综合项目/图片素材/开机动画/竖屏/bootanimation/part0/0091.png","False","34219","f911aa6fbgeea691f7173a8efd577ea6","3","1715653033"
"944887172847448","0092.png","/立创·泰山派开发板资料/第09章.【立创·泰山派】项目案例/【智能小手机】项目资料/7.手机综合项目/图片素材/开机动画/竖屏/bootanimation/part0/0092.png","False","37485","67d2bd426h559d5115a538e272852ece","3","1715653033"
"96363728617073","0093.png","/立创·泰山派开发板资料/第09章.【立创·泰山派】项目案例/【智能小手机】项目资料/7.手机综合项目/图片素材/开机动画/竖屏/bootanimation/part0/0093.png","False","45428","79cdaa070od37f34c89c6edb10c02538","3","1715653033"
"362362374875599","0094.png","/立创·泰山派开发板资料/第09章.【立创·泰山派】项目案例/【智能小手机】项目资料/7.手机综合项目/图片素材/开机动画/竖屏/bootanimation/part0/0094.png","False","46365","8a7a6fce6s4c951258f7d5de75b9d48c","3","1715653033"
"721051142067619","0095.png","/立创·泰山派开发板资料/第09章.【立创·泰山派】项目案例/【智能小手机】项目资料/7.手机综合项目/图片素材/开机动画/竖屏/bootanimation/part0/0095.png","False","43731","8290b6b39gab4a6165cd1081e4280d9e","3","1715653033"
"367208710836157","0096.png","/立创·泰山派开发板资料/第09章.【立创·泰山派】项目案例/【智能小手机】项目资料/7.手机综合项目/图片素材/开机动画/竖屏/bootanimation/part0/0096.png","False","42987","b3c4f3170q8a5c9943f725fc18cb15a9","3","1715653033"
"410460049160696","0097.png","/立创·泰山派开发板资料/第09章.【立创·泰山派】项目案例/【智能小手机】项目资料/7.手机综合项目/图片素材/开机动画/竖屏/bootanimation/part0/0097.png","False","39395","6dd7408b6kd1503b4960980b1f2a638b","3","1715653033"
"527295452471178","0098.png","/立创·泰山派开发板资料/第09章.【立创·泰山派】项目案例/【智能小手机】项目资料/7.手机综合项目/图片素材/开机动画/竖屏/bootanimation/part0/0098.png","False","37912","bb5ffbc41i8e169a80d5f9e1def86840","3","1715653033"
"1102008475128555","0099.png","/立创·泰山派开发板资料/第09章.【立创·泰山派】项目案例/【智能小手机】项目资料/7.手机综合项目/图片素材/开机动画/竖屏/bootanimation/part0/0099.png","False","37017","b8f62508dm03aa3a1f60939193ab4711","3","1715653033"
"197022087613307","0100.png","/立创·泰山派开发板资料/第09章.【立创·泰山派】项目案例/【智能小手机】项目资料/7.手机综合项目/图片素材/开机动画/竖屏/bootanimation/part0/0100.png","False","39470","bc5cf1ea3lc28136886c84edfcfa6805","3","1715653033"
"653510530344123","0194.png","/立创·泰山派开发板资料/第09章.【立创·泰山派】项目案例/【智能小手机】项目资料/7.手机综合项目/图片素材/开机动画/竖屏/bootanimation/part1/0194.png","False","41045","5a04a8f21gee16559a8ad0dcd5c78279","3","1715653033"
"675949197520952","boot","/立创·泰山派开发板资料/第09章.【立创·泰山派】项目案例/【底部扩展板】项目资料/【底部39脚】4G_HUB2.0_ET100_HS扩展板/Android固件/20240620/补丁/kernel/arch/arm64/boot","True","0",,"6","1718932976"
"160994477408588","ethernet","/立创·泰山派开发板资料/第09章.【立创·泰山派】项目案例/【底部扩展板】项目资料/【底部39脚】4G_HUB2.0_ET100_HS扩展板/Android固件/20240620/补丁/kernel/drivers/net/ethernet","True","0",,"6","1718932976"
"434428778660601","dts","/立创·泰山派开发板资料/第09章.【立创·泰山派】项目案例/【底部扩展板】项目资料/【底部39脚】4G_HUB2.0_ET100_HS扩展板/Linux固件/补丁20240620/kernel/arch/arm64/boot/dts","True","0",,"6","1718881331"
"4567265287090","stmicro","/立创·泰山派开发板资料/第09章.【立创·泰山派】项目案例/【底部扩展板】项目资料/【底部39脚】4G_HUB2.0_ET100_HS扩展板/Linux固件/补丁20240620/kernel/drivers/net/ethernet/stmicro","True","0",,"6","1718881332"
"368718839222734","focaltech-ts.txt","/立创·泰山派开发板资料/第09章.【立创·泰山派】项目案例/【智能小手机】项目资料/7.手机综合项目/数据手册/3.1寸屏幕资料/触摸驱动/Focaltech_Touch_Driver_for_Qualcomm_V2.0_20170919(高通)/Focaltech_Touch_Driver_for_Qualcomm_V2.0_20170919/docs/focaltech-ts.txt","False","1926","57a0d1b6fqcae366f7b2a9c6e84061f8","4","1715653033"
"237163765752550","芯片驱动指导文档(高通)_v2.0_20170919.pdf","/立创·泰山派开发板资料/第09章.【立创·泰山派】项目案例/【智能小手机】项目资料/7.手机综合项目/数据手册/3.1寸屏幕资料/触摸驱动/Focaltech_Touch_Driver_for_Qualcomm_V2.0_20170919(高通)/Focaltech_Touch_Driver_for_Qualcomm_V2.0_20170919/docs/芯片驱动指导文档(高通)_v2.0_20170919.pdf","False","951995","13215e040ged2809ce52563c26ee2500","4","1715653033"
"851133975078793","focaltech_flash","/立创·泰山派开发板资料/第09章.【立创·泰山派】项目案例/【智能小手机】项目资料/7.手机综合项目/数据手册/3.1寸屏幕资料/触摸驱动/Focaltech_Touch_Driver_for_Qualcomm_V2.0_20170919(高通)/Focaltech_Touch_Driver_for_Qualcomm_V2.0_20170919/focaltech_touch/focaltech_flash","True","0",,"6","1715653033"
"590877922376041","focaltech_test","/立创·泰山派开发板资料/第09章.【立创·泰山派】项目案例/【智能小手机】项目资料/7.手机综合项目/数据手册/3.1寸屏幕资料/触摸驱动/Focaltech_Touch_Driver_for_Qualcomm_V2.0_20170919(高通)/Focaltech_Touch_Driver_for_Qualcomm_V2.0_20170919/focaltech_touch/focaltech_test","True","0",,"6","1715653033"
"435132225663490","include","/立创·泰山派开发板资料/第09章.【立创·泰山派】项目案例/【智能小手机】项目资料/7.手机综合项目/数据手册/3.1寸屏幕资料/触摸驱动/Focaltech_Touch_Driver_for_Qualcomm_V2.0_20170919(高通)/Focaltech_Touch_Driver_for_Qualcomm_V2.0_20170919/focaltech_touch/include","True","0",,"6","1715653033"
"567736817943537","focaltech_common.h","/立创·泰山派开发板资料/第09章.【立创·泰山派】项目案例/【智能小手机】项目资料/7.手机综合项目/数据手册/3.1寸屏幕资料/触摸驱动/Focaltech_Touch_Driver_for_Qualcomm_V2.0_20170919(高通)/Focaltech_Touch_Driver_for_Qualcomm_V2.0_20170919/focaltech_touch/focaltech_common.h","False","6451","255f3acceg5ad8b6ebc4cbab1ad965e0","6","1715653033"
"1101747301195444","focaltech_config.h","/立创·泰山派开发板资料/第09章.【立创·泰山派】项目案例/【智能小手机】项目资料/7.手机综合项目/数据手册/3.1寸屏幕资料/触摸驱动/Focaltech_Touch_Driver_for_Qualcomm_V2.0_20170919(高通)/Focaltech_Touch_Driver_for_Qualcomm_V2.0_20170919/focaltech_touch/focaltech_config.h","False","6526","85fe96aaahf9253752fe10efe034e1d5","6","1715653033"
"649639549178914","focaltech_core.c","/立创·泰山派开发板资料/第09章.【立创·泰山派】项目案例/【智能小手机】项目资料/7.手机综合项目/数据手册/3.1寸屏幕资料/触摸驱动/Focaltech_Touch_Driver_for_Qualcomm_V2.0_20170919(高通)/Focaltech_Touch_Driver_for_Qualcomm_V2.0_20170919/focaltech_touch/focaltech_core.c","False","48502","69c8f6504i434bdcb7093dc9bd6458f3","6","1715653033"
"833504921742719","focaltech_core.h","/立创·泰山派开发板资料/第09章.【立创·泰山派】项目案例/【智能小手机】项目资料/7.手机综合项目/数据手册/3.1寸屏幕资料/触摸驱动/Focaltech_Touch_Driver_for_Qualcomm_V2.0_20170919(高通)/Focaltech_Touch_Driver_for_Qualcomm_V2.0_20170919/focaltech_touch/focaltech_core.h","False","8084","5d917cbd7hdf2dfb3a153af0d3d5e80f","6","1715653033"
"951216143504090","focaltech_esdcheck.c","/立创·泰山派开发板资料/第09章.【立创·泰山派】项目案例/【智能小手机】项目资料/7.手机综合项目/数据手册/3.1寸屏幕资料/触摸驱动/Focaltech_Touch_Driver_for_Qualcomm_V2.0_20170919(高通)/Focaltech_Touch_Driver_for_Qualcomm_V2.0_20170919/focaltech_touch/focaltech_esdcheck.c","False","17859","0496958b6p7fade1e141181908bea24a","6","1715653033"
"89931292104847","focaltech_ex_fun.c","/立创·泰山派开发板资料/第09章.【立创·泰山派】项目案例/【智能小手机】项目资料/7.手机综合项目/数据手册/3.1寸屏幕资料/触摸驱动/Focaltech_Touch_Driver_for_Qualcomm_V2.0_20170919(高通)/Focaltech_Touch_Driver_for_Qualcomm_V2.0_20170919/focaltech_touch/focaltech_ex_fun.c","False","31654","5bf2dcdcaq19c7ac9108cc609ceb167c","6","1715653033"
"897974602659406","focaltech_ex_mode.c","/立创·泰山派开发板资料/第09章.【立创·泰山派】项目案例/【智能小手机】项目资料/7.手机综合项目/数据手册/3.1寸屏幕资料/触摸驱动/Focaltech_Touch_Driver_for_Qualcomm_V2.0_20170919(高通)/Focaltech_Touch_Driver_for_Qualcomm_V2.0_20170919/focaltech_touch/focaltech_ex_mode.c","False","12032","2580a137dp1724f4ca22b315a685d433","6","1715653033"
"187175599474642","focaltech_flash.c","/立创·泰山派开发板资料/第09章.【立创·泰山派】项目案例/【智能小手机】项目资料/7.手机综合项目/数据手册/3.1寸屏幕资料/触摸驱动/Focaltech_Touch_Driver_for_Qualcomm_V2.0_20170919(高通)/Focaltech_Touch_Driver_for_Qualcomm_V2.0_20170919/focaltech_touch/focaltech_flash.c","False","51148","a5dc78864p5bb7976c6d830afdded0d0","6","1715653033"
"763570917422546","focaltech_flash.h","/立创·泰山派开发板资料/第09章.【立创·泰山派】项目案例/【智能小手机】项目资料/7.手机综合项目/数据手册/3.1寸屏幕资料/触摸驱动/Focaltech_Touch_Driver_for_Qualcomm_V2.0_20170919(高通)/Focaltech_Touch_Driver_for_Qualcomm_V2.0_20170919/focaltech_touch/focaltech_flash.h","False","7239","9cc0eccf0g915d7d755013f5d9376cd7","6","1715653033"
"676213915255932","focaltech_gesture.c","/立创·泰山派开发板资料/第09章.【立创·泰山派】项目案例/【智能小手机】项目资料/7.手机综合项目/数据手册/3.1寸屏幕资料/触摸驱动/Focaltech_Touch_Driver_for_Qualcomm_V2.0_20170919(高通)/Focaltech_Touch_Driver_for_Qualcomm_V2.0_20170919/focaltech_touch/focaltech_gesture.c","False","20248","4df9352f5g85f60df454e4979d79579e","6","1715653033"
"730825039479150","focaltech_i2c.c","/立创·泰山派开发板资料/第09章.【立创·泰山派】项目案例/【智能小手机】项目资料/7.手机综合项目/数据手册/3.1寸屏幕资料/触摸驱动/Focaltech_Touch_Driver_for_Qualcomm_V2.0_20170919(高通)/Focaltech_Touch_Driver_for_Qualcomm_V2.0_20170919/focaltech_touch/focaltech_i2c.c","False","7539","f8e562b83i9caa35a2356b114e25cb5d","6","1715653033"
"210395603109937","focaltech_point_report_check.c","/立创·泰山派开发板资料/第09章.【立创·泰山派】项目案例/【智能小手机】项目资料/7.手机综合项目/数据手册/3.1寸屏幕资料/触摸驱动/Focaltech_Touch_Driver_for_Qualcomm_V2.0_20170919(高通)/Focaltech_Touch_Driver_for_Qualcomm_V2.0_20170919/focaltech_touch/focaltech_point_report_check.c","False","4310","fb2566199r3662853f92a3650920dd04","6","1715653033"
"775722915077484","Kconfig","/立创·泰山派开发板资料/第09章.【立创·泰山派】项目案例/【智能小手机】项目资料/7.手机综合项目/数据手册/3.1寸屏幕资料/触摸驱动/Focaltech_Touch_Driver_for_Qualcomm_V2.0_20170919(高通)/Focaltech_Touch_Driver_for_Qualcomm_V2.0_20170919/focaltech_touch/Kconfig","False","358","2dd3db779i45e14f63591d7050ed1161","6","1715653033"
"419366719243009","Makefile","/立创·泰山派开发板资料/第09章.【立创·泰山派】项目案例/【智能小手机】项目资料/7.手机综合项目/数据手册/3.1寸屏幕资料/触摸驱动/Focaltech_Touch_Driver_for_Qualcomm_V2.0_20170919(高通)/Focaltech_Touch_Driver_for_Qualcomm_V2.0_20170919/focaltech_touch/Makefile","False","653","d68b28830j47dc66736bddebdf691d4e","6","1715653033"
"204966042281221","dts","/立创·泰山派开发板资料/第09章.【立创·泰山派】项目案例/【底部扩展板】项目资料/【底部39脚】4G_HUB2.0_ET100_HS扩展板/Android固件/20240620/补丁/kernel/arch/arm64/boot/dts","True","0",,"6","1718932976"
"418996965778529","stmicro","/立创·泰山派开发板资料/第09章.【立创·泰山派】项目案例/【底部扩展板】项目资料/【底部39脚】4G_HUB2.0_ET100_HS扩展板/Android固件/20240620/补丁/kernel/drivers/net/ethernet/stmicro","True","0",,"6","1718932976"
"582138231277078","rockchip","/立创·泰山派开发板资料/第09章.【立创·泰山派】项目案例/【底部扩展板】项目资料/【底部39脚】4G_HUB2.0_ET100_HS扩展板/Linux固件/补丁20240620/kernel/arch/arm64/boot/dts/rockchip","True","0",,"6","1718881331"
"932783021724638","stmmac","/立创·泰山派开发板资料/第09章.【立创·泰山派】项目案例/【底部扩展板】项目资料/【底部39脚】4G_HUB2.0_ET100_HS扩展板/Linux固件/补丁20240620/kernel/drivers/net/ethernet/stmicro/stmmac","True","0",,"6","1718881334"
"554549772028816","focaltech_upgrade_ft5422u.c","/立创·泰山派开发板资料/第09章.【立创·泰山派】项目案例/【智能小手机】项目资料/7.手机综合项目/数据手册/3.1寸屏幕资料/触摸驱动/Focaltech_Touch_Driver_for_Qualcomm_V2.0_20170919(高通)/Focaltech_Touch_Driver_for_Qualcomm_V2.0_20170919/focaltech_touch/focaltech_flash/focaltech_upgrade_ft5422u.c","False","5072","07aa8f8c3u41da7666d90c0db2f512c3","6","1715653033"
"772553435505949","focaltech_upgrade_ft5822.c","/立创·泰山派开发板资料/第09章.【立创·泰山派】项目案例/【智能小手机】项目资料/7.手机综合项目/数据手册/3.1寸屏幕资料/触摸驱动/Focaltech_Touch_Driver_for_Qualcomm_V2.0_20170919(高通)/Focaltech_Touch_Driver_for_Qualcomm_V2.0_20170919/focaltech_touch/focaltech_flash/focaltech_upgrade_ft5822.c","False","4036","f1779ffafvfe7a941bc486eacc718492","6","1715653033"
"674301266922055","focaltech_upgrade_ft5x46.c","/立创·泰山派开发板资料/第09章.【立创·泰山派】项目案例/【智能小手机】项目资料/7.手机综合项目/数据手册/3.1寸屏幕资料/触摸驱动/Focaltech_Touch_Driver_for_Qualcomm_V2.0_20170919(高通)/Focaltech_Touch_Driver_for_Qualcomm_V2.0_20170919/focaltech_touch/focaltech_flash/focaltech_upgrade_ft5x46.c","False","4409","6d97b7343gb37d436357ea5db90693b8","6","1715653033"
"339870557874203","focaltech_upgrade_ft6336gu.c","/立创·泰山派开发板资料/第09章.【立创·泰山派】项目案例/【智能小手机】项目资料/7.手机综合项目/数据手册/3.1寸屏幕资料/触摸驱动/Focaltech_Touch_Driver_for_Qualcomm_V2.0_20170919(高通)/Focaltech_Touch_Driver_for_Qualcomm_V2.0_20170919/focaltech_touch/focaltech_flash/focaltech_upgrade_ft6336gu.c","False","9835","95372242cm35edc09b005a06fe369e57","6","1715653033"
"180928384124662","focaltech_upgrade_ft8006.c","/立创·泰山派开发板资料/第09章.【立创·泰山派】项目案例/【智能小手机】项目资料/7.手机综合项目/数据手册/3.1寸屏幕资料/触摸驱动/Focaltech_Touch_Driver_for_Qualcomm_V2.0_20170919(高通)/Focaltech_Touch_Driver_for_Qualcomm_V2.0_20170919/focaltech_touch/focaltech_flash/focaltech_upgrade_ft8006.c","False","31731","40ea8b9d6qe095b1bcf564a90a76837f","6","1715653033"
"234353427565059","focaltech_upgrade_ft8006u.c","/立创·泰山派开发板资料/第09章.【立创·泰山派】项目案例/【智能小手机】项目资料/7.手机综合项目/数据手册/3.1寸屏幕资料/触摸驱动/Focaltech_Touch_Driver_for_Qualcomm_V2.0_20170919(高通)/Focaltech_Touch_Driver_for_Qualcomm_V2.0_20170919/focaltech_touch/focaltech_flash/focaltech_upgrade_ft8006u.c","False","9260","f09e953ddgba1d6fe0894f439e45154b","6","1715653033"
"90362034076066","focaltech_upgrade_ft8606.c","/立创·泰山派开发板资料/第09章.【立创·泰山派】项目案例/【智能小手机】项目资料/7.手机综合项目/数据手册/3.1寸屏幕资料/触摸驱动/Focaltech_Touch_Driver_for_Qualcomm_V2.0_20170919(高通)/Focaltech_Touch_Driver_for_Qualcomm_V2.0_20170919/focaltech_touch/focaltech_flash/focaltech_upgrade_ft8606.c","False","4830","15fef5c99v34f674bd3b673124cfb53d","6","1715653033"
"48953189191690","focaltech_upgrade_ft8607.c","/立创·泰山派开发板资料/第09章.【立创·泰山派】项目案例/【智能小手机】项目资料/7.手机综合项目/数据手册/3.1寸屏幕资料/触摸驱动/Focaltech_Touch_Driver_for_Qualcomm_V2.0_20170919(高通)/Focaltech_Touch_Driver_for_Qualcomm_V2.0_20170919/focaltech_touch/focaltech_flash/focaltech_upgrade_ft8607.c","False","15166","5b3b56205r95358cd1737f265250a10e","6","1715653033"
"1112883116025090","focaltech_upgrade_ft8716.c","/立创·泰山派开发板资料/第09章.【立创·泰山派】项目案例/【智能小手机】项目资料/7.手机综合项目/数据手册/3.1寸屏幕资料/触摸驱动/Focaltech_Touch_Driver_for_Qualcomm_V2.0_20170919(高通)/Focaltech_Touch_Driver_for_Qualcomm_V2.0_20170919/focaltech_touch/focaltech_flash/focaltech_upgrade_ft8716.c","False","4247","3c85112cck60f21b1d2af69bfe0a30b1","6","1715653033"
"638492639304916","focaltech_upgrade_ft8736.c","/立创·泰山派开发板资料/第09章.【立创·泰山派】项目案例/【智能小手机】项目资料/7.手机综合项目/数据手册/3.1寸屏幕资料/触摸驱动/Focaltech_Touch_Driver_for_Qualcomm_V2.0_20170919(高通)/Focaltech_Touch_Driver_for_Qualcomm_V2.0_20170919/focaltech_touch/focaltech_flash/focaltech_upgrade_ft8736.c","False","4235","207b86232n0890f3880cf7d541f5bf58","6","1715653033"
"1036683881323005","Makefile","/立创·泰山派开发板资料/第09章.【立创·泰山派】项目案例/【智能小手机】项目资料/7.手机综合项目/数据手册/3.1寸屏幕资料/触摸驱动/Focaltech_Touch_Driver_for_Qualcomm_V2.0_20170919(高通)/Focaltech_Touch_Driver_for_Qualcomm_V2.0_20170919/focaltech_touch/focaltech_flash/Makefile","False","714","0e77d328cqad0d2063af10a1c61a8acf","6","1715653033"
"963677937010555","supported_ic","/立创·泰山派开发板资料/第09章.【立创·泰山派】项目案例/【智能小手机】项目资料/7.手机综合项目/数据手册/3.1寸屏幕资料/触摸驱动/Focaltech_Touch_Driver_for_Qualcomm_V2.0_20170919(高通)/Focaltech_Touch_Driver_for_Qualcomm_V2.0_20170919/focaltech_touch/focaltech_test/supported_ic","True","0",,"6","1715653033"
"764082054723333","focaltech_test.c","/立创·泰山派开发板资料/第09章.【立创·泰山派】项目案例/【智能小手机】项目资料/7.手机综合项目/数据手册/3.1寸屏幕资料/触摸驱动/Focaltech_Touch_Driver_for_Qualcomm_V2.0_20170919(高通)/Focaltech_Touch_Driver_for_Qualcomm_V2.0_20170919/focaltech_touch/focaltech_test/focaltech_test.c","False","21878","3c87ad986k99621ca416c862f5fad268","6","1715653033"
"509628826065561","focaltech_test.h","/立创·泰山派开发板资料/第09章.【立创·泰山派】项目案例/【智能小手机】项目资料/7.手机综合项目/数据手册/3.1寸屏幕资料/触摸驱动/Focaltech_Touch_Driver_for_Qualcomm_V2.0_20170919(高通)/Focaltech_Touch_Driver_for_Qualcomm_V2.0_20170919/focaltech_touch/focaltech_test/focaltech_test.h","False","11610","3b8f6de6dq25ed69ffbd2810085ad3a1","6","1715653033"
"514398794370108","focaltech_test_config.h","/立创·泰山派开发板资料/第09章.【立创·泰山派】项目案例/【智能小手机】项目资料/7.手机综合项目/数据手册/3.1寸屏幕资料/触摸驱动/Focaltech_Touch_Driver_for_Qualcomm_V2.0_20170919(高通)/Focaltech_Touch_Driver_for_Qualcomm_V2.0_20170919/focaltech_touch/focaltech_test/focaltech_test_config.h","False","2198","b1619b315i8d819a0a576f8f34b14490","6","1715653033"
"624724102279487","focaltech_test_detail_threshold.c","/立创·泰山派开发板资料/第09章.【立创·泰山派】项目案例/【智能小手机】项目资料/7.手机综合项目/数据手册/3.1寸屏幕资料/触摸驱动/Focaltech_Touch_Driver_for_Qualcomm_V2.0_20170919(高通)/Focaltech_Touch_Driver_for_Qualcomm_V2.0_20170919/focaltech_touch/focaltech_test/focaltech_test_detail_threshold.c","False","58360","9de776078k9aac2d5cdf202b62575429","6","1715653033"
"634853752183143","focaltech_test_detail_threshold.h","/立创·泰山派开发板资料/第09章.【立创·泰山派】项目案例/【智能小手机】项目资料/7.手机综合项目/数据手册/3.1寸屏幕资料/触摸驱动/Focaltech_Touch_Driver_for_Qualcomm_V2.0_20170919(高通)/Focaltech_Touch_Driver_for_Qualcomm_V2.0_20170919/focaltech_touch/focaltech_test/focaltech_test_detail_threshold.h","False","4756","6b94f9314u01d6ac2919819477480e3b","6","1715653033"
"251630581490238","focaltech_test_ini.c","/立创·泰山派开发板资料/第09章.【立创·泰山派】项目案例/【智能小手机】项目资料/7.手机综合项目/数据手册/3.1寸屏幕资料/触摸驱动/Focaltech_Touch_Driver_for_Qualcomm_V2.0_20170919(高通)/Focaltech_Touch_Driver_for_Qualcomm_V2.0_20170919/focaltech_touch/focaltech_test/focaltech_test_ini.c","False","26066","e192891ecl012f7a1d6e4b55f5eeb8fd","6","1715653033"
"282242924256236","focaltech_test_ini.h","/立创·泰山派开发板资料/第09章.【立创·泰山派】项目案例/【智能小手机】项目资料/7.手机综合项目/数据手册/3.1寸屏幕资料/触摸驱动/Focaltech_Touch_Driver_for_Qualcomm_V2.0_20170919(高通)/Focaltech_Touch_Driver_for_Qualcomm_V2.0_20170919/focaltech_touch/focaltech_test/focaltech_test_ini.h","False","2355","2bc1a59a8mbab9235cee8665269f473c","6","1715653033"
"792798093371236","Makefile","/立创·泰山派开发板资料/第09章.【立创·泰山派】项目案例/【智能小手机】项目资料/7.手机综合项目/数据手册/3.1寸屏幕资料/触摸驱动/Focaltech_Touch_Driver_for_Qualcomm_V2.0_20170919(高通)/Focaltech_Touch_Driver_for_Qualcomm_V2.0_20170919/focaltech_touch/focaltech_test/Makefile","False","310","798edf020k5295aa88941c2ca4087163","6","1715653033"
"955721501200472","firmware","/立创·泰山派开发板资料/第09章.【立创·泰山派】项目案例/【智能小手机】项目资料/7.手机综合项目/数据手册/3.1寸屏幕资料/触摸驱动/Focaltech_Touch_Driver_for_Qualcomm_V2.0_20170919(高通)/Focaltech_Touch_Driver_for_Qualcomm_V2.0_20170919/focaltech_touch/include/firmware","True","0",,"6","1715653033"
"448664535762684","pramboot","/立创·泰山派开发板资料/第09章.【立创·泰山派】项目案例/【智能小手机】项目资料/7.手机综合项目/数据手册/3.1寸屏幕资料/触摸驱动/Focaltech_Touch_Driver_for_Qualcomm_V2.0_20170919(高通)/Focaltech_Touch_Driver_for_Qualcomm_V2.0_20170919/focaltech_touch/include/pramboot","True","0",,"6","1715653033"
"387688127368673","rockchip","/立创·泰山派开发板资料/第09章.【立创·泰山派】项目案例/【底部扩展板】项目资料/【底部39脚】4G_HUB2.0_ET100_HS扩展板/Android固件/20240620/补丁/kernel/arch/arm64/boot/dts/rockchip","True","0",,"6","1718932976"
"1116323455425010","stmmac","/立创·泰山派开发板资料/第09章.【立创·泰山派】项目案例/【底部扩展板】项目资料/【底部39脚】4G_HUB2.0_ET100_HS扩展板/Android固件/20240620/补丁/kernel/drivers/net/ethernet/stmicro/stmmac","True","0",,"6","1718932977"
"1114290382867551","tspi-rk3566-user-v10-linux.dts","/立创·泰山派开发板资料/第09章.【立创·泰山派】项目案例/【底部扩展板】项目资料/【底部39脚】4G_HUB2.0_ET100_HS扩展板/Linux固件/补丁20240620/kernel/arch/arm64/boot/dts/rockchip/tspi-rk3566-user-v10-linux.dts","False","6262","c155efb1aj58af6cabb1b2a7bf9f6d82","6","1718881331"
"172635795234228","dwmac-rk-tool.c","/立创·泰山派开发板资料/第09章.【立创·泰山派】项目案例/【底部扩展板】项目资料/【底部39脚】4G_HUB2.0_ET100_HS扩展板/Linux固件/补丁20240620/kernel/drivers/net/ethernet/stmicro/stmmac/dwmac-rk-tool.c","False","35936","5de36d569va263637d2270b4ca10cf98","6","1718881332"
"593993300788777","Kconfig","/立创·泰山派开发板资料/第09章.【立创·泰山派】项目案例/【底部扩展板】项目资料/【底部39脚】4G_HUB2.0_ET100_HS扩展板/Linux固件/补丁20240620/kernel/drivers/net/ethernet/stmicro/stmmac/Kconfig","False","6812","2b38f482fu5c697a37a2e2a639a162b6","6","1718881332"
"305123822777567","stmmac.h","/立创·泰山派开发板资料/第09章.【立创·泰山派】项目案例/【底部扩展板】项目资料/【底部39脚】4G_HUB2.0_ET100_HS扩展板/Linux固件/补丁20240620/kernel/drivers/net/ethernet/stmicro/stmmac/stmmac.h","False","5932","3f8bb374ek755ab885a0eb9542151e50","6","1718881333"
"524715606163535","stmmac_main.c","/立创·泰山派开发板资料/第09章.【立创·泰山派】项目案例/【底部扩展板】项目资料/【底部39脚】4G_HUB2.0_ET100_HS扩展板/Linux固件/补丁20240620/kernel/drivers/net/ethernet/stmicro/stmmac/stmmac_main.c","False","132872","270ec3bfftbd14827d188e64687a77be","6","1718881334"
"397114031829150","focaltech_test_ft3c47.c","/立创·泰山派开发板资料/第09章.【立创·泰山派】项目案例/【智能小手机】项目资料/7.手机综合项目/数据手册/3.1寸屏幕资料/触摸驱动/Focaltech_Touch_Driver_for_Qualcomm_V2.0_20170919(高通)/Focaltech_Touch_Driver_for_Qualcomm_V2.0_20170919/focaltech_touch/focaltech_test/supported_ic/focaltech_test_ft3c47.c","False","111921","52ebde392v6c945fcd9fb04375615c38","6","1715653033"
"316892044462413","focaltech_test_ft3d47.c","/立创·泰山派开发板资料/第09章.【立创·泰山派】项目案例/【智能小手机】项目资料/7.手机综合项目/数据手册/3.1寸屏幕资料/触摸驱动/Focaltech_Touch_Driver_for_Qualcomm_V2.0_20170919(高通)/Focaltech_Touch_Driver_for_Qualcomm_V2.0_20170919/focaltech_touch/focaltech_test/supported_ic/focaltech_test_ft3d47.c","False","105323","fc34333cen2c40ed04dfbfd37cc2ac94","6","1715653033"
"5793242369767","focaltech_test_ft5822.c","/立创·泰山派开发板资料/第09章.【立创·泰山派】项目案例/【智能小手机】项目资料/7.手机综合项目/数据手册/3.1寸屏幕资料/触摸驱动/Focaltech_Touch_Driver_for_Qualcomm_V2.0_20170919(高通)/Focaltech_Touch_Driver_for_Qualcomm_V2.0_20170919/focaltech_touch/focaltech_test/supported_ic/focaltech_test_ft5822.c","False","76135","0400d25a7q378dba428e5049eec6190b","6","1715653033"
"464226812545836","focaltech_test_ft5x46.c","/立创·泰山派开发板资料/第09章.【立创·泰山派】项目案例/【智能小手机】项目资料/7.手机综合项目/数据手册/3.1寸屏幕资料/触摸驱动/Focaltech_Touch_Driver_for_Qualcomm_V2.0_20170919(高通)/Focaltech_Touch_Driver_for_Qualcomm_V2.0_20170919/focaltech_touch/focaltech_test/supported_ic/focaltech_test_ft5x46.c","False","102422","db653e5c8u77d6e05035817480a213eb","6","1715653033"
"170906189467641","focaltech_test_ft6x36.c","/立创·泰山派开发板资料/第09章.【立创·泰山派】项目案例/【智能小手机】项目资料/7.手机综合项目/数据手册/3.1寸屏幕资料/触摸驱动/Focaltech_Touch_Driver_for_Qualcomm_V2.0_20170919(高通)/Focaltech_Touch_Driver_for_Qualcomm_V2.0_20170919/focaltech_touch/focaltech_test/supported_ic/focaltech_test_ft6x36.c","False","73719","dab8935dfqf6dfff8fb1a703f8c01bc9","6","1715653033"
"694965818966492","focaltech_test_ft8006m.c","/立创·泰山派开发板资料/第09章.【立创·泰山派】项目案例/【智能小手机】项目资料/7.手机综合项目/数据手册/3.1寸屏幕资料/触摸驱动/Focaltech_Touch_Driver_for_Qualcomm_V2.0_20170919(高通)/Focaltech_Touch_Driver_for_Qualcomm_V2.0_20170919/focaltech_touch/focaltech_test/supported_ic/focaltech_test_ft8006m.c","False","48610","5cee0eb1fr3dc2ef58c33e2590a38d50","6","1715653033"
"754979057558810","focaltech_test_ft8006u.c","/立创·泰山派开发板资料/第09章.【立创·泰山派】项目案例/【智能小手机】项目资料/7.手机综合项目/数据手册/3.1寸屏幕资料/触摸驱动/Focaltech_Touch_Driver_for_Qualcomm_V2.0_20170919(高通)/Focaltech_Touch_Driver_for_Qualcomm_V2.0_20170919/focaltech_touch/focaltech_test/supported_ic/focaltech_test_ft8006u.c","False","52191","7c5ba4083uc5b0739aa7d690456aabba","6","1715653033"
"837721025559641","focaltech_test_ft8201.c","/立创·泰山派开发板资料/第09章.【立创·泰山派】项目案例/【智能小手机】项目资料/7.手机综合项目/数据手册/3.1寸屏幕资料/触摸驱动/Focaltech_Touch_Driver_for_Qualcomm_V2.0_20170919(高通)/Focaltech_Touch_Driver_for_Qualcomm_V2.0_20170919/focaltech_touch/focaltech_test/supported_ic/focaltech_test_ft8201.c","False","67871","5eda2691ai26bfb7becadadfd220e26f","6","1715653033"
"588830514378908","focaltech_test_ft8606.c","/立创·泰山派开发板资料/第09章.【立创·泰山派】项目案例/【智能小手机】项目资料/7.手机综合项目/数据手册/3.1寸屏幕资料/触摸驱动/Focaltech_Touch_Driver_for_Qualcomm_V2.0_20170919(高通)/Focaltech_Touch_Driver_for_Qualcomm_V2.0_20170919/focaltech_touch/focaltech_test/supported_ic/focaltech_test_ft8606.c","False","29814","a9cd83287tfe498af70a636131d9aa23","6","1715653033"
"921566974728824","focaltech_test_ft8607.c","/立创·泰山派开发板资料/第09章.【立创·泰山派】项目案例/【智能小手机】项目资料/7.手机综合项目/数据手册/3.1寸屏幕资料/触摸驱动/Focaltech_Touch_Driver_for_Qualcomm_V2.0_20170919(高通)/Focaltech_Touch_Driver_for_Qualcomm_V2.0_20170919/focaltech_touch/focaltech_test/supported_ic/focaltech_test_ft8607.c","False","52110","f5f332748nf2fcc3f25e070250ea1148","6","1715653033"
"625457021384699","focaltech_test_ft8716.c","/立创·泰山派开发板资料/第09章.【立创·泰山派】项目案例/【智能小手机】项目资料/7.手机综合项目/数据手册/3.1寸屏幕资料/触摸驱动/Focaltech_Touch_Driver_for_Qualcomm_V2.0_20170919(高通)/Focaltech_Touch_Driver_for_Qualcomm_V2.0_20170919/focaltech_touch/focaltech_test/supported_ic/focaltech_test_ft8716.c","False","56425","e29b7a4bfk0e7dedc9405690ddd4c7f8","6","1715653033"
"900548940174259","focaltech_test_ft8736.c","/立创·泰山派开发板资料/第09章.【立创·泰山派】项目案例/【智能小手机】项目资料/7.手机综合项目/数据手册/3.1寸屏幕资料/触摸驱动/Focaltech_Touch_Driver_for_Qualcomm_V2.0_20170919(高通)/Focaltech_Touch_Driver_for_Qualcomm_V2.0_20170919/focaltech_touch/focaltech_test/supported_ic/focaltech_test_ft8736.c","False","53379","4a4852030p524bbc28b4c1587ffac0f4","6","1715653033"
"990256777094101","focaltech_test_fte716.c","/立创·泰山派开发板资料/第09章.【立创·泰山派】项目案例/【智能小手机】项目资料/7.手机综合项目/数据手册/3.1寸屏幕资料/触摸驱动/Focaltech_Touch_Driver_for_Qualcomm_V2.0_20170919(高通)/Focaltech_Touch_Driver_for_Qualcomm_V2.0_20170919/focaltech_touch/focaltech_test/supported_ic/focaltech_test_fte716.c","False","32595","17a0a8e4cg53ec40357fa7fbef5473f1","6","1715653033"
"692138054712610","Makefile","/立创·泰山派开发板资料/第09章.【立创·泰山派】项目案例/【智能小手机】项目资料/7.手机综合项目/数据手册/3.1寸屏幕资料/触摸驱动/Focaltech_Touch_Driver_for_Qualcomm_V2.0_20170919(高通)/Focaltech_Touch_Driver_for_Qualcomm_V2.0_20170919/focaltech_touch/focaltech_test/supported_ic/Makefile","False","851","22f1fcfeej2ed8abb0b694e40dabd537","6","1715653033"
"61254914061301","fw_sample.i","/立创·泰山派开发板资料/第09章.【立创·泰山派】项目案例/【智能小手机】项目资料/7.手机综合项目/数据手册/3.1寸屏幕资料/触摸驱动/Focaltech_Touch_Driver_for_Qualcomm_V2.0_20170919(高通)/Focaltech_Touch_Driver_for_Qualcomm_V2.0_20170919/focaltech_touch/include/firmware/fw_sample.i","False","0","8e23f7635tb64136eddb0719602bc477","6","1715653033"
"786181049099074","FT8006U_Pramboot_V0.3_20170915.i","/立创·泰山派开发板资料/第09章.【立创·泰山派】项目案例/【智能小手机】项目资料/7.手机综合项目/数据手册/3.1寸屏幕资料/触摸驱动/Focaltech_Touch_Driver_for_Qualcomm_V2.0_20170919(高通)/Focaltech_Touch_Driver_for_Qualcomm_V2.0_20170919/focaltech_touch/include/pramboot/FT8006U_Pramboot_V0.3_20170915.i","False","12340","170a98687m0eaa0175910ca4e44914cc","6","1715653033"
"114810247764387","FT8006_Pramboot_V1.3_20170826.i","/立创·泰山派开发板资料/第09章.【立创·泰山派】项目案例/【智能小手机】项目资料/7.手机综合项目/数据手册/3.1寸屏幕资料/触摸驱动/Focaltech_Touch_Driver_for_Qualcomm_V2.0_20170919(高通)/Focaltech_Touch_Driver_for_Qualcomm_V2.0_20170919/focaltech_touch/include/pramboot/FT8006_Pramboot_V1.3_20170826.i","False","23348","b13a56f73o8b5f30dcb982f90dc4d1f8","6","1715653033"
"240475388527266","FT8606_Pramboot_V0.7_20150507.i","/立创·泰山派开发板资料/第09章.【立创·泰山派】项目案例/【智能小手机】项目资料/7.手机综合项目/数据手册/3.1寸屏幕资料/触摸驱动/Focaltech_Touch_Driver_for_Qualcomm_V2.0_20170919(高通)/Focaltech_Touch_Driver_for_Qualcomm_V2.0_20170919/focaltech_touch/include/pramboot/FT8606_Pramboot_V0.7_20150507.i","False","16038","a9e7dd658ocd8012821a40e981b86cd5","6","1715653033"
"549213822051988","FT8607_Pramboot_V0.6_20170526.i","/立创·泰山派开发板资料/第09章.【立创·泰山派】项目案例/【智能小手机】项目资料/7.手机综合项目/数据手册/3.1寸屏幕资料/触摸驱动/Focaltech_Touch_Driver_for_Qualcomm_V2.0_20170919(高通)/Focaltech_Touch_Driver_for_Qualcomm_V2.0_20170919/focaltech_touch/include/pramboot/FT8607_Pramboot_V0.6_20170526.i","False","20078","4e21e06e0n9c5585802f7f45742feff7","6","1715653033"
"366903318890049","FT8716_Pramboot_V0.9_20170525.i","/立创·泰山派开发板资料/第09章.【立创·泰山派】项目案例/【智能小手机】项目资料/7.手机综合项目/数据手册/3.1寸屏幕资料/触摸驱动/Focaltech_Touch_Driver_for_Qualcomm_V2.0_20170919(高通)/Focaltech_Touch_Driver_for_Qualcomm_V2.0_20170919/focaltech_touch/include/pramboot/FT8716_Pramboot_V0.9_20170525.i","False","23912","75e287737va41567614a4219b828d3f4","6","1715653033"
"472761470057889","FT8736_Pramboot_V0.5_20170526.i","/立创·泰山派开发板资料/第09章.【立创·泰山派】项目案例/【智能小手机】项目资料/7.手机综合项目/数据手册/3.1寸屏幕资料/触摸驱动/Focaltech_Touch_Driver_for_Qualcomm_V2.0_20170919(高通)/Focaltech_Touch_Driver_for_Qualcomm_V2.0_20170919/focaltech_touch/include/pramboot/FT8736_Pramboot_V0.5_20170526.i","False","19116","2511feec7hbd93eafb11036ea9ba00da","6","1715653033"
"742111502760435","tspi-rk3566-user-v10.dts","/立创·泰山派开发板资料/第09章.【立创·泰山派】项目案例/【底部扩展板】项目资料/【底部39脚】4G_HUB2.0_ET100_HS扩展板/Android固件/20240620/补丁/kernel/arch/arm64/boot/dts/rockchip/tspi-rk3566-user-v10.dts","False","6313","a3999f8aatca6e21496db8fd4cc4307a","6","1718932976"
"957010426334917","dwmac-rk-tool.c","/立创·泰山派开发板资料/第09章.【立创·泰山派】项目案例/【底部扩展板】项目资料/【底部39脚】4G_HUB2.0_ET100_HS扩展板/Android固件/20240620/补丁/kernel/drivers/net/ethernet/stmicro/stmmac/dwmac-rk-tool.c","False","35936","5de36d569va263637d2270b4ca10cf98","6","1718932976"
"116039912576689","Kconfig","/立创·泰山派开发板资料/第09章.【立创·泰山派】项目案例/【底部扩展板】项目资料/【底部39脚】4G_HUB2.0_ET100_HS扩展板/Android固件/20240620/补丁/kernel/drivers/net/ethernet/stmicro/stmmac/Kconfig","False","6008","c02f07a60ma7f9a7a2b5c96e99864329","6","1718932976"
"469462608333465","stmmac.h","/立创·泰山派开发板资料/第09章.【立创·泰山派】项目案例/【底部扩展板】项目资料/【底部39脚】4G_HUB2.0_ET100_HS扩展板/Android固件/20240620/补丁/kernel/drivers/net/ethernet/stmicro/stmmac/stmmac.h","False","5637","af545bf51s2897fc34b8ec5584913cd0","6","1718932977"
"226747879696524","stmmac_main.c","/立创·泰山派开发板资料/第09章.【立创·泰山派】项目案例/【底部扩展板】项目资料/【底部39脚】4G_HUB2.0_ET100_HS扩展板/Android固件/20240620/补丁/kernel/drivers/net/ethernet/stmicro/stmmac/stmmac_main.c","False","132577","38ab6fcf8hb950eec1408fa96d498d36","6","1718932977"
